song_index,file_name,mfcc_0,mfcc_1,mfcc_2,mfcc_3,mfcc_4,mfcc_5,mfcc_6,mfcc_7,mfcc_8,mfcc_9,mfcc_10,mfcc_11,mfcc_12,mfcc_13,mfcc_14,mfcc_15,mfcc_16,mfcc_17,mfcc_18,mfcc_19
0,Aiobahn - If We Never.mp3,12.474021911621094,66.62297821044922,-3.3155157566070557,15.708433151245117,2.934467315673828,6.2210798263549805,-2.6715548038482666,4.1940178871154785,-0.8665812611579895,4.100884914398193,-0.7709535360336304,0.9195374846458435,-1.2279928922653198,0.7982496619224548,-4.135926723480225,3.4246280193328857,-2.4683542251586914,2.256246566772461,-1.6146248579025269,3.110077381134033
1,Akano - Kamado Tanjirou no Uta (From -Demon Slayer Kimetsu no Yaiba-).mp3,-163.65557861328125,84.88184356689453,2.68707275390625,19.039949417114258,1.9348386526107788,2.5820980072021484,1.0638058185577393,-4.428648471832275,-2.580353260040283,0.6851155161857605,-7.262866497039795,2.9392647743225098,-8.27700138092041,-0.5751897096633911,-4.893347263336182,-0.11046433448791504,-0.13185910880565643,-1.1978330612182617,-2.5960264205932617,-1.627859354019165
2,Aminé - Charmander (Rome in Silver Remix).mp3,-89.66853332519531,102.9930419921875,2.3413009643554688,10.327127456665039,-0.9316238164901733,7.3797078132629395,-6.4360671043396,3.8374602794647217,0.40863701701164246,-2.9437758922576904,-5.069068908691406,-1.7139427661895752,-6.216936111450195,1.5170055627822876,1.6401509046554565,6.282883644104004,-0.30847862362861633,4.031836986541748,-0.7937418818473816,0.6811221241950989
3,Arctic Monkeys - I Wanna Be Yours_031228.mp3,-95.22330474853516,120.8040542602539,-23.40736198425293,14.94314193725586,-0.004172854125499725,4.224570274353027,7.730981826782227,11.99879264831543,-2.9984066486358643,6.223269939422607,0.5748738646507263,3.130526065826416,-2.3417298793792725,-0.0014988317852839828,-1.67268967628479,4.179901599884033,-2.988978862762451,3.0020015239715576,-1.0281182527542114,-4.914577007293701
4,Arctic Monkeys - One For The Road.mp3,-76.4049301147461,114.0255355834961,-17.137744903564453,18.508209228515625,4.3627119064331055,12.828810691833496,2.6680331230163574,8.464859962463379,-1.7469207048416138,3.037611246109009,-1.6691229343414307,4.35072135925293,-0.2193494588136673,2.1987249851226807,2.2081503868103027,4.68895959854126,-0.0880611315369606,2.4824047088623047,-4.982945442199707,0.43953579664230347
5,Arms Around You (ft. Lil Pump).mp3,-69.954833984375,93.46244812011719,17.969282150268555,13.414965629577637,8.718034744262695,7.375862121582031,3.015531539916992,7.759262561798096,-3.313734531402588,11.111391067504883,-1.961174488067627,5.539019584655762,0.040310803800821304,-0.9736443161964417,-2.1537718772888184,-1.3559081554412842,-7.298932075500488,-2.469102382659912,-7.6514410972595215,-3.6992952823638916
6,Belle - A Million Miles Away.mp3,-194.32421875,125.86177062988281,0.7045397162437439,16.38836669921875,1.841624140739441,-0.37327635288238525,4.819675445556641,-8.501852035522461,-2.462498664855957,-0.027795949950814247,-5.680773735046387,-1.724202036857605,-7.396545886993408,0.17148400843143463,-3.304081916809082,0.592848539352417,-3.7048802375793457,-0.9020002484321594,-4.129184722900391,4.095784664154053
7,Berywam - GIVE IT UP.mp3,-60.93994903564453,87.62711334228516,-0.4045553505420685,16.331096649169922,9.965518951416016,1.5428346395492554,-2.8839993476867676,7.964601039886475,-5.920536518096924,8.732311248779297,-4.349372863769531,0.954568088054657,0.16400133073329926,3.7726197242736816,-1.615944504737854,3.9629452228546143,-2.3534600734710693,5.933320999145508,-0.7002317309379578,3.055224895477295
8,Bicep - Opal.mp3,-174.61770629882812,85.92507934570312,18.1403751373291,30.082752227783203,7.424959182739258,17.657629013061523,6.773220539093018,8.272624015808105,6.472379207611084,7.551487445831299,-0.7269880175590515,2.207239866256714,10.120351791381836,10.881518363952637,3.246067762374878,8.566171646118164,-1.339798092842102,-3.367217540740967,-1.1647114753723145,4.403877258300781
9,Brian Tyler - The Invitation.mp3,-307.6728515625,157.23377990722656,45.402503967285156,26.477128982543945,16.925737380981445,16.018375396728516,8.447409629821777,5.756464004516602,6.210415363311768,6.030210018157959,2.833505868911743,1.8846521377563477,-0.7108612656593323,-0.0013308755587786436,-0.2751859426498413,2.503264904022217,4.026374340057373,4.559568881988525,0.4659139811992645,-0.001171971089206636
10,Camila Cabello - psychofreak (feat. WILLOW).mp3,-94.52386474609375,78.10712432861328,13.032245635986328,7.3655805587768555,-1.0557595491409302,-5.132176876068115,-2.378957986831665,-9.568316459655762,-0.8011542558670044,3.812925338745117,-0.3896900713443756,1.0408515930175781,-3.159325361251831,2.722982883453369,-3.18562650680542,2.751645803451538,-0.4115135371685028,1.9909698963165283,-4.252583980560303,1.152101993560791
11,Camille - Le Festin.mp3,-187.6149444580078,97.04216003417969,14.079025268554688,24.251033782958984,-0.429331511259079,9.442708015441895,8.77924633026123,-6.771100997924805,3.9701497554779053,4.268723487854004,-8.301644325256348,2.91402530670166,-2.6672704219818115,3.5321853160858154,1.0832667350769043,4.051943778991699,-2.046323299407959,1.9741171598434448,-0.9792050719261169,1.7610667943954468
12,Chris Lake - I Want You.mp3,-64.35577392578125,52.69104766845703,12.803508758544922,19.910369873046875,-0.8837642669677734,10.820394515991211,2.22747540473938,5.863195419311523,4.305514335632324,7.0504984855651855,-5.253036975860596,0.9858863353729248,-1.2650930881500244,5.236606597900391,-1.057359218597412,0.09974133968353271,-8.967028617858887,1.5215815305709839,-2.92206072807312,2.3926680088043213
13,Coldplay - Yellow.mp3,-65.45967864990234,84.80200958251953,-6.357750415802002,34.27745819091797,10.992939949035645,2.4043233394622803,0.034507784992456436,9.25912857055664,-2.5569491386413574,0.02263251505792141,-1.574123501777649,2.2036850452423096,-1.7473398447036743,-0.22959665954113007,-0.5486010313034058,1.2121944427490234,-8.422411918640137,-5.274699687957764,-6.02485990524292,-1.0125211477279663
14,Cospe - Sippin.mp3,-117.67292785644531,83.4408187866211,21.232553482055664,20.688640594482422,9.37923526763916,10.950865745544434,0.9916365742683411,2.910548210144043,-6.7149481773376465,-0.6220831274986267,-2.5929198265075684,1.7280877828598022,-2.1848344802856445,-2.902984142303467,-6.995944499969482,-1.3375990390777588,-3.494863748550415,3.0885238647460938,-1.5425264835357666,0.42324912548065186
15,Cospe - System Error.mp3,-147.8399200439453,99.7846908569336,-6.338413238525391,2.8482329845428467,-4.2563347816467285,4.094989776611328,-4.245177745819092,2.1562509536743164,-6.619542598724365,-1.6502691507339478,-2.277339458465576,1.3128383159637451,-0.32427331805229187,0.27075594663619995,-1.960565447807312,0.07552456110715866,-0.04381739720702171,3.5981807708740234,4.471438884735107,2.7679901123046875
16,Dave Rodgers - Deja Vu.mp3,-47.88420486450195,57.651031494140625,6.352365970611572,17.75516700744629,-0.9833478331565857,1.9191982746124268,3.2838127613067627,7.4916815757751465,-0.20961037278175354,9.623345375061035,-1.1717623472213745,7.360075950622559,-0.6552634835243225,4.138429164886475,0.9741836190223694,3.7962262630462646,-1.559752345085144,4.9179511070251465,-0.050115346908569336,4.657447814941406
17,Dave Rodgers - Gas Gas Gas.mp3,-38.01967239379883,65.28884887695312,1.5813157558441162,12.63204574584961,0.12698793411254883,5.223979949951172,-2.168469190597534,7.446500301361084,-2.1238691806793213,6.148099899291992,-0.8908859491348267,5.47371768951416,-0.39694488048553467,3.229707956314087,-0.05165265128016472,2.5195064544677734,-1.7598751783370972,1.702502965927124,-1.1897765398025513,4.043818950653076
18,Dave Rodgers - The Race Is Over.mp3,-3.0116665363311768,62.36871337890625,5.622706890106201,17.04380226135254,1.8382645845413208,5.37336540222168,-0.3081474304199219,5.063002109527588,-2.473931074142456,7.236704349517822,1.0406718254089355,4.6722187995910645,-1.592473030090332,2.284339666366577,-1.9225112199783325,2.0829126834869385,-0.22925511002540588,3.207709550857544,-1.8073642253875732,3.5128560066223145
19,DHLC.mp3,-48.82258987426758,74.60797119140625,-17.936676025390625,28.693504333496094,-4.838623046875,8.704147338867188,-4.561463832855225,3.3601808547973633,-5.102324962615967,7.077415466308594,-1.308441400527954,4.380375862121582,-1.935107946395874,1.401875376701355,-3.805263042449951,0.5469411611557007,-4.532918453216553,0.4109005331993103,-3.4149913787841797,0.512012779712677
20,Digitalism - Illusion.mp3,-44.4710693359375,64.15467071533203,-0.33999595046043396,12.676199913024902,-8.42844009399414,6.490044116973877,-5.6224589347839355,0.3803730905056,-3.015829563140869,8.183496475219727,-0.08053182065486908,0.27617326378822327,-2.687744617462158,4.011353015899658,-0.8489322066307068,3.541386127471924,0.5588842034339905,2.221827745437622,-3.4261574745178223,4.318562030792236
21,DJ KIMERA - CLOUD UP (Extended ver.).mp3,-78.96234130859375,99.91948699951172,3.1819796562194824,18.865461349487305,-6.112918376922607,8.274659156799316,3.594542980194092,5.985732078552246,-8.12405014038086,2.3830435276031494,-0.3550722002983093,-2.704514980316162,-5.5388712882995605,6.548954010009766,-0.5511645674705505,7.2714409828186035,1.9918456077575684,2.5063440799713135,1.8346498012542725,0.1275796741247177
22,Don Diablo - Gotta Let U Go.mp3,-60.37737274169922,122.00096893310547,-14.355280876159668,22.988597869873047,12.393505096435547,7.066751003265381,-3.58628511428833,9.3385009765625,-1.1916227340698242,5.855367183685303,0.9392417073249817,3.8170413970947266,-0.30083024501800537,3.0257863998413086,-0.8273059129714966,4.984522819519043,-0.2334848791360855,5.741129398345947,2.067153215408325,1.7372912168502808
23,Don Diablo - Momentum.mp3,-17.610851287841797,91.85585021972656,-10.662748336791992,21.747093200683594,11.312797546386719,9.630287170410156,-1.0755857229232788,9.570255279541016,-2.017340898513794,1.3690247535705566,0.8044341802597046,5.157416820526123,-1.1844955682754517,3.1053876876831055,-0.14002268016338348,5.099471569061279,5.075127124786377,8.959246635437012,0.46783915162086487,-0.309548944234848
24,Drake - Headlines.mp3,-104.5329818725586,116.83977508544922,6.488405704498291,14.46804428100586,8.336841583251953,1.3525214195251465,-6.950794696807861,2.2827565670013428,-3.5155909061431885,-0.04802662134170532,-0.5485778450965881,2.823577642440796,-1.4371036291122437,3.4919722080230713,-2.205686330795288,1.822450041770935,-2.9808266162872314,1.0341979265213013,-3.1579790115356445,-2.7955193519592285
25,Ekcle - Moonstone.mp3,-154.33236694335938,78.1558837890625,22.079544067382812,40.907039642333984,13.830582618713379,10.700849533081055,-3.4727261066436768,-0.9709473252296448,1.4138754606246948,1.7748146057128906,-3.0351405143737793,0.8813587427139282,-0.2014767974615097,-4.178422451019287,0.4794529676437378,1.4964916706085205,-1.9524545669555664,2.5509843826293945,-4.956496238708496,-0.3402023911476135
26,Emma Louise - Jungle.mp3,-150.77809143066406,123.33968353271484,22.3315486907959,13.874334335327148,17.68907928466797,3.3249125480651855,11.361571311950684,-3.5196073055267334,4.202451705932617,1.0374839305877686,-4.5244951248168945,-0.12673191726207733,-5.1135478019714355,4.4878997802734375,-2.4322092533111572,1.3737967014312744,-2.7600224018096924,-1.576492190361023,-6.925799369812012,-4.5518412590026855
27,Fever - Buckshot.mp3,10.925369262695312,84.86160278320312,9.838574409484863,13.448060035705566,8.913745880126953,8.232882499694824,0.5691484808921814,7.638769626617432,-0.9225422143936157,4.822637557983398,3.892547607421875,2.3496055603027344,0.7910827398300171,1.5302571058273315,-0.6909179091453552,2.345472812652588,-6.732091903686523,2.3729474544525146,-2.270298480987549,0.8372546434402466
28,Flume - Amber.mp3,-120.79537200927734,82.64083099365234,-9.326343536376953,20.31740379333496,6.9439287185668945,13.014117240905762,3.3347280025482178,10.165157318115234,2.351043224334717,5.3058977127075195,-0.756379246711731,4.25879430770874,1.8755602836608887,4.2443084716796875,2.0033395290374756,5.496068000793457,-0.2224077433347702,2.3988327980041504,-1.7434303760528564,0.8757924437522888
29,Flume - Daze 22.00.mp3,-52.22414016723633,131.89260864257812,-29.51091957092285,5.4316725730896,3.1477367877960205,-0.3674716353416443,-8.344929695129395,3.8354105949401855,-2.0353565216064453,3.0810799598693848,0.7861480712890625,5.76542329788208,1.9092196226119995,2.6980555057525635,-2.8423991203308105,-0.40526777505874634,-3.3068442344665527,-2.566598415374756,-3.16811203956604,2.2249279022216797
30,Flume - Dreamtime.mp3,-59.157222747802734,143.09127807617188,-38.521018981933594,-28.353614807128906,-10.41638469696045,-8.04407024383545,-9.920403480529785,-1.4786198139190674,0.45646363496780396,13.473444938659668,-3.0689432621002197,-5.390383720397949,-11.83884334564209,-5.403043746948242,-5.729190349578857,-0.1215214878320694,-2.4604971408843994,2.9345359802246094,-0.009876501746475697,2.828193426132202
33,Flume - Vitality.mp3,-16.130802154541016,79.9295883178711,-30.11139678955078,6.016333103179932,-8.706331253051758,5.174327850341797,-6.65290641784668,5.5553460121154785,0.43955910205841064,1.2798776626586914,-0.2718130350112915,6.4626994132995605,-2.826521396636963,0.587775468826294,-4.221593856811523,1.6393795013427734,-2.9419941902160645,5.0544610023498535,2.41351056098938,6.121635913848877
35,G4ItL9E15awb.128.mp3,-63.77998352050781,95.17366027832031,-16.318391799926758,24.69095802307129,-1.2693169116973877,7.280621528625488,-3.3354687690734863,2.1850011348724365,0.7588546872138977,2.7939655780792236,-2.9183499813079834,2.4610910415649414,2.3575010299682617,5.7224040031433105,0.22281602025032043,3.8174095153808594,0.9108064770698547,4.333186626434326,-1.956222653388977,0.4160606265068054
36,Gianluca Vacchi - Trump It my-free-mp3s.com .mp3,-38.47822570800781,29.348169326782227,-3.850996494293213,-5.463606834411621,0.2413090467453003,12.54514217376709,-6.062441825866699,6.910181522369385,-4.846631050109863,5.507338047027588,2.3337337970733643,8.924605369567871,2.2440402507781982,1.6932806968688965,-4.3973212242126465,-1.4795398712158203,-1.43674898147583,2.175907611846924,-4.685791492462158,0.9633874297142029
37,"Gianluca Vacchi, Luis Fonsi - Sigamos Bailando ft. Yandel.mp3",-57.122154235839844,65.04899597167969,8.358418464660645,19.869403839111328,4.996496200561523,11.232439994812012,-4.338200092315674,2.028473377227783,-2.4962925910949707,3.5235321521759033,-3.721163272857666,1.7379788160324097,2.284288167953491,3.7899255752563477,2.9988343715667725,4.358512878417969,-5.828108787536621,1.2776480913162231,-2.421950340270996,0.33590269088745117
38,Gigi Masin - Clouds.mp3,-293.98486328125,124.6856460571289,23.814430236816406,31.776935577392578,30.982358932495117,14.471817016601562,4.647854328155518,-2.4576032161712646,-1.120625615119934,-2.468977928161621,0.4369424879550934,-3.0444490909576416,-5.141536235809326,-5.271423816680908,-2.7309327125549316,-0.05567942187190056,-0.1845705211162567,-0.21695737540721893,1.6588529348373413,5.400125980377197
39,Gigo-'n-'Migo - It’ll Be Alright.mp3,12.186697959899902,57.87399673461914,-12.25551986694336,6.521071434020996,6.125422477722168,1.1546655893325806,-8.207035064697266,6.48344612121582,-7.618377208709717,6.00775671005249,-2.0651183128356934,2.4704575538635254,-1.7347521781921387,3.6392693519592285,-3.2903990745544434,1.2853423357009888,-1.821740984916687,1.8304063081741333,-0.8310973048210144,1.5182217359542847
40,Glacier - Still.mp3,-62.35271072387695,89.26032257080078,-4.486330032348633,14.025374412536621,-7.673202037811279,2.8129663467407227,-3.130216360092163,3.231860876083374,-2.079336166381836,4.228944301605225,-0.4450094699859619,4.402224063873291,0.2526203691959381,3.7401866912841797,-0.18039830029010773,3.2396042346954346,-0.11198914796113968,1.0641670227050781,-0.6669748425483704,2.25311017036438
41,Golden Vessel - Jersey City.mp3,-151.34336853027344,126.3716812133789,2.031853199005127,25.031837463378906,11.41919994354248,4.140740394592285,-2.176323652267456,-4.791184425354004,-7.464491844177246,-4.266713619232178,-4.163189888000488,-4.515696048736572,-1.9595779180526733,-3.0450804233551025,-0.6961570978164673,0.6657679677009583,-2.0197503566741943,3.5547311305999756,2.186933755874634,3.2455551624298096
42,Golden Vessel - Shoulders.mp3,-120.69927978515625,88.96204376220703,9.933935165405273,33.517494201660156,7.789063453674316,14.771256446838379,2.7023141384124756,7.90335750579834,-3.519181728363037,6.7711639404296875,-2.1339967250823975,-2.6985440254211426,-2.388409376144409,-0.09850656986236572,-2.59794545173645,1.284140706062317,-4.170418739318848,-0.3079594075679779,-1.9225801229476929,0.5699489712715149
43,Golden Vessel - Tell the-Girl.mp3,-114.71328735351562,106.872314453125,23.24392318725586,17.178882598876953,9.656198501586914,2.225296974182129,-4.611553192138672,0.7957664132118225,-10.509121894836426,2.849022626876831,-5.989798069000244,-1.5993053913116455,-7.627659797668457,-0.9196674227714539,-1.897778868675232,-1.651092767715454,-5.890627861022949,1.3574734926223755,-5.301034927368164,-2.4106669425964355
44,Golden Vessel - that-'s us.mp3,-139.70526123046875,117.90067291259766,-2.306509017944336,14.354249000549316,4.362569808959961,6.4438300132751465,-2.511967182159424,-2.5307435989379883,-6.488205909729004,-1.4155693054199219,-2.9445910453796387,-2.7838621139526367,-4.380146026611328,-1.7421388626098633,-2.5711469650268555,0.8987491130828857,-2.638683319091797,0.9104392528533936,-2.878671884536743,-3.4701926708221436
45,Gotye - Somebody That I Used To Know.mp3,-138.27598571777344,122.81471252441406,10.13350772857666,34.22624588012695,10.596426963806152,15.131719589233398,6.699559211730957,4.381678581237793,-1.7838349342346191,2.705390453338623,-1.425978422164917,1.9439462423324585,-6.433717727661133,1.7172092199325562,-1.0276215076446533,1.8555021286010742,-2.852733850479126,-0.19031302630901337,-0.6178125739097595,0.7983171939849854
46,Grandson - Blood Water.mp3,-30.788341522216797,50.265830993652344,1.2758781909942627,21.56640625,2.555243492126465,9.7678861618042,5.226919174194336,5.199493408203125,0.23834313452243805,6.339178562164307,-0.6172163486480713,7.285688400268555,0.6992068290710449,3.5243213176727295,-0.7975620627403259,4.9222307205200195,-1.6210858821868896,4.875470161437988,0.30009156465530396,3.6479239463806152
47,grant - Better Off Alone.mp3,-47.47072982788086,86.11344146728516,13.02888298034668,24.456205368041992,5.859036922454834,8.979695320129395,-3.9356367588043213,4.339499473571777,-2.5581107139587402,-0.5926133990287781,0.8131442070007324,1.8913930654525757,-1.6223206520080566,1.9710663557052612,-0.7972237467765808,3.4239580631256104,-2.3071882724761963,-0.7099345326423645,-3.1620891094207764,0.6699154376983643
48,Grape Milk - Freedom and regret.mp3,-109.98429107666016,141.8591766357422,0.6786866784095764,19.2342472076416,1.194097876548767,-0.6311529278755188,-5.007595062255859,-2.100372314453125,-7.6757917404174805,-0.5904341340065002,-5.50094747543335,-5.029239654541016,-3.24420428276062,0.06509246677160263,-0.7835966944694519,0.06353449821472168,-0.8819441795349121,1.522925615310669,-2.2655954360961914,-1.6448123455047607
49,Grape Milk - seen before heard.mp3,-239.629638671875,111.09635162353516,4.8683180809021,12.806374549865723,4.404747486114502,-6.994136810302734,-7.191341400146484,-5.259875297546387,-9.273844718933105,-5.2736124992370605,-7.4386491775512695,-5.431587219238281,-5.818865776062012,-5.477803707122803,-3.2717835903167725,-2.7833375930786133,-4.719785213470459,-1.9804375171661377,-3.799100637435913,-2.662814140319824
50,Greyhat - For U And I.mp3,-84.02349853515625,109.1405258178711,14.54655933380127,14.680375099182129,3.0177149772644043,4.803890705108643,-0.4013429582118988,1.8435583114624023,-3.958035707473755,3.5491039752960205,-3.463202476501465,1.491686224937439,-2.966851234436035,-2.092573881149292,-4.927844524383545,2.667760133743286,-2.822047710418701,-0.06252706050872803,-1.7975544929504395,0.3153974413871765
51,Gym Class Heroes Stereo Hearts ft. Adam Levine [OFFICIAL VIDEO].mp3,-34.28567886352539,69.61744689941406,-4.70393180847168,16.955074310302734,1.1340062618255615,2.8440089225769043,-4.872874736785889,5.869466781616211,0.3371219336986542,5.221035003662109,-4.464938640594482,3.49654221534729,-1.5114141702651978,1.328279972076416,1.699955701828003,3.9287662506103516,-2.1754753589630127,5.338958263397217,-2.191605806350708,1.7092959880828857
52,Habstrakt - About You.mp3,-77.02032470703125,95.44506072998047,-16.06180763244629,21.823923110961914,1.6112738847732544,10.767962455749512,0.9639343619346619,5.031887531280518,1.2474651336669922,4.3524065017700195,-0.3712608218193054,2.685814142227173,-1.887863039970398,-0.07736198604106903,-1.7666082382202148,2.4546103477478027,-0.23114342987537384,0.93156498670578,-2.2805941104888916,1.516056776046753
53,Habstrakt - All Night.mp3,-54.76201629638672,84.89054870605469,1.875041127204895,13.122295379638672,7.976844787597656,12.881905555725098,1.5897241830825806,13.099079132080078,3.992112398147583,3.9442555904388428,0.7617971897125244,4.819000244140625,-2.0118865966796875,3.5000195503234863,-1.526328682899475,4.417144298553467,0.08589310944080353,1.3585861921310425,-1.7437958717346191,1.3761327266693115
54,Habstrakt - De la street.mp3,-25.744924545288086,57.505794525146484,-15.439306259155273,17.03879165649414,-1.8200595378875732,6.608587741851807,-1.8872696161270142,5.24749755859375,-2.2489473819732666,2.8114659786224365,-3.9337353706359863,2.4374616146087646,-3.055661201477051,0.5294629335403442,-4.30930757522583,0.5672409534454346,-3.2701594829559326,0.8862757682800293,-4.054749488830566,0.9918463826179504
55,Habstrakt - Infinite.mp3,-10.182595252990723,78.12285614013672,-9.16885757446289,14.684306144714355,-2.990647554397583,11.459275245666504,-0.8085920214653015,6.581637859344482,-0.3524768352508545,4.988459587097168,-0.30758151412010193,6.088852882385254,0.16945971548557281,4.867585182189941,-0.7407888770103455,4.2135329246521,-0.8335396647453308,2.8393239974975586,-0.48660942912101746,4.831600666046143
56,Habstrakt - Lasagne.mp3,-7.22803258895874,49.934200286865234,-14.240845680236816,23.237133026123047,1.0068719387054443,11.894160270690918,1.0904256105422974,6.56004524230957,2.081449270248413,8.980276107788086,0.835364580154419,2.731684684753418,-5.027595043182373,0.4524909257888794,0.24542251229286194,4.603470325469971,1.2372360229492188,8.196130752563477,2.602304220199585,0.442129909992218
57,Habstrakt - The One.mp3,-29.293827056884766,75.66388702392578,-21.008716583251953,23.401615142822266,6.887236595153809,14.967495918273926,1.573948621749878,8.926109313964844,1.2689135074615479,5.5400519371032715,-1.7878135442733765,-0.15816551446914673,-1.6926645040512085,2.7981507778167725,-1.842619776725769,4.648561954498291,1.145664930343628,2.8554415702819824,-1.4313069581985474,2.3047688007354736
58,Habstrakt - Vibin.mp3,-28.563858032226562,53.81663513183594,-11.483671188354492,15.523896217346191,5.308326721191406,16.08338737487793,0.7069182991981506,6.281548500061035,-1.867223858833313,5.990524768829346,-0.7363904118537903,1.9297959804534912,-2.969557523727417,1.103055715560913,-0.2770804762840271,6.1543145179748535,-0.43999648094177246,2.280012607574463,-3.6813786029815674,1.387864351272583
59,Habstrakt - Ya Think.mp3,-60.01118850708008,61.046077728271484,2.1233062744140625,26.87070655822754,5.604674339294434,12.773465156555176,4.017483234405518,7.1137166023254395,-1.979848861694336,4.698148727416992,4.71913480758667,4.9471330642700195,-1.5087392330169678,1.4638646841049194,0.6054250001907349,5.065054416656494,-0.516487181186676,2.977588653564453,-0.38077372312545776,6.29802942276001
60,Hal Walker - Khaen Rock.mp3,-135.41746520996094,140.58261108398438,-54.47178649902344,9.679136276245117,-13.859219551086426,1.7301759719848633,-5.922948360443115,-5.884051322937012,-10.549991607666016,-4.5004987716674805,-6.199154376983643,5.816549777984619,3.598578453063965,10.838902473449707,7.607797145843506,8.423417091369629,0.2741160988807678,-1.0052638053894043,2.4428446292877197,4.914556980133057
61,Halder - 365.mp3,-81.03687286376953,86.45977783203125,3.437579870223999,8.824432373046875,-9.167462348937988,4.538402557373047,-8.000974655151367,3.5042977333068848,-3.301644802093506,4.475326061248779,2.227790355682373,7.322824478149414,-0.3688904643058777,1.676569938659668,-0.31215792894363403,6.534969329833984,4.2078070640563965,10.04111099243164,4.493785858154297,7.439971446990967
62,Halder - i do.mp3,-24.26120376586914,90.24312591552734,-10.436219215393066,12.429868698120117,-4.169620037078857,0.11863621324300766,-5.289130210876465,-3.6356279850006104,-8.395161628723145,-1.4904073476791382,-7.508501052856445,-2.555091619491577,-9.445672988891602,-5.7202863693237305,-6.820024490356445,-0.11395219713449478,-3.9253933429718018,1.0723466873168945,-1.8111019134521484,2.8929154872894287
63,Halder - in my head .mp3,-46.19186782836914,102.40861511230469,-6.372051239013672,16.783397674560547,-1.657483458518982,3.9091637134552,-3.131272077560425,3.470093011856079,-0.7414122819900513,5.494450569152832,-4.638462543487549,-2.251274824142456,-4.504855155944824,-0.0427839420735836,-1.3663239479064941,2.956066846847534,-0.5869149565696716,2.892895460128784,-4.698070049285889,-1.1965805292129517
64,Halder - okay.mp3,-74.52182006835938,87.1513900756836,-5.865828990936279,15.845196723937988,-4.447087287902832,4.728336334228516,-5.937572479248047,1.6348901987075806,-5.069581031799316,-3.5962820053100586,-4.006738185882568,0.06451442837715149,-6.948458671569824,-0.8924365639686584,-8.834761619567871,-2.2868237495422363,-4.892160892486572,0.6200884580612183,-0.9638425707817078,0.9392493963241577
65,Halder - Sippin-'.mp3,-64.32334899902344,78.75238037109375,0.12364932894706726,9.527104377746582,-7.315552234649658,2.755603790283203,-7.288150310516357,-0.5070398449897766,-5.811262607574463,-0.2062341421842575,-4.067896842956543,0.9889044761657715,-3.2457525730133057,0.31703463196754456,-5.615561485290527,0.13602560758590698,-4.123854637145996,0.07907935976982117,-3.9044618606567383,0.5852790474891663
66,Hallman - Talk About my-free-mp3s.com .mp3,-43.643280029296875,79.48477935791016,3.7193078994750977,6.077024459838867,-4.183711051940918,8.199557304382324,-3.3170669078826904,-0.886103630065918,-3.7604856491088867,0.6368889212608337,1.7933393716812134,10.139456748962402,2.8329451084136963,-2.3759565353393555,-7.8778977394104,-1.5197629928588867,-4.918177604675293,-0.8134815692901611,-5.245489597320557,-2.773203134536743
67,Halsey - Graveyard.mp3,-91.11709594726562,101.85541534423828,2.2689623832702637,21.20482635498047,8.058049201965332,5.26022481918335,11.786629676818848,-8.418192863464355,9.675581932067871,-3.0594308376312256,-0.7601417303085327,-0.4527321755886078,-8.438569068908691,4.524279594421387,-4.747185707092285,-3.215327024459839,-4.790439128875732,1.235811710357666,-7.027400970458984,6.483595848083496
68,Halsey - Nightmare my-free-mp3s.com .mp3,-81.0634994506836,85.2652359008789,-6.321250915527344,21.4003963470459,3.7004878520965576,4.480720520019531,0.8040067553520203,4.445178031921387,2.566129684448242,0.3592630922794342,-1.7864612340927124,4.36367654800415,-4.2604804039001465,6.697770595550537,-3.4859044551849365,-0.17756050825119019,-3.4153201580047607,-2.084652900695801,-4.820882320404053,1.392333745956421
69,Hans Zimmer - Cornfield Chase.mp3,-258.0138244628906,147.31150817871094,2.8869760036468506,28.275842666625977,2.3684980869293213,2.8226332664489746,-1.01296067237854,-1.7462209463119507,-2.4647157192230225,-2.0824131965637207,-5.285366058349609,2.066833734512329,1.862798810005188,2.073770761489868,0.16914764046669006,1.189959168434143,-3.3229429721832275,-1.0088725090026855,-1.8902902603149414,2.9937820434570312
70,Happy - Pharrell Williams (Original + Lyrics) HD.mp3,-68.82538604736328,75.18647766113281,28.31217384338379,18.769561767578125,13.455011367797852,-1.2498712539672852,-4.2634735107421875,6.253341197967529,-2.069365978240967,-1.9510650634765625,-7.029215335845947,4.249778747558594,-6.578256607055664,-1.4108099937438965,-0.2713855803012848,0.11725747585296631,-4.37250280380249,3.7820799350738525,-1.1422193050384521,4.931401252746582
71,Hardwell & Dannic feat. Kelli-Leigh - Chase The Sun my-free-mp3s.com .mp3,13.12755298614502,71.26213073730469,6.3385009765625,13.314653396606445,4.229043960571289,6.881110668182373,-0.9617587327957153,4.361431121826172,-3.5356979370117188,3.880066394805908,-6.612093448638916,1.2984369993209839,-0.08138119429349899,4.592497825622559,2.5336382389068604,5.111073017120361,-0.3980278968811035,2.2142174243927,-3.510612964630127,0.44227975606918335
72,Hardwell - Bella Ciao.mp3,-15.069222450256348,67.47516632080078,-7.494490146636963,14.003896713256836,7.893545627593994,15.133926391601562,6.7492241859436035,11.187225341796875,1.4928393363952637,7.231089115142822,3.110910177230835,3.977818012237549,0.14516840875148773,3.2585127353668213,-0.6735355257987976,4.9290313720703125,0.291544646024704,4.039773941040039,3.098428249359131,5.350144863128662
73,Hardwell - Power.mp3,-2.2640395164489746,59.110782623291016,-3.903156280517578,11.905136108398438,9.545080184936523,12.058222770690918,2.4663631916046143,8.647093772888184,-1.0514562129974365,4.746057987213135,2.328895092010498,5.812684535980225,-0.7963729500770569,2.9499104022979736,-1.1463754177093506,0.5842893123626709,-2.6174428462982178,1.9164618253707886,-1.4482781887054443,3.7063581943511963
74,Hardwell feat. Trevor Guthrie - Summer Air my-free-mp3s.com .mp3,-75.67607879638672,76.0394058227539,4.571584701538086,7.596596717834473,5.289454460144043,1.115241527557373,-2.755603313446045,2.5776889324188232,-4.5622053146362305,-0.16161686182022095,-7.335921287536621,1.4246866703033447,-4.295715808868408,-1.646114706993103,-0.8079938888549805,-0.9175738096237183,-5.63723087310791,2.5726165771484375,-3.7391512393951416,2.2018179893493652
75,Harry Styles - As It Was.mp3,-44.40975570678711,116.09974670410156,7.1755266189575195,13.872568130493164,6.66464376449585,2.0383403301239014,-2.7563695907592773,5.486441612243652,-0.6993840336799622,-0.8293624520301819,-1.9204639196395874,0.1915251761674881,-2.5609219074249268,1.9415526390075684,-1.1323566436767578,2.4547696113586426,1.053326964378357,4.6725945472717285,-3.2530410289764404,-0.5437909960746765
76,Harry Styles - Lights Up.mp3,-103.55366516113281,90.04673767089844,-4.092604637145996,10.600468635559082,0.20096983015537262,6.616372108459473,-1.5878312587738037,4.802104473114014,-5.154726028442383,5.942834854125977,-1.5401774644851685,0.4183855354785919,-3.1917121410369873,-1.0411349534988403,-1.9010353088378906,-1.60944402217865,-3.498552083969116,0.26677024364471436,-5.774396896362305,1.4077237844467163
77,Hartebees - Summer Go my-free-mp3s.com .mp3,-83.41548156738281,81.187255859375,-2.1316208839416504,9.60270881652832,-2.408834457397461,5.293562889099121,-1.7264525890350342,1.1776347160339355,-7.413959503173828,-0.2043488770723343,-8.50585651397705,-0.34289222955703735,-4.702010154724121,-0.7095796465873718,-5.264512062072754,-0.9527156352996826,-3.1113576889038086,-0.18816274404525757,-3.3851053714752197,1.2785704135894775
78,Hatsune Miku - World is Mine my-free-mp3s.com .mp3,17.00708770751953,68.17020416259766,-9.906246185302734,29.644195556640625,12.327481269836426,-1.6328579187393188,7.525422096252441,-1.8316681385040283,3.8143200874328613,0.3451674282550812,-7.214267253875732,0.7306170463562012,-2.5220701694488525,-0.6989274621009827,-2.653317451477051,-1.6283572912216187,-4.996400833129883,-1.5387383699417114,-4.645141124725342,0.5938834547996521
79,Headhunterz & Crystal Lake - Live Your Life (Original Mix) my-free-mp3s.com .mp3,-24.024417877197266,51.52859115600586,4.861620903015137,18.572738647460938,4.773796081542969,11.497857093811035,-1.62509286403656,3.308431625366211,-3.549450397491455,5.7355523109436035,2.3083205223083496,5.584626197814941,-1.3952733278274536,3.5794239044189453,-0.33036255836486816,2.7618625164031982,-1.6494879722595215,3.135291814804077,-1.1730611324310303,3.268615245819092
80,Headhunterz & Skytech - Kundalini my-free-mp3s.com .mp3,3.7412283420562744,59.384788513183594,-16.995351791381836,-1.0797358751296997,-3.396143913269043,3.179004430770874,-3.577899932861328,5.103951930999756,-5.777935981750488,2.733976364135742,-3.229140281677246,0.5339867472648621,-2.6820943355560303,3.4615378379821777,-2.0381879806518555,2.9969005584716797,-1.1325347423553467,1.3297686576843262,-1.6739829778671265,1.149245262145996
81,Headhunterz - Dragonborn (Original Mix).mp3,10.568380355834961,79.62691497802734,9.294855117797852,11.299943923950195,-2.894806146621704,5.169952392578125,-5.885776042938232,3.7000904083251953,-1.5854936838150024,5.035445690155029,0.4364422559738159,4.662123203277588,-1.1718411445617676,3.4454703330993652,-1.8886302709579468,1.7167426347732544,-1.842692255973816,1.5505751371383667,-1.1002156734466553,2.4759011268615723
82,Hentai Xander - in heat. (instrumental) (𝖘𝖑𝖔𝖜𝖊𝖉 + 𝖗𝖊𝖛𝖊𝖗𝖇).mp3,-218.17752075195312,156.9375,-11.685115814208984,38.84921646118164,-5.747559070587158,11.452263832092285,-0.5763071775436401,-4.288114070892334,-4.848144054412842,-1.6099746227264404,-0.40252941846847534,3.6446585655212402,4.844024658203125,6.323767185211182,4.764002323150635,1.3731746673583984,-3.3946003913879395,-2.640226364135742,-1.8115472793579102,0.5354594588279724
83,HENTAI XANDER - in heat..mp3,-79.5809097290039,80.66069030761719,6.246212959289551,9.762980461120605,-0.7776570320129395,-3.9237143993377686,-14.351837158203125,-6.691827297210693,-9.187969207763672,0.6117948293685913,-1.3199704885482788,1.8356269598007202,-4.344088077545166,1.1892763376235962,-3.889634132385254,-1.537805438041687,-2.311284303665161,2.7816030979156494,-5.270763397216797,0.09689952433109283
84,Herobust - Blockbuster.mp3,3.8816840648651123,67.207275390625,1.2034075260162354,11.825921058654785,8.381126403808594,12.836836814880371,-4.28705358505249,9.645869255065918,-0.142098531126976,2.0264439582824707,2.1758151054382324,5.704220294952393,-2.429436445236206,6.200565814971924,1.4096167087554932,4.925589561462402,2.593878746032715,2.7983179092407227,-2.367365598678589,2.990229845046997
85,Herobust - Bottle Swervice.mp3,-31.413589477539062,51.62100601196289,-5.165173530578613,13.48710823059082,0.7051927447319031,8.113730430603027,0.31581446528434753,5.178784370422363,-3.890108346939087,0.6182231307029724,5.275986194610596,11.771120071411133,-1.6682463884353638,4.519832134246826,-3.6901044845581055,3.5143227577209473,-1.012834072113037,3.0114166736602783,-2.005808115005493,4.799963474273682
86,Herobust - Dumb Lit.mp3,-57.197959899902344,36.23458480834961,-8.636265754699707,8.865635871887207,-2.4303221702575684,7.638882160186768,1.9040718078613281,6.696394443511963,-2.3623104095458984,3.9518182277679443,0.34142664074897766,4.348893642425537,0.9798383712768555,4.296360015869141,1.2318638563156128,5.082620620727539,0.36440014839172363,4.128792762756348,1.104719638824463,3.0703346729278564
87,Herobust - Move Mint my-free-mp3s.com .mp3,-9.475379943847656,65.76021575927734,-11.367029190063477,18.554061889648438,3.98126220703125,15.654232025146484,4.775692939758301,14.040255546569824,1.6310328245162964,5.529731750488281,-0.5934247374534607,5.661531925201416,1.5515116453170776,7.243212699890137,3.7819674015045166,5.251939296722412,1.1339175701141357,4.2925333976745605,0.6397526860237122,5.111451625823975
88,HeRobust - Remember.mp3,-27.522226333618164,69.89644622802734,-14.365029335021973,6.287957191467285,-0.9847152829170227,4.671514987945557,-5.533088207244873,4.546823024749756,0.22793053090572357,3.8930742740631104,-1.9206093549728394,1.729804515838623,-3.876746654510498,-0.41520631313323975,-2.8474960327148438,1.5868219137191772,-1.5442832708358765,2.9918200969696045,-0.8935200572013855,2.582887649536133
89,Herobust - Vertebreaker my-free-mp3s.com .mp3,-18.58441925048828,62.09016418457031,-26.149667739868164,10.724427223205566,-3.1445538997650146,6.026967525482178,-3.3517303466796875,5.355175971984863,-2.4026074409484863,6.312613010406494,0.9199445247650146,5.21620512008667,0.6997111439704895,4.626096248626709,1.4321662187576294,5.665754318237305,1.4636969566345215,6.070389270782471,4.231247901916504,8.836958885192871
90,HeRobust - Weigh Home my-free-mp3s.com .mp3,-0.9538092017173767,72.64592742919922,-25.314924240112305,0.5390415787696838,-11.51596736907959,2.8278396129608154,-3.686530113220215,-1.380366563796997,-10.072266578674316,-2.604877471923828,-5.330153942108154,-0.7979273796081543,-0.3860611915588379,3.171192169189453,-4.376147270202637,0.9791731834411621,-2.100078821182251,0.2227354794740677,-3.2584829330444336,0.3561597466468811
91,Hiboky - Exil.mp3,-88.70285034179688,84.26958465576172,-9.15490436553955,19.78697967529297,-0.3892063796520233,0.8652152419090271,-1.9548273086547852,5.439150333404541,-3.7453792095184326,4.310809135437012,-3.0837697982788086,6.156911373138428,1.4511780738830566,3.078958034515381,-0.39784687757492065,1.427046537399292,-3.599616527557373,1.725646734237671,-3.116196632385254,-0.9234148263931274
92,"HIIO, Harrison, Thomas Gold - Take Me Home my-free-mp3s.com .mp3",-13.862967491149902,68.13609313964844,0.21862517297267914,8.392780303955078,-0.4205341041088104,9.83250904083252,-11.031822204589844,2.2257673740386963,-4.126626014709473,0.9959086775779724,-1.1208316087722778,1.7934175729751587,-2.8332579135894775,2.6155707836151123,-4.645802021026611,-1.9131293296813965,-4.651590347290039,-0.6316781044006348,-5.527917861938477,-1.0439337491989136
93,Hoaprox - Hoaprox (You & Me Alone) (feat. MINH).mp3,-69.79378509521484,81.69268798828125,-9.943078994750977,10.244595527648926,-1.4662237167358398,3.8297078609466553,-3.764054536819458,3.2327442169189453,0.9894681572914124,5.844470024108887,1.4138679504394531,1.6829516887664795,-5.646799087524414,-0.7876193523406982,-3.097118616104126,1.1000832319259644,-0.78719162940979,7.584587097167969,3.3419737815856934,2.80267333984375
94,Hoaprox - I Can-'t Find You.mp3,-82.0698013305664,88.45218658447266,-10.880385398864746,7.322000026702881,-0.3740004897117615,-0.20746803283691406,0.753285825252533,4.127449989318848,-1.4547779560089111,5.748072147369385,-5.056563377380371,2.1328697204589844,-1.4202135801315308,5.320621013641357,1.184440016746521,2.6575562953948975,0.9728715419769287,3.396737813949585,-3.7704129219055176,-0.31561994552612305
95,Hoaprox - Ngau Hung.mp3,-105.37480926513672,104.77935028076172,9.104898452758789,24.356496810913086,-0.8717328906059265,0.737055242061615,-4.768468379974365,4.330899715423584,-6.306662082672119,-4.85548210144043,-5.060091972351074,-1.5258526802062988,-11.51707935333252,-4.973349571228027,-6.402937889099121,-7.664816856384277,-9.610565185546875,-1.6813184022903442,0.11891002953052521,7.827872276306152
96,Hoaprox - Waiting For You.mp3,-50.90299606323242,81.71355438232422,-4.529458045959473,16.35224723815918,-0.39646658301353455,6.3278279304504395,2.436209201812744,6.432051181793213,-0.3019905686378479,3.92482852935791,-1.2934670448303223,3.0695841312408447,-1.9891480207443237,2.9735360145568848,-1.6713570356369019,3.6927008628845215,0.8749851584434509,5.929764747619629,1.8028676509857178,3.6568832397460938
97,Hollow (feat. Emma Louise).mp3,-58.28622055053711,84.0407485961914,10.548442840576172,13.646246910095215,10.260513305664062,4.29165506362915,7.985566139221191,3.6943795680999756,3.830928325653076,5.074457168579102,-1.8566467761993408,2.3978254795074463,-3.1948022842407227,2.116276502609253,-4.622971057891846,0.6202852725982666,0.16495411098003387,2.267472505569458,0.851810872554779,5.293412685394287
98,Home - Hold.mp3,-189.69081115722656,163.7865447998047,-24.79732322692871,28.666685104370117,11.111360549926758,8.844999313354492,3.44047474861145,9.297369956970215,3.48105788230896,6.3659186363220215,0.7731521725654602,2.027667760848999,-0.6679736971855164,2.9779207706451416,2.259077548980713,6.58430290222168,8.998679161071777,10.016447067260742,3.989109516143799,1.9832804203033447
99,Hwang Sang Jun - Port City.mp3,-178.55250549316406,149.8749237060547,28.778139114379883,22.2596378326416,15.721524238586426,17.751474380493164,8.808160781860352,7.051584243774414,3.1595540046691895,4.274643898010254,0.4383418560028076,4.939372539520264,2.2465693950653076,5.474852085113525,4.369512557983398,4.952130317687988,3.1590659618377686,1.0573115348815918,-1.8424121141433716,0.4502924382686615
100,Hwasa - Orbit.mp3,-47.020050048828125,108.48779296875,-7.163435459136963,13.966156005859375,-2.2077982425689697,-0.5682529211044312,7.255733966827393,-10.073453903198242,5.653625011444092,2.854526996612549,-7.1782426834106445,0.25322049856185913,-1.8155226707458496,-1.3524116277694702,-4.2340850830078125,-0.5264341831207275,-5.189747333526611,0.4137440323829651,-1.094165563583374,2.40118408203125
101,Hymn For The Weekend (Mp3Beet.com) - 320Kbps.mp3,-76.56295013427734,72.75865936279297,-20.65903663635254,-0.5317298173904419,-13.662866592407227,0.8614190220832825,-5.889196395874023,-3.9328033924102783,-5.5648698806762695,-1.9558595418930054,-3.3898489475250244,-1.7588382959365845,-1.2300286293029785,1.9145408868789673,-0.44434845447540283,2.509840488433838,-0.9811558127403259,3.4383440017700195,-0.29637858271598816,-0.8908106684684753
102,I Knew You Were Trouble.mp3,-94.70191955566406,61.036319732666016,-2.0064194202423096,21.33255958557129,7.95582389831543,0.9460629224777222,10.412213325500488,2.207399368286133,4.891282558441162,5.367580890655518,-10.36014461517334,5.82175350189209,-5.448358535766602,2.3660919666290283,-1.6105412244796753,2.3747236728668213,1.8067482709884644,1.9906315803527832,1.9210333824157715,6.670327663421631
103,icehunt - I DON'T KNOW.mp3,-69.37317657470703,105.24794006347656,-2.4681448936462402,9.909024238586426,6.893925666809082,7.197146415710449,0.40279486775398254,2.2025935649871826,2.5966131687164307,6.591048717498779,4.829314231872559,4.669088840484619,0.26415660977363586,9.073112487792969,4.6690144538879395,8.901270866394043,0.7115862369537354,5.26718282699585,1.6922177076339722,4.675245761871338
104,ikon 사랑을 했다 love scenario.mp3,-59.12144470214844,81.91466522216797,-16.325960159301758,8.906298637390137,-3.254436731338501,-9.219267845153809,-7.336154460906982,-2.62261700630188,-9.821704864501953,1.1543333530426025,-3.5274014472961426,-2.431039571762085,-8.23358154296875,-0.7283039689064026,-2.844045400619507,-1.4864696264266968,-5.945653915405273,-1.8629779815673828,-5.82679557800293,-1.866249442100525
105,Ikonika - Praxis.mp3,-78.45801544189453,69.56554412841797,-20.450197219848633,25.651592254638672,-0.786782443523407,11.673257827758789,-6.4456915855407715,7.534136772155762,-2.440932512283325,5.556722640991211,-1.3031198978424072,5.413951396942139,-0.3713158965110779,5.154287338256836,5.033841609954834,11.598795890808105,6.182400703430176,5.161474227905273,1.1883124113082886,7.280458450317383
106,Ikson - Anywhere (Official).mp3,-95.39306640625,113.7763671875,11.704410552978516,16.04129409790039,1.0352258682250977,7.2550764083862305,-0.6325703859329224,3.416473627090454,-3.15472412109375,-1.0452097654342651,-2.9775853157043457,2.347012996673584,-0.7030586004257202,2.093827486038208,0.4058745205402374,4.4447126388549805,-0.1796448528766632,0.050045110285282135,-5.12021017074585,0.7912935018539429
107,ILIVEHERE. - forever ours.mp3,-197.3375244140625,179.6587371826172,-5.422689437866211,26.60952377319336,-3.8267500400543213,0.7862550020217896,-27.55843734741211,-17.19304656982422,2.1704952716827393,-9.162209510803223,-6.318535327911377,-3.6166882514953613,2.121124029159546,-1.4512840509414673,-0.5969185829162598,-5.3655195236206055,1.196987509727478,2.6517250537872314,0.6485166549682617,0.08780385553836823
108,ILIVEHERE. - retrospect.mp3,-252.21961975097656,186.93801879882812,-12.691106796264648,23.526540756225586,-3.8024916648864746,-4.182376384735107,-7.654973030090332,-10.411757469177246,-3.7659192085266113,-5.082362651824951,-7.075199604034424,-14.216866493225098,-9.595097541809082,-13.958908081054688,-11.507168769836426,-5.051342487335205,-0.7533270716667175,2.1891441345214844,-1.9103467464447021,-2.157564640045166
109,ILIVEHERE. - With us.mp3,-135.01181030273438,140.74185180664062,2.9654390811920166,16.711156845092773,13.423379898071289,10.895149230957031,6.231505393981934,7.211063861846924,3.6178717613220215,7.821365833282471,3.3638389110565186,6.72037410736084,1.8718448877334595,5.6759514808654785,8.325177192687988,4.002171516418457,-2.219555616378784,0.07778315246105194,-3.866881847381592,-1.3402501344680786
110,Ilkay Sencan ft. Melis Bilen - Wicked Game.mp3,-65.30010986328125,78.3982162475586,0.8837428689002991,13.744671821594238,-2.43393611907959,11.467464447021484,5.432513236999512,3.071995735168457,0.8892277479171753,1.8173139095306396,-3.1335020065307617,2.262213945388794,-3.951199531555176,-1.537001371383667,-5.0638628005981445,0.6329625844955444,-4.241779327392578,-1.6590700149536133,-3.1420412063598633,1.2275960445404053
111,Illenium - Good Things Fall Apart.mp3,-42.65899658203125,86.10383605957031,0.7881550192832947,15.78085994720459,9.43359661102295,6.501347541809082,3.08906888961792,8.043095588684082,1.2110364437103271,6.71370792388916,-1.0989387035369873,7.269199848175049,-0.7618454694747925,2.6938247680664062,0.030637085437774658,0.4923594295978546,-1.0596132278442383,3.284407377243042,-3.5428030490875244,2.382424831390381
112,Il_lo - Aija.mp3,-126.43508911132812,135.8838348388672,5.2033562660217285,4.544091701507568,-8.007227897644043,0.9467467069625854,-12.47189712524414,-4.1714653968811035,-8.095495223999023,-4.346875190734863,-9.703767776489258,-6.647414207458496,-6.752082824707031,0.17569537460803986,-2.3614654541015625,1.2863506078720093,-0.9412651062011719,-2.9873194694519043,-8.010330200195312,-4.200166702270508
113,Imagine Dragons - Bad Liar (Audio).mp3,-96.14315032958984,95.9500961303711,4.530737400054932,21.77499008178711,5.2541656494140625,6.828510284423828,-3.686107635498047,4.340657711029053,2.027864456176758,-1.2115248441696167,0.36180704832077026,2.3917155265808105,-1.8576934337615967,-1.9259581565856934,-1.0927231311798096,3.825209379196167,-1.668370246887207,2.624908447265625,-0.015859326347708702,-0.16802193224430084
114,Imagine Dragons - Levitate (From The Original Motion Picture “Passengers”).mp3,-46.133026123046875,76.19021606445312,1.7763618230819702,13.853975296020508,3.707162380218506,8.939969062805176,-6.600174427032471,-1.246269941329956,-5.65324592590332,-3.7753586769104004,-2.441699504852295,-0.27023324370384216,-4.201460361480713,0.51297926902771,-0.4080435335636139,3.747694969177246,-3.9709668159484863,2.5103867053985596,-1.6154065132141113,4.2665934562683105
115,Imagine Dragons - Zero.mp3,-71.61970520019531,61.21741485595703,6.505063533782959,27.087812423706055,21.879919052124023,16.43353843688965,1.0966764688491821,12.891969680786133,3.076399803161621,1.1098166704177856,1.0840716361999512,1.2107185125350952,0.903083860874176,-0.0033515356481075287,-0.9191260933876038,2.6905016899108887,-1.7476242780685425,2.3701987266540527,-0.26872745156288147,6.032746315002441
116,Inazuma Eleven - Seishun Bus Guide my-free-mp3s.com .mp3,2.7740721702575684,55.64048767089844,-8.091191291809082,22.174894332885742,1.6312185525894165,6.6049580574035645,3.033372163772583,5.38392448425293,-2.4245424270629883,7.0260162353515625,-4.575636386871338,5.3441901206970215,-1.6292378902435303,2.7032299041748047,-1.028617262840271,3.718167304992676,0.6760013103485107,3.1057722568511963,-2.1076433658599854,0.49579665064811707
117,iNichi - Break Free.mp3,6.985483646392822,85.52818298339844,10.867060661315918,2.5596652030944824,1.46680748462677,4.602059841156006,-4.639492034912109,4.497129917144775,-10.52833366394043,2.497142791748047,-5.693907737731934,4.166053295135498,-2.5933828353881836,-0.2792629599571228,-4.217606067657471,-1.4678667783737183,-4.634660720825195,2.5613019466400146,-5.38248348236084,-1.755210280418396
118,Initial D - Running in The 90s.mp3,-6.908421993255615,48.15652847290039,6.8642730712890625,22.107595443725586,7.946528434753418,11.549306869506836,2.892298936843872,8.152899742126465,-0.10902684926986694,7.90625,0.04639769345521927,5.134139537811279,0.059543509036302567,5.186558246612549,1.2591241598129272,3.4825878143310547,-0.5786362290382385,2.2888875007629395,-3.1480729579925537,0.8170262575149536
119,Initial_D_Speed_Lover.mp3,1.1154437065124512,54.42283630371094,-3.095597505569458,18.990278244018555,1.341567873954773,9.41417407989502,2.884469985961914,7.701507568359375,1.7593570947647095,7.973110675811768,-0.04876978322863579,8.325817108154297,1.7780091762542725,8.159090042114258,0.9021947383880615,2.60526967048645,-1.1872940063476562,4.6375837326049805,-0.461832195520401,4.242979049682617
120,Inodi - Never Let Me Go.mp3,-169.08460998535156,88.82386016845703,3.2430334091186523,16.120742797851562,2.266660690307617,4.126980781555176,-3.3906772136688232,4.41983699798584,0.21481212973594666,2.7572696208953857,-0.8316510915756226,3.0045857429504395,0.23643818497657776,3.1833205223083496,1.9844521284103394,4.843064785003662,0.8603087663650513,0.5460032224655151,-1.8042898178100586,2.7200682163238525
121,Inspir - Roving.mp3,-160.13050842285156,127.64881134033203,1.795835256576538,22.25240707397461,2.402930974960327,1.061234951019287,-4.578037738800049,2.424415349960327,-4.4333624839782715,1.839012861251831,2.090308666229248,6.396368980407715,3.375351667404175,3.5979321002960205,1.5982584953308105,7.048085689544678,6.481477737426758,8.287280082702637,1.2950325012207031,-2.2046737670898438
122,Instupendo - Comfort Chain.mp3,-328.355224609375,150.19631958007812,33.52177810668945,0.8671685457229614,-18.172800064086914,-21.2802734375,-15.38118839263916,-5.041546821594238,-5.980013847351074,-7.094966888427734,-11.315699577331543,-12.08657169342041,-5.016539096832275,-2.592590570449829,-7.457281589508057,-4.852539539337158,-0.9954643249511719,-7.8475661277771,-11.843061447143555,-0.9440115094184875
123,Inverness - Toxic.mp3,-59.05609893798828,104.434326171875,0.46156957745552063,8.397844314575195,3.405531406402588,4.563470840454102,0.8101348876953125,2.519939422607422,2.8219401836395264,7.161098957061768,-5.741426467895508,3.5094475746154785,-2.0977742671966553,4.384517669677734,-0.6057956218719482,4.116451740264893,3.465303659439087,4.055500030517578,-1.5114901065826416,-0.18777337670326233
124,itzy shoot.mp3,-63.456626892089844,71.3471908569336,-0.3535107374191284,-4.588650703430176,-15.695307731628418,-3.305011034011841,-5.488238334655762,-8.238419532775879,-1.844732403755188,1.3661895990371704,-5.472691535949707,4.717067241668701,-3.0685455799102783,1.8626288175582886,-6.139514446258545,-1.7851816415786743,-6.563375473022461,-1.0221123695373535,-2.4608592987060547,4.816999435424805
125,I_Dont_Wanna_Go[Converterino.online].mp3,-74.44100952148438,75.66947937011719,3.414487838745117,8.382944107055664,-4.312839508056641,3.211380958557129,-3.2735331058502197,1.4977607727050781,-3.0983242988586426,1.816916823387146,-5.914459705352783,-1.9847996234893799,-1.9346102476119995,0.6372289657592773,0.4848741888999939,2.303255558013916,1.3328502178192139,1.0300109386444092,-2.641451597213745,0.1647939831018448
126,J E N - ＮＯ ＬＵＣＩＤＩＴＹ.mp3,-313.55047607421875,158.8802032470703,64.17510986328125,24.677555084228516,20.161489486694336,15.602484703063965,8.215332984924316,5.607104301452637,8.250232696533203,7.245415210723877,3.408426284790039,2.083259105682373,1.0964081287384033,-1.2348068952560425,-0.3217605650424957,6.53190803527832,10.313499450683594,4.042595863342285,-3.350616216659546,-1.1918835639953613
127,j.Folk - This Feeling myfreemp3.vip .mp3,-92.000732421875,80.46453857421875,13.014209747314453,14.816247940063477,1.833330512046814,20.87921714782715,-0.09999863803386688,6.872778415679932,-3.8792953491210938,7.135885238647461,2.4713361263275146,8.169950485229492,-0.8452353477478027,-0.4799981415271759,-5.4229512214660645,2.1142609119415283,-0.4741028845310211,3.6697998046875,4.778421878814697,3.3657681941986084
128,Jack Harlow - First Class.mp3,-107.55208587646484,67.4493179321289,26.728620529174805,23.757322311401367,15.108257293701172,9.88005542755127,6.516700267791748,14.106138229370117,2.6424055099487305,5.671542167663574,-0.5991283059120178,-1.6057854890823364,-1.3260540962219238,1.427056074142456,-1.2101175785064697,-3.412209987640381,-7.980368614196777,-1.9833612442016602,-6.509725570678711,-3.0630042552948
129,Jack Harlow - Tyler Herro.mp3,-68.68844604492188,86.43074035644531,10.329082489013672,11.465699195861816,7.4195122718811035,0.40039336681365967,-5.342248439788818,8.79151439666748,-6.551187992095947,7.761789798736572,-3.480405569076538,5.408294677734375,-2.396151304244995,-2.1960761547088623,-0.07540841400623322,0.9860725998878479,-3.2911994457244873,4.529842376708984,2.7163639068603516,5.294785022735596
130,Jack Massic - #whatever.mp3,-64.5299072265625,68.49186706542969,-0.0364186130464077,18.416305541992188,-1.5665550231933594,5.614194393157959,2.499471426010132,1.3321329355239868,1.7646666765213013,4.336986541748047,-2.360085964202881,1.7193764448165894,-2.8648481369018555,-1.3763459920883179,-6.620650768280029,-0.8805187344551086,0.27283185720443726,4.18001127243042,0.5989346504211426,5.7205119132995605
131,Jack Ü - Take Ü There (feat. Kiesza).mp3,-14.478132247924805,64.8276138305664,-6.313880920410156,2.478893756866455,-3.9742953777313232,10.316301345825195,-2.350581169128418,3.063573122024536,-7.649116516113281,8.61650562286377,-1.5592849254608154,6.420837879180908,-0.2075376659631729,2.555025339126587,-1.4136382341384888,2.96783185005188,-0.9097105860710144,1.0990954637527466,0.5530312657356262,6.497893810272217
132,Jack Ü - To Ü (feat. AlunaGeorge).mp3,-28.555355072021484,51.842594146728516,-10.154980659484863,4.828793048858643,-3.958225965499878,2.529160976409912,-1.364038348197937,0.48805615305900574,-4.991849899291992,-2.3926539421081543,-3.382396936416626,1.5284126996994019,-3.628997325897217,3.9805593490600586,-0.9012961983680725,2.8768954277038574,-5.70046329498291,0.01187217514961958,-1.8222541809082031,-0.1490151584148407
133,Jack Ü - Where Are Ü Now (with Justin Bieber).mp3,-70.6632080078125,76.29454803466797,13.751081466674805,20.4364013671875,1.0471999645233154,-1.012940764427185,2.157248020172119,6.028247833251953,1.8270772695541382,10.170455932617188,-2.9309134483337402,0.7192625403404236,-3.99019193649292,2.6963112354278564,2.254847764968872,2.3068900108337402,1.2587740421295166,5.618274688720703,-2.2924716472625732,0.2222474217414856
134,"Jack Ü, Skrillex, Diplo feat. Kai - Mind (feat. Kai) my-free-mp3s.com .mp3",-75.69005584716797,88.0574722290039,3.880673885345459,9.222784042358398,-3.094078779220581,4.509369850158691,0.3267957866191864,8.084549903869629,2.8093695640563965,6.874880313873291,1.6311259269714355,6.16318941116333,2.975956916809082,4.869570255279541,-0.3650340139865875,0.4549672305583954,-5.505766868591309,0.8577165603637695,-1.8945525884628296,6.000617027282715
135,Jackson Wang - 100 Ways.mp3,-89.31320190429688,103.1511459350586,15.914308547973633,12.315181732177734,7.366836071014404,8.743556022644043,-4.000865459442139,7.930539608001709,1.5320719480514526,0.9448215365409851,2.1616616249084473,4.3657636642456055,-0.25704818964004517,2.3464107513427734,-2.4739959239959717,2.4156835079193115,-7.108617782592773,-0.11150399595499039,-2.288309335708618,0.3730989396572113
136,Jackson Wang - Pretty Please (1).mp3,-14.645917892456055,73.19328308105469,10.794126510620117,6.876023769378662,4.406580448150635,10.879626274108887,-5.307082176208496,5.1829376220703125,-3.649752140045166,2.118913173675537,-4.827126979827881,0.5174123048782349,-2.9476730823516846,0.029572509229183197,-4.496317386627197,-0.19106720387935638,-5.9244256019592285,0.787095844745636,-4.325948238372803,-1.1380521059036255
137,jagger finn - Vas.mp3,-120.08973693847656,139.4733428955078,9.65941047668457,31.197669982910156,9.508697509765625,26.961353302001953,-1.6381220817565918,5.648935317993164,-7.535001754760742,0.4049375057220459,-9.49492073059082,-6.029774188995361,-6.912879943847656,1.5928376913070679,-3.4803528785705566,-4.248698711395264,-8.165825843811035,-4.8898396492004395,-4.271421432495117,-2.4273738861083984
138,Jai Wolf - Hikikomori (Demo).mp3,-161.0730743408203,163.5469970703125,-1.650877833366394,-7.327232360839844,12.189473152160645,11.545478820800781,-0.03175963833928108,-3.13037109375,-3.278202772140503,-2.200545072555542,-1.1034891605377197,-0.5770283341407776,-5.066507816314697,1.954981803894043,3.2577338218688965,0.7997028827667236,-1.4492794275283813,-3.4720866680145264,-10.683403968811035,-8.213354110717773
139,Jamie xx - Girl.mp3,-130.02381896972656,126.6816177368164,-0.24672859907150269,21.220510482788086,0.851468026638031,14.770600318908691,2.0955986976623535,11.968937873840332,-0.9833876490592957,6.185736179351807,1.5593818426132202,3.2236855030059814,2.0704190731048584,1.647487759590149,2.2556419372558594,4.893934726715088,3.9718666076660156,5.229291915893555,-0.9950059056282043,0.3914187550544739
140,Jamie xx - Loud Places.mp3,-139.775146484375,114.46236419677734,1.8920525312423706,19.28677749633789,9.02216625213623,4.88712739944458,-2.9762678146362305,7.311966419219971,-0.0468461737036705,6.607599258422852,1.4457625150680542,3.2085816860198975,0.9649913907051086,5.879354476928711,0.2549256384372711,4.154771327972412,-0.7049761414527893,-2.484436273574829,-2.1847550868988037,4.74401330947876
141,Jamie xx - Obvs.mp3,-186.5257568359375,178.71630859375,-8.354884147644043,16.744638442993164,10.784640312194824,1.8370237350463867,5.02825403213501,1.9221452474594116,-1.6926015615463257,2.7788987159729004,-0.449753999710083,-3.9420552253723145,-2.967646598815918,0.7121860980987549,1.7593640089035034,3.9252588748931885,-0.5917330980300903,-1.059779167175293,1.7400339841842651,3.0639286041259766
142,Jamie xx - SeeSaw.mp3,-148.942138671875,157.67247009277344,-5.305307865142822,34.26390838623047,6.433483600616455,2.0602691173553467,-0.18428145349025726,0.16695068776607513,1.3554041385650635,3.7567195892333984,0.38192400336265564,3.3242108821868896,3.081326961517334,4.133040428161621,2.3343327045440674,5.307321071624756,-1.8462365865707397,1.93534255027771,-0.3924046754837036,1.5437898635864258
144,Janieck - Somebody New.mp3,-109.18964385986328,97.62203216552734,1.0499260425567627,5.067387580871582,4.25422477722168,3.9920852184295654,-7.808506965637207,8.894262313842773,-3.428565263748169,-2.4337546825408936,-2.7270331382751465,-0.6508734822273254,-0.3415389060974121,5.728513717651367,0.7832502126693726,-1.9489119052886963,-5.570541858673096,-0.3933779299259186,-4.099889755249023,-0.11967488378286362
145,Janiek - Does It Matter my-free-mp3s.com .mp3,-69.9367446899414,66.31267547607422,9.575322151184082,30.007530212402344,9.637804985046387,9.118249893188477,0.33204618096351624,10.561145782470703,-0.07348436862230301,4.102226734161377,-3.609522819519043,0.9855635762214661,-2.0413990020751953,2.836610794067383,-0.7878640294075012,0.4842718839645386,-2.5665931701660156,3.811917781829834,-1.1898372173309326,-0.025338495150208473
146,"Jason Derulo, LAY, NCT 127 - Let's Shut Up & Dance [Official Music Video] (192  kbps).mp3",-33.18728256225586,86.6825180053711,-1.7812511920928955,16.41661834716797,3.22461199760437,6.943576812744141,4.223069667816162,10.377288818359375,-2.1215713024139404,10.55319595336914,1.5102651119232178,3.656886339187622,-1.535517692565918,3.1944739818573,-2.998076915740967,0.32276228070259094,-3.0818216800689697,3.2207939624786377,-2.649383544921875,1.5346534252166748
147,Jason Mraz - I-'m Yours.mp3,-128.6435546875,100.56804656982422,16.548227310180664,23.842212677001953,3.1156680583953857,1.887594223022461,0.06792163848876953,3.316087007522583,-5.249777317047119,3.2717337608337402,-3.24578857421875,2.3467659950256348,-6.93416690826416,-0.503760039806366,-3.581169366836548,-3.2076094150543213,-6.3826141357421875,-0.5447351336479187,-6.050274848937988,1.1091874837875366
148,Jax Jones - All Day And Night (Jax Jones & Martin Solveig Present Europa).mp3,-50.905887603759766,81.15796661376953,8.335179328918457,8.766907691955566,-13.696280479431152,-11.86288070678711,5.862792015075684,-12.417153358459473,-5.28978967666626,-2.076673746109009,-12.066896438598633,2.762739658355713,-6.3018598556518555,-3.6448047161102295,-6.123499393463135,1.5682061910629272,-1.6035577058792114,2.2521326541900635,-0.10400601476430893,7.379520416259766
149,Jax Jones - House Work.mp3,-38.09184265136719,43.317848205566406,5.881290435791016,26.077699661254883,-8.829727172851562,6.339893341064453,-0.2924240827560425,4.74400520324707,-1.904092788696289,2.1408510208129883,0.9617841243743896,1.4736573696136475,-3.252525806427002,1.058617353439331,-5.766456127166748,-1.1646734476089478,-4.953765392303467,0.40916281938552856,-4.303793907165527,1.1175423860549927
150,Jax Jones - Instruction.mp3,0.8041892647743225,61.06573486328125,-1.0689765214920044,11.827141761779785,-2.420767068862915,2.919825792312622,2.552414894104004,6.523017883300781,2.762608051300049,6.5652756690979,-0.7174403071403503,3.29758358001709,-1.9266512393951416,6.176247596740723,-3.7804410457611084,2.390531301498413,-1.4841612577438354,0.2621311545372009,-1.9524483680725098,0.939106822013855
151,Jax Jones - Tequila (Lost Frequencies Remix).mp3,-96.3422622680664,92.44744873046875,15.33619213104248,29.31353759765625,9.171722412109375,14.055865287780762,7.229880332946777,6.441794395446777,5.957526206970215,6.2204508781433105,-0.9911153316497803,2.679607391357422,-4.315296649932861,4.010326862335205,-3.888685703277588,1.3832058906555176,-5.015863418579102,-2.713376045227051,-7.200014114379883,-0.46857374906539917
152,Jax Jones - Tequila.mp3,-89.80583953857422,61.5608024597168,-8.37723159790039,27.815996170043945,12.22165298461914,7.731854438781738,9.651731491088867,3.239351749420166,0.473849892616272,5.2337260246276855,-7.806237697601318,5.825802803039551,-0.3716427981853485,8.777506828308105,-0.7978578805923462,1.168510913848877,-4.293157577514648,1.5145564079284668,-3.4098033905029297,8.231405258178711
153,"Jax Jones, Bebe Rexha - Harder (Official Video).mp3",-75.0097427368164,74.23098754882812,12.83068561553955,15.811460494995117,2.3699278831481934,1.2039594650268555,5.06454610824585,-4.890658855438232,2.4592971801757812,6.842749118804932,-8.043530464172363,1.3946908712387085,-2.119765043258667,2.7635984420776367,-2.1209895610809326,-1.1930972337722778,-4.5119099617004395,2.9911255836486816,-3.580986738204956,7.270428657531738
154,Jay Hardway - Golden Pineapple my-free-mp3s.com .mp3,-15.880431175231934,70.40306091308594,-12.930313110351562,22.252283096313477,5.048086166381836,12.181529998779297,5.1866135597229,7.185380935668945,1.1028636693954468,3.8776094913482666,-1.7458386421203613,2.131699562072754,-1.9024454355239868,1.4838804006576538,-2.3052940368652344,-0.342174768447876,-4.930637359619141,-2.568329334259033,-3.006649971008301,1.7304046154022217
155,Jay Hardway - Lost my-free-mp3s.com .mp3,-57.03114700317383,79.16954803466797,-14.264974594116211,17.215545654296875,13.314002990722656,5.883368492126465,3.2741897106170654,7.575782775878906,8.023969650268555,7.883903503417969,-1.4594112634658813,-5.512956142425537,-7.458477020263672,-1.53525710105896,-4.141305923461914,-2.157463312149048,-3.824120044708252,1.9181090593338013,1.9978114366531372,5.720365047454834
156,Jay Hardway - Wake Up (Original Mix).mp3,-80.04629516601562,68.98466491699219,-12.775153160095215,17.39797592163086,-1.4084997177124023,8.809093475341797,3.9004950523376465,9.183743476867676,-0.415068119764328,4.380903244018555,-1.5782525539398193,1.8340911865234375,-3.956169843673706,1.5254279375076294,-0.8629363775253296,3.5704402923583984,-1.6894598007202148,4.670167922973633,-0.8166832327842712,1.4718892574310303
157,Jay Hardway - Wild Mind (feat. Tiffany Blom).mp3,-72.32914733886719,74.461669921875,-11.275747299194336,15.72826099395752,3.535418748855591,-1.481152057647705,4.256779193878174,-3.052711009979248,2.7801856994628906,1.8125381469726562,-1.525272250175476,9.531176567077637,2.4196293354034424,5.464929580688477,-1.9004404544830322,1.6697555780410767,-5.3856306076049805,0.563957691192627,2.7190794944763184,3.7137057781219482
158,"Jay Hardway, Mesto - Save Me my-free-mp3s.com .mp3",-43.01034927368164,68.96591186523438,3.6497671604156494,25.79914665222168,3.6131649017333984,10.649975776672363,3.2361693382263184,5.755592346191406,-2.4996724128723145,0.04512026533484459,-0.5919712781906128,1.9290002584457397,-3.056750535964966,5.909695148468018,2.3483335971832275,6.190706729888916,1.0775516033172607,0.7013435363769531,-2.3799712657928467,-1.1327366828918457
159,Jay Someday - Rewind.mp3,-105.98934173583984,136.54803466796875,-6.985223293304443,13.078682899475098,-1.1872997283935547,-0.9936121106147766,-6.947057723999023,1.4080274105072021,-3.7020483016967773,-0.5254616737365723,-5.0858869552612305,-2.2201666831970215,-4.79566764831543,-3.9793591499328613,-6.925207614898682,-1.4337328672409058,-3.1832833290100098,2.1319503784179688,0.6857474446296692,2.889568567276001
160,JB Hain - lose hope (it-'s all in my head).mp3,-136.9434356689453,83.11099243164062,2.461364507675171,21.57244873046875,-9.041849136352539,4.418599605560303,-0.9472188949584961,-3.8229925632476807,-10.026252746582031,-6.699209690093994,-5.1470417976379395,1.0016655921936035,-6.931218147277832,-7.435469627380371,-7.7453532218933105,-3.134132146835327,-5.3110032081604,-1.1888954639434814,-3.187249183654785,-1.5551611185073853
161,Jennie - SOLO.mp3,-84.85176849365234,61.10474395751953,-13.626142501831055,13.98522663116455,-5.366268634796143,5.474738121032715,-1.3291386365890503,2.9311060905456543,8.741883277893066,7.331663608551025,-1.9357677698135376,-0.9573610424995422,-4.7076802253723145,2.5777456760406494,-0.5659081339836121,2.646726608276367,1.582478642463684,3.0477030277252197,0.12908543646335602,5.416487693786621
162,Jesper Kyd - Ezio-'s Family.mp3,-178.35081481933594,145.77981567382812,-7.690988540649414,22.17754554748535,-0.6179502606391907,1.3077852725982666,1.25929856300354,-5.134333610534668,-4.871872425079346,0.6349401473999023,-2.3317551612854004,2.6768782138824463,-8.001321792602539,-6.423549652099609,-3.6112172603607178,0.7166702747344971,1.0672708749771118,0.6704061627388,-2.1891934871673584,1.0389111042022705
163,Jetta - I-'d Love To Change The World (Matstubs Remix).mp3,-78.46045684814453,92.3086166381836,-5.172006607055664,26.30372428894043,-4.6452155113220215,6.705973148345947,-0.11572283506393433,0.6053646802902222,-0.2034747302532196,4.822460651397705,0.3970297574996948,3.6540684700012207,-2.475395917892456,-0.8594244718551636,-4.350045680999756,-0.7362663149833679,-2.049215078353882,1.945730209350586,-1.1210694313049316,2.2530198097229004
164,Jhove - Golden Hour.mp3,-303.2504577636719,104.82171630859375,27.057085037231445,20.277362823486328,-3.7434184551239014,7.536495208740234,2.8809471130371094,6.914397716522217,7.428499221801758,7.2833943367004395,2.135830879211426,2.508391857147217,-3.3952624797821045,1.4359607696533203,0.3090175986289978,7.365772724151611,4.620542049407959,3.1760847568511963,-2.6040329933166504,-5.265926361083984
165,Jinsang - Egyptian Pools.mp3,-141.07493591308594,176.1063232421875,3.352949619293213,43.39823913574219,9.446250915527344,11.366888046264648,6.817830562591553,-2.569040298461914,-2.65860915184021,-0.874427318572998,-3.984398603439331,-0.11134599894285202,-3.9814703464508057,-0.7034673094749451,3.8673102855682373,4.29509973526001,2.9374618530273438,3.516954183578491,1.31382417678833,2.360576868057251
166,Jives - wait for me.mp3,-122.48843383789062,124.16043853759766,29.74827766418457,31.454689025878906,0.1369343400001526,7.419375896453857,-0.06717754900455475,1.0082780122756958,-6.852666854858398,-2.9387900829315186,-4.498251914978027,-1.7001614570617676,-3.5964338779449463,-0.8712760806083679,-4.033897876739502,0.0986766368150711,-2.080535411834717,-1.0071954727172852,-3.975625514984131,-0.2701834440231323
167,Joe Layne - EUREKA !!!.mp3,-25.79071807861328,101.8728256225586,-18.507150650024414,34.76336669921875,2.4274187088012695,16.79544448852539,1.2647005319595337,10.734437942504883,-0.7738256454467773,7.162198066711426,0.01402421947568655,3.8934707641601562,-1.2071983814239502,3.252403974533081,-1.5752772092819214,1.4473927021026611,-4.136340141296387,1.2031476497650146,-2.112523317337036,2.5904839038848877
168,Joe Layne - Heaven.mp3,-209.59609985351562,127.58511352539062,-2.2907450199127197,24.852367401123047,6.648772716522217,-2.590430974960327,-0.49714377522468567,-11.921958923339844,-9.09627914428711,-5.659904479980469,-8.426629066467285,-0.3790309727191925,-10.256875991821289,-4.042523384094238,-3.797746181488037,-1.1935540437698364,-6.654113292694092,-0.9090086817741394,-7.564870834350586,-3.1145031452178955
169,Joe Layne - Portrait.mp3,-185.24026489257812,158.64437866210938,-9.647367477416992,33.60344696044922,22.55624771118164,6.705361366271973,9.380195617675781,1.0650995969772339,0.9469773769378662,1.828546404838562,-4.4559102058410645,-0.5188981890678406,-1.750989556312561,1.302807331085205,-3.0895397663116455,1.1867992877960205,-3.0472042560577393,-0.035960603505373,-4.910492420196533,-0.48867276310920715
170,John Newman - Love Me Again (Official Music Video).mp3,-49.75271987915039,97.20073699951172,-15.319334030151367,21.595504760742188,7.983222007751465,7.453354835510254,2.8341026306152344,5.566213607788086,1.4342666864395142,7.017571926116943,0.77419114112854,3.2812042236328125,-1.8406784534454346,0.6528712511062622,-0.18045231699943542,4.092612266540527,-0.7726060152053833,6.462754726409912,1.4517954587936401,4.053747653961182
171,John Powell - Test Drive (From How To Train Your Dragon Music From The Motion Picture).mp3,-80.5135269165039,100.80390167236328,-10.798660278320312,33.7556266784668,5.30513858795166,9.84091567993164,-0.3865448236465454,7.62357234954834,-1.9501036405563354,5.33341121673584,-1.6135737895965576,5.339478969573975,-1.3864338397979736,2.3136205673217773,-0.1849627047777176,3.809741735458374,-1.083970069885254,4.356523036956787,0.20824670791625977,2.2104711532592773
172,Jon Bellion - All Time Low.mp3,-77.56884002685547,80.9075927734375,-7.256583213806152,13.435467720031738,1.914284586906433,5.899410247802734,0.8783592581748962,4.460099220275879,-4.1453070640563965,5.675319671630859,-1.5167126655578613,4.801159858703613,-3.4271414279937744,1.6537224054336548,0.31781062483787537,-0.2211805135011673,-1.312845230102539,-1.0438201427459717,-4.806814670562744,-1.2367531061172485
173,Jon Bellion - Cautionary Tales.mp3,-83.37593078613281,84.91639709472656,-23.81195068359375,23.33489990234375,6.6318278312683105,1.694714069366455,-4.376052379608154,4.227508068084717,2.6511900424957275,3.3222761154174805,-5.466588020324707,4.30192756652832,-3.221637487411499,0.37150633335113525,-3.9791038036346436,-1.9685572385787964,-3.9289281368255615,-0.08554627746343613,-4.386373519897461,-2.445300340652466
174,Jon Bellion - Couples Retreat.mp3,-75.72815704345703,84.59497833251953,-3.393659830093384,23.690353393554688,14.742838859558105,14.43484878540039,5.817105770111084,8.490277290344238,4.589141368865967,6.278274059295654,3.3004472255706787,5.661990642547607,-2.845675468444824,6.451261520385742,2.024475336074829,3.3183627128601074,-2.6299421787261963,2.109670400619507,-1.5277936458587646,0.9679218530654907
175,Jon Bellion - Crop Circles.mp3,-62.58478927612305,70.60133361816406,14.403063774108887,27.122966766357422,3.523885726928711,10.653685569763184,0.6656899452209473,2.1392126083374023,-0.683165431022644,1.5216692686080933,-0.8249180316925049,1.6572362184524536,-3.519066572189331,1.0838087797164917,-4.306696891784668,-1.0314542055130005,-4.389378070831299,1.7663662433624268,-3.6831278800964355,1.8123561143875122
176,Jon Bellion - Fashion.mp3,-134.3568115234375,107.01952362060547,-0.6728675961494446,10.428824424743652,20.13634490966797,4.053581714630127,6.6526198387146,2.3442046642303467,4.036309719085693,4.577236652374268,-7.846090316772461,6.246563911437988,-8.874056816101074,0.8470174670219421,-0.2136974334716797,-1.727233648300171,-5.15213680267334,2.3236000537872314,-6.957711219787598,-3.8729710578918457
177,Jon Bellion - Guillotine.mp3,-51.75535202026367,94.79605865478516,-7.590686798095703,21.15477180480957,6.838983535766602,5.5344672203063965,3.124870538711548,-2.2066879272460938,-1.8553463220596313,2.4255270957946777,-6.299592971801758,5.597947597503662,-7.5289459228515625,-2.8019537925720215,-0.9761555194854736,-1.397270679473877,-5.230768203735352,1.3805838823318481,-5.259866714477539,-1.6390748023986816
178,Jon Bellion - Hand Of God (Outro).mp3,-91.45379638671875,99.30584716796875,-2.4871158599853516,19.667495727539062,3.2628414630889893,5.6492018699646,1.047258734703064,0.8382551074028015,-0.4110442101955414,5.231980323791504,-1.0586137771606445,2.316361904144287,-2.750145196914673,0.1931440830230713,-1.6479381322860718,0.3416396975517273,-3.9600670337677,0.28005990386009216,-5.540388584136963,-3.504002809524536
179,Jon Bellion - iRobot.mp3,-69.6001968383789,103.47122192382812,-0.6651230454444885,13.49896240234375,4.767533779144287,2.0644168853759766,3.9492788314819336,4.3384480476379395,3.578949451446533,6.5913190841674805,-0.3225184977054596,7.135432243347168,-1.350357174873352,2.7016913890838623,0.09478534758090973,-1.9455585479736328,-1.3597185611724854,0.6321853995323181,-3.1907711029052734,0.4024313986301422
180,Jon Bellion - JT.mp3,-77.53997802734375,93.2607650756836,-7.506353855133057,21.651548385620117,10.562460899353027,5.8492751121521,2.3449008464813232,4.541856288909912,0.48481446504592896,8.667967796325684,-2.02449107170105,6.055475234985352,-0.7895473837852478,6.13508939743042,2.5428147315979004,1.8209455013275146,-1.1023519039154053,2.409776449203491,-1.794214129447937,3.44130277633667
181,Jon Bellion - Mah-'s Joint.mp3,-134.18997192382812,100.9025650024414,-19.78055763244629,18.83473014831543,-0.7223345637321472,-0.7004170417785645,-2.4470632076263428,-0.4249507784843445,-0.7511767148971558,4.370273590087891,-3.4035797119140625,3.3151111602783203,-5.197644233703613,0.574668288230896,-2.7185897827148438,0.27630239725112915,-2.883732795715332,2.1321072578430176,-1.6548653841018677,1.215704321861267
182,Jon Bellion - Overwhelming.mp3,-69.45576477050781,86.92864990234375,2.4442665576934814,16.70622444152832,4.879398345947266,7.147536277770996,6.693821430206299,1.6388498544692993,2.4146101474761963,4.347804069519043,-0.8076785802841187,7.557999610900879,-2.585411548614502,-0.7533894181251526,-0.05301715061068535,-1.1547168493270874,-2.562220811843872,2.490351438522339,-3.6940689086914062,-0.7758013010025024
183,Jon Bellion - Stupid Deep.mp3,-126.84390258789062,119.05679321289062,-2.879714012145996,4.693620681762695,-0.5905289053916931,1.2954308986663818,-2.1975369453430176,-4.290109157562256,-9.420930862426758,0.8563941717147827,-7.016726493835449,0.14637315273284912,-5.174498558044434,-0.3182919919490814,-1.200275182723999,-4.145042419433594,-5.520782470703125,1.5903397798538208,-3.9972751140594482,-3.7823712825775146
184,Jon Bellion - The Internet.mp3,-54.401912689208984,78.72503662109375,-11.488116264343262,17.42084503173828,5.00808048248291,5.8515472412109375,-2.0875656604766846,5.837915420532227,0.8422443866729736,4.726569175720215,-0.45887476205825806,8.14243221282959,-1.6148045063018799,3.578317165374756,-2.476588726043701,3.2383713722229004,-1.129672884941101,6.193794250488281,-2.4092893600463867,0.9289681911468506
185,Jon Bellion - Woke The F_ck Up.mp3,-73.74156188964844,69.20652770996094,12.974668502807617,18.517742156982422,2.521895170211792,-3.855315685272217,2.0254695415496826,-1.1404904127120972,-2.300961494445801,2.6962196826934814,-6.398112773895264,4.162813663482666,-4.465588569641113,-2.7031314373016357,-3.9242465496063232,-4.242159843444824,-3.7146482467651367,2.791921377182007,-5.108688831329346,0.8832437992095947
186,Jonas Blue - Fast Car.mp3,-83.65300750732422,93.22863006591797,8.227692604064941,17.975011825561523,8.419610023498535,-1.0303049087524414,2.7742960453033447,2.115962028503418,1.4610168933868408,1.9391815662384033,-7.989404678344727,-0.13441714644432068,-12.965420722961426,2.6910736560821533,-2.0142414569854736,-3.9790546894073486,-1.503481388092041,-0.163888081908226,-6.886826515197754,-7.637282848358154
187,Jonas Blue - Perfect Strangers ft. JP Cooper.mp3,-73.17084503173828,81.72386169433594,8.60693073272705,15.670140266418457,6.203421115875244,5.1793928146362305,-6.015753269195557,7.869044780731201,-3.178091049194336,2.914710760116577,0.32095396518707275,1.4424481391906738,-5.011054515838623,-2.935642719268799,-5.749262809753418,-2.8745322227478027,-4.651695251464844,2.34423565864563,-2.9237611293792725,3.9510858058929443
188,Jonas Blue - Polaroid.mp3,-43.55747985839844,51.89398956298828,16.6163387298584,15.005062103271484,1.7884706258773804,-4.097283363342285,-5.974198818206787,-2.3087005615234375,-6.020870208740234,-1.1286300420761108,-4.009792327880859,0.5501164793968201,0.9068899750709534,2.8221728801727295,-0.8509450554847717,2.0145344734191895,-2.1819489002227783,0.82231605052948,-4.494051456451416,0.5886805057525635
189,"Jonas Blue - Wild (Official Audio) Feat. Chelcee Grimes, TINI, Jhay Cortez.mp3",-29.1505184173584,62.40385437011719,2.4446828365325928,12.879631042480469,5.999446868896484,3.686621904373169,3.1027066707611084,3.2198214530944824,1.1597567796707153,6.908358097076416,-2.4157521724700928,6.619620323181152,1.1096574068069458,4.730395317077637,-1.768941044807434,2.614299774169922,-0.30025461316108704,2.2409579753875732,0.07512422651052475,5.033548355102539
190,Jonas Blue feat. Theresa Rex - What I Like About You my-free-mp3s.com .mp3,-31.953506469726562,69.6619644165039,-5.167377471923828,18.769393920898438,4.291330814361572,2.479401111602783,0.6077597141265869,4.808370113372803,-4.808865547180176,3.09309983253479,-2.8446574211120605,3.448251247406006,-2.280643939971924,0.9837782979011536,-1.050047755241394,-4.531123638153076,-1.4666695594787598,0.32008665800094604,-3.8592453002929688,7.520724466303363e-05
191,Jonas Brothers - Only Human my-free-mp3s.com .mp3,-74.0373306274414,70.8661880493164,12.800786018371582,17.565288543701172,4.65684175491333,8.723160743713379,-0.34345972537994385,5.276893138885498,-0.8732585906982422,9.444705963134766,-0.5041426420211792,2.9225664138793945,-3.630682945251465,0.8878727555274963,-3.71042799949646,1.9947147369384766,0.4887969493865967,8.006004333496094,1.6073685884475708,10.91386890411377
192,Jonas Brothers - Sucker.mp3,-164.96609497070312,71.11320495605469,9.002269744873047,19.913047790527344,6.4035563468933105,13.641910552978516,0.6996000409126282,7.733451843261719,0.4546722173690796,4.990157604217529,0.018436787649989128,3.5234272480010986,-0.5885193943977356,3.897585868835449,-0.33448854088783264,0.9724152088165283,-1.1653201580047607,4.29591178894043,-1.4190096855163574,5.756174087524414
193,Jonas_Blue_-_I_See_Love_Mp3geek.com.mp3,-72.25131225585938,63.79126739501953,17.658733367919922,12.639140129089355,2.316173553466797,1.3272676467895508,-1.9895429611206055,4.772021770477295,-2.046940326690674,6.215232849121094,-1.1205182075500488,1.3236017227172852,-6.625438213348389,-1.08528733253479,-3.2665276527404785,-0.3897536098957062,-4.512524604797363,3.8669273853302,-3.124274253845215,1.8757299184799194
194,Jonas_Blue_-_Rise_feat_Jack_Jack_.mp3,-35.54189682006836,59.83136749267578,-0.41655614972114563,20.708772659301758,1.393855094909668,0.44882282614707947,-5.157546520233154,-1.2821471691131592,-8.192150115966797,3.9664111137390137,-0.15732108056545258,3.8355867862701416,0.6539551019668579,-0.9252564907073975,-2.1670877933502197,1.2580081224441528,-4.162261962890625,5.8436737060546875,-1.7748267650604248,3.542335033416748
195,Jonas_Blue_feat._William_Singe_-_Mama.mp3,-47.113826751708984,64.04585266113281,4.646500110626221,19.827774047851562,1.4502009153366089,1.5296155214309692,-5.546755313873291,3.5485126972198486,-5.292140960693359,6.249945640563965,-1.871951699256897,3.479583263397217,-3.7451891899108887,2.490710735321045,-4.185297966003418,0.028989635407924652,-0.2942148745059967,4.035086631774902,-4.657252311706543,2.648444175720215
196,Jony - Love Your Voice.mp3,-79.22727966308594,127.1019287109375,9.12187385559082,9.144721031188965,7.907871246337891,-2.703087329864502,0.702775776386261,-0.1954972743988037,-10.283761978149414,7.323009014129639,-2.492661952972412,2.853410243988037,1.7284826040267944,-1.2772002220153809,-1.6901674270629883,4.353928089141846,-7.940952777862549,-0.7824395298957825,-0.40601515769958496,-0.7202799916267395
197,Josha Daniel - Closer.mp3,-49.973182678222656,93.56571197509766,-7.296170711517334,15.470772743225098,-4.664885520935059,4.463520050048828,-4.804183483123779,0.5202944278717041,-2.28000545501709,6.0888285636901855,-2.747528314590454,-2.0380008220672607,-4.57735538482666,-0.3647502660751343,-1.0914474725723267,4.850632190704346,-0.09449273347854614,1.274607539176941,-0.6687507629394531,4.072258472442627
198,José González - Crosses.mp3,-180.66542053222656,135.38031005859375,-7.07301139831543,37.53107452392578,8.317906379699707,4.255616188049316,-1.1040364503860474,-11.43363094329834,-14.724041938781738,-7.973581790924072,-16.415849685668945,4.410804271697998,-6.528822898864746,-4.68176794052124,-9.55652141571045,-4.507359981536865,-6.71855354309082,1.502544641494751,-2.416429042816162,-12.742459297180176
199,Joyryde - HOT DRUM.mp3,-39.13489532470703,79.64102935791016,-23.643016815185547,11.531314849853516,0.7496835589408875,7.2105278968811035,1.9223295450210571,7.3848114013671875,3.799665689468384,8.156579971313477,2.1932990550994873,1.306150197982788,-2.0572848320007324,2.2026116847991943,-0.4887712597846985,2.812889337539673,-0.9618244171142578,3.1414248943328857,-0.38464975357055664,3.382079839706421
200,JOYRYDE - I WARE HOUSE my-free-mp3s.com .mp3,-28.366941452026367,72.28697204589844,-12.300920486450195,12.990723609924316,-2.2684195041656494,6.158844470977783,-2.57198429107666,7.486921310424805,1.863937497138977,10.048588752746582,-2.0617105960845947,1.851226568222046,-2.1143107414245605,2.88922119140625,-0.05893272906541824,4.187394618988037,-1.996809959411621,1.0535993576049805,-6.250209331512451,-1.4804096221923828
201,JOYRYDE - THE BOX my-free-mp3s.com .mp3,-16.263696670532227,60.79395294189453,-5.522418022155762,11.530108451843262,0.1839398294687271,12.716696739196777,5.2463297843933105,8.091054916381836,1.3992369174957275,8.556917190551758,2.8756494522094727,8.046875,0.8433284759521484,4.161273002624512,-0.7718117237091064,4.417561054229736,0.8503537178039551,6.795388698577881,-0.18259289860725403,7.5018310546875
202,Juice Wrld - Lucid Dreams.mp3,-84.26934051513672,86.13638305664062,17.35549545288086,32.80148696899414,19.16901969909668,5.822149276733398,4.472396373748779,5.398664474487305,-8.977450370788574,5.826393127441406,-4.558032989501953,1.4673527479171753,-2.4941813945770264,-3.3868658542633057,-0.36109209060668945,6.280915260314941,-6.270137310028076,8.25715446472168,-1.8590902090072632,-1.1249504089355469
203,"Juice WRLD, Lil Uzi Vert - Wasted (Murkish _ Huken Nightcore Remix).mp3",-56.973392486572266,91.25802612304688,-0.5343877077102661,12.500259399414062,3.466982364654541,5.170153617858887,1.482665777206421,7.297566890716553,0.10332159698009491,5.9100117683410645,-1.5086263418197632,4.689288139343262,-1.667906641960144,5.981997013092041,-2.196584463119507,6.059032917022705,1.5678367614746094,2.4503133296966553,-5.288787841796875,1.7230249643325806
204,Julian Calor - Arp of Astronomical Wisdom.mp3,-33.8134880065918,60.996185302734375,5.606845855712891,22.361391067504883,10.468862533569336,13.976103782653809,3.452908515930176,9.001795768737793,2.6015944480895996,7.275026321411133,1.3890776634216309,6.096706867218018,0.4941026568412781,5.091405868530273,-0.723804235458374,4.715563774108887,-0.1332162618637085,4.467902660369873,-0.21437354385852814,2.9419798851013184
205,Jupe - Waiting.mp3,-31.632408142089844,85.52574920654297,7.306577205657959,25.436010360717773,8.72174072265625,5.763669013977051,1.7764832973480225,1.9560986757278442,2.4578285217285156,6.575241565704346,-5.321145534515381,-1.4254889488220215,-3.745140314102173,-0.04555099457502365,-3.6160337924957275,0.6407437920570374,0.27235329151153564,3.975665330886841,-0.12710648775100708,2.7275896072387695
206,Justin Bieber - Lonely.mp3,-166.7682342529297,135.81861877441406,41.79508590698242,12.502107620239258,13.538392066955566,1.2346621751785278,1.5124658346176147,1.5556309223175049,-5.873249053955078,1.6326440572738647,-5.477896690368652,0.7545347213745117,-5.9311957359313965,-3.306819438934326,-1.9819236993789673,-5.568565368652344,-6.387874603271484,0.19167810678482056,-10.661933898925781,-5.028128147125244
207,K-391 - End of Time.mp3,-85.95813751220703,95.01696014404297,7.4599528312683105,9.132719993591309,3.6605336666107178,5.076484203338623,3.742415189743042,-6.421664714813232,5.067773818969727,1.1125595569610596,-8.12230396270752,1.6294833421707153,-4.620943069458008,4.97086763381958,-7.06906795501709,4.371966361999512,-1.5076234340667725,-0.04230419918894768,0.9586784243583679,2.7150397300720215
208,"K-391, Alan Walker, Martin Tungevaag feat. Mangoo - Play my-free-mp3s.com .mp3",-55.06783676147461,71.59886169433594,6.853626728057861,21.86524772644043,5.288716793060303,1.5086872577667236,5.0706586837768555,1.386826515197754,0.16561555862426758,0.06514421105384827,-5.279797554016113,1.3890076875686646,-3.427253007888794,5.011135101318359,-2.696720600128174,5.32822847366333,0.6331003904342651,6.545473575592041,1.6404401063919067,-0.8883916139602661
209,"K-391_-_Ignite_(feat._Alan_Walker,_Julie_Bergan_SeungRi)_Pesni-Tut.mp3",-41.84960174560547,63.50106430053711,1.1316651105880737,13.687459945678711,4.959388256072998,8.344202041625977,1.0340442657470703,9.20286750793457,2.9878556728363037,8.472919464111328,-1.4934133291244507,1.2562631368637085,-1.531304955482483,4.424201011657715,2.8985915184020996,7.152715682983398,3.671891450881958,2.559394598007202,-4.051412582397461,1.0565063953399658
210,Kaleo - Way Down We Go [mp3clan].mp3,-123.48516845703125,125.65421295166016,3.163541078567505,27.479047775268555,3.1080868244171143,-1.3506948947906494,4.146009922027588,5.523002624511719,-6.646225929260254,6.28950834274292,-3.092836380004883,2.3427579402923584,5.462113380432129,-2.6626787185668945,1.4854158163070679,5.044458389282227,-5.293557643890381,1.6018321514129639,-2.1882548332214355,0.025011220946907997
211,KAROL G - Mi Cama my-free-mp3s.com .mp3,-97.93030548095703,76.49174499511719,1.0106168985366821,18.40070152282715,4.423557281494141,-0.0018931474769487977,6.962684154510498,-13.938874244689941,-4.0503034591674805,3.8336713314056396,-8.522185325622559,1.788836121559143,-9.870718955993652,4.335236549377441,-3.12158465385437,-2.891861915588379,-1.2094221115112305,2.310971736907959,-2.870225191116333,6.650876045227051
212,Kaskade - Fun.mp3,-50.51399612426758,81.06990814208984,-4.563999176025391,16.87060546875,3.4565837383270264,11.47562313079834,4.856827259063721,5.455358505249023,-2.3445675373077393,5.652842044830322,1.8681058883666992,6.507719993591309,-2.4407122135162354,-0.13956797122955322,-4.195472240447998,2.512718439102173,0.06333309412002563,-1.9640703201293945,-4.383487224578857,-0.2592034935951233
213,Kate Bush - Running Up That Hill (A Deal With God).mp3,-149.43161010742188,121.5306396484375,1.5374096632003784,23.773130416870117,-1.6934888362884521,-2.3887710571289062,4.191183567047119,-0.16691060364246368,-8.864652633666992,3.413776159286499,-9.0551118850708,-1.6097477674484253,-1.0913156270980835,-1.6008561849594116,-4.141144275665283,1.1958996057510376,-3.675893545150757,-0.4421119689941406,-5.606812477111816,-2.292943000793457
214,Katy Perry - Harleys In Hawaii.mp3,-96.94071960449219,97.66740417480469,11.641801834106445,21.144495010375977,12.164224624633789,1.7861689329147339,2.37641978263855,4.109081268310547,-2.745419502258301,8.128397941589355,-7.40240478515625,-1.2686922550201416,-3.4325358867645264,2.966066598892212,-2.1216206550598145,-1.1216132640838623,-2.660386085510254,-0.46057164669036865,-4.023916244506836,3.719454765319824
215,Kensuke Ushio - (i can) say nothing.mp3,-123.9395751953125,132.32150268554688,-13.39998722076416,3.0011842250823975,12.391562461853027,8.070327758789062,8.04079818725586,0.9286963939666748,0.8498498797416687,5.8478851318359375,5.148001194000244,4.110714912414551,-1.780818223953247,0.7043108940124512,-1.4024699926376343,2.7832298278808594,1.6575802564620972,5.416133403778076,0.020315561443567276,0.30207666754722595
216,Kensuke Ushio - lit(var).mp3,-298.18450927734375,154.2333221435547,8.068463325500488,12.255513191223145,-1.7728103399276733,4.487549781799316,-5.034832954406738,-5.358746528625488,-2.1697685718536377,0.8936594724655151,-3.805615186691284,-7.506459712982178,-7.9001007080078125,-3.5917787551879883,-1.9704750776290894,2.8006906509399414,4.195630073547363,3.8262479305267334,-2.479215383529663,-3.403855085372925
217,Kensuke Ushio - night lights.mp3,-227.78736877441406,179.29505920410156,9.804754257202148,-7.790701866149902,4.931009292602539,-7.542846202850342,-8.795248985290527,-7.566714286804199,-7.503008842468262,-4.279870510101318,-4.573454856872559,4.504868984222412,-4.43665885925293,-2.2862281799316406,-5.876672267913818,5.74114990234375,1.0771573781967163,5.6139984130859375,0.29129287600517273,-4.599857330322266
218,Kesha - Your Love Is My Drug 8 - Bit [8SK8 Remix].mp3,-204.55245971679688,108.74920654296875,30.29103660583496,18.919588088989258,2.0576391220092773,4.530610084533691,-3.5570805072784424,0.6432501077651978,-5.965060234069824,-2.500720262527466,-6.526509761810303,-2.339914321899414,-2.391893148422241,5.1746368408203125,1.9667750597000122,0.2870432436466217,-6.028245449066162,4.861739158630371,7.914831638336182,2.96958065032959
219,Khamsin - About Us.mp3,-70.832763671875,103.85284423828125,0.4231705069541931,0.09233617037534714,5.834521770477295,7.057033061981201,2.000363349914551,5.958428382873535,-1.9064066410064697,7.394468307495117,5.202411651611328,6.377937316894531,-0.6267685890197754,2.9397776126861572,3.8862197399139404,5.59016227722168,-0.16760437190532684,6.178613662719727,-1.8835830688476562,1.663208246231079
220,Khamsin - Led By The Sun.mp3,-87.41671752929688,100.42484283447266,15.403483390808105,8.901350975036621,9.594769477844238,12.612569808959961,8.567068099975586,9.218855857849121,3.481642723083496,10.186027526855469,1.2475581169128418,1.8756378889083862,-2.8247413635253906,4.151989936828613,-0.4538455009460449,6.384519100189209,0.7335014343261719,1.8889024257659912,-1.1358964443206787,0.050802890211343765
221,Kiddo - Coming Down.mp3,-77.52754974365234,91.9212875366211,-6.37262487411499,12.072701454162598,12.13232707977295,-0.133325457572937,-3.7178127765655518,3.1877081394195557,3.958340644836426,6.993232250213623,-0.23732706904411316,5.814212322235107,-3.1912739276885986,0.6328921318054199,-1.814131259918213,0.4737623929977417,-3.159874200820923,1.3913147449493408,-1.144599437713623,1.8858587741851807
222,Kilamanzego - Everything Goes Black.mp3,-97.50658416748047,98.63691711425781,-19.817806243896484,18.902572631835938,-2.075726270675659,5.2259697914123535,-6.269400596618652,-0.14665651321411133,-3.032309055328369,-1.3486125469207764,-6.643075466156006,-2.8562474250793457,-3.7523868083953857,-1.429086446762085,-4.8154616355896,-1.926397681236267,-6.223938941955566,-3.4453988075256348,-2.7372512817382812,0.5029792785644531
223,Kim dracula - Error_ Corrupted File myfreemp3.vip .mp3,-153.1424102783203,106.2882080078125,-1.8574848175048828,15.328259468078613,1.5937097072601318,10.449390411376953,-0.2382633537054062,4.467118740081787,5.5212249755859375,9.38951587677002,6.853774070739746,1.7042109966278076,-1.9810436964035034,0.7704926133155823,-0.13780367374420166,2.424461603164673,1.0427180528640747,5.5694427490234375,5.910775661468506,2.4064483642578125
224,kim dracula - Paparazzi.mp3,-95.7544174194336,96.32633209228516,4.4297075271606445,14.951922416687012,2.3772130012512207,12.683005332946777,0.7442700862884521,9.258220672607422,0.5568112730979919,5.778685569763184,-0.12903955578804016,6.550810813903809,5.034201622009277,1.979131817817688,3.0827455520629883,5.192506313323975,-1.2885452508926392,2.107128143310547,-1.1954436302185059,0.947228729724884
225,Kina - Can We Kiss Forever.mp3,-278.8575134277344,119.26042175292969,12.179211616516113,1.7220996618270874,-11.253087997436523,-17.106693267822266,-14.969795227050781,-18.84037208557129,-10.297972679138184,-7.150746822357178,-10.81293773651123,-8.069443702697754,-10.422330856323242,-3.5974903106689453,-6.2649407386779785,-2.136186361312866,0.05313543602824211,0.6847422122955322,-1.231169581413269,4.260880470275879
226,King Arthur - Keep It Coming .mp3,-9.234421730041504,62.804527282714844,-3.9385688304901123,19.8111572265625,3.100008964538574,14.691246032714844,3.8806300163269043,9.572199821472168,2.4022645950317383,6.227797508239746,1.4325177669525146,3.6590683460235596,-0.27617698907852173,4.4323225021362305,-0.5476879477500916,3.2071785926818848,-0.39648938179016113,2.754019021987915,-0.8747678399085999,4.570524215698242
227,Klyne - Waiting.mp3,-126.85879516601562,112.44746398925781,10.129502296447754,27.823883056640625,18.387643814086914,7.915305137634277,1.2172938585281372,3.5585412979125977,-4.318080902099609,0.9656213521957397,-5.063103675842285,-0.12325574457645416,-6.653619289398193,-2.7505109310150146,-1.925702452659607,-0.4064468443393707,-3.3471364974975586,2.812487840652466,-3.51873779296875,1.1181471347808838
228,Kløn - Toss a Coin to Your Witcher.mp3,-79.15052795410156,75.27581787109375,3.569791793823242,16.343374252319336,-4.061944961547852,4.030154705047607,-9.20815372467041,3.3070101737976074,-9.511833190917969,-2.9359943866729736,-9.062650680541992,-2.258774995803833,-7.353067874908447,-3.2946784496307373,-4.039282321929932,-1.857681393623352,-3.824528217315674,-1.8123937845230103,-4.8052592277526855,-0.6715404987335205
229,Krewella - Good On You.mp3,-59.00557327270508,84.50778198242188,11.099091529846191,27.801137924194336,1.8759194612503052,6.735424518585205,8.112606048583984,5.5222697257995605,0.9391165375709534,9.716527938842773,-3.163336992263794,3.467752695083618,0.04026390612125397,8.12612247467041,-0.7467074394226074,6.621440887451172,1.480561375617981,3.929082155227661,0.4705381393432617,7.251650810241699
230,Krewella - Greenlights.mp3,-43.01717758178711,74.87798309326172,7.97280740737915,10.633583068847656,4.862111568450928,3.0339150428771973,4.282511234283447,3.488767147064209,1.7459183931350708,8.84694766998291,-1.098320484161377,5.9043989181518555,-2.8443892002105713,5.926148414611816,0.28739047050476074,6.07655143737793,3.566296339035034,6.5778679847717285,2.388288736343384,7.703793048858643
231,Krewella - Killin-' It.mp3,-11.63260555267334,41.55435562133789,10.300783157348633,12.682711601257324,-3.1577956676483154,5.740410804748535,2.892902374267578,4.047682762145996,1.7207614183425903,8.38656997680664,-0.8433547616004944,4.8973212242126465,-1.0326999425888062,2.818293333053589,-1.7622497081756592,3.769536018371582,0.5527908205986023,5.777476787567139,0.3080798089504242,4.234507083892822
232,Krewella - This Is Not the End.mp3,5.796119213104248,31.26805305480957,1.562626838684082,19.438039779663086,-0.5435990691184998,7.393357276916504,3.1898717880249023,9.242738723754883,2.4700160026550293,8.426074028015137,-2.794475555419922,8.760704040527344,1.7581812143325806,6.006761074066162,-1.1814743280410767,0.7856953740119934,-2.7870981693267822,0.6664425134658813,-3.8685879707336426,2.6559605598449707
233,"Krewella, Yellow Claw - New World (Music Video) ft. Vava.mp3",-45.972923278808594,55.1197624206543,5.909132957458496,17.356260299682617,3.8357386589050293,11.040653228759766,4.804268836975098,5.958127021789551,5.526993751525879,8.032809257507324,0.43717512488365173,5.644852161407471,0.8215188980102539,7.642533302307129,1.0354236364364624,4.989455223083496,-0.37679165601730347,3.9861021041870117,1.4410344362258911,4.9280500411987305
234,"Kris Kross Amsterdam, The Boy Next Door feat. Conor Maynard - Whenever my-free-mp3s.com .mp3",-59.38304901123047,66.11373901367188,19.846330642700195,30.05671501159668,11.610977172851562,-1.639695644378662,1.4534119367599487,6.506205081939697,-1.969655990600586,3.9827375411987305,-1.5382519960403442,0.08380503952503204,-4.732292652130127,0.5569537878036499,-1.6629472970962524,-0.234648197889328,-2.216935157775879,2.721165180206299,-2.3361330032348633,-1.6073133945465088
235,KSHMR & Marnik - Bazaar (Official Sunburn Goa 2015 Anthem) my-free-mp3s.com .mp3,15.281747817993164,58.952186584472656,-11.106240272521973,6.193644046783447,-5.405104637145996,5.743621349334717,-0.4968401789665222,5.130371570587158,-0.010714841075241566,4.87626314163208,-0.2768877148628235,3.647388219833374,-0.8009928464889526,4.826647758483887,-1.0418031215667725,3.360724687576294,-1.8165961503982544,-0.0739956945180893,-3.674994707107544,1.4062414169311523
236,KSHMR - Do Bad Well (feat. Nevve).mp3,-38.949188232421875,92.48753356933594,-5.899815559387207,11.073259353637695,-1.0401989221572876,7.8210039138793945,4.2086968421936035,3.7589266300201416,-0.680768609046936,3.596209764480591,-1.0718250274658203,0.7794422507286072,-3.2398505210876465,0.9984890818595886,-1.3748764991760254,2.099583864212036,-2.2130491733551025,3.3919339179992676,-1.4268203973770142,0.7720340490341187
237,KSHMR feat. Mike Waters - My Best Life my-free-mp3s.com .mp3,-61.395206451416016,61.025516510009766,0.7897881865501404,12.092191696166992,3.6703476905822754,6.205569267272949,-5.942835807800293,1.9669355154037476,-2.5244734287261963,0.230244979262352,-4.144678592681885,1.927221417427063,-3.455669403076172,2.3931589126586914,0.16024847328662872,3.4849495887756348,-2.7757980823516846,1.9744696617126465,-3.212054491043091,0.6593281030654907
238,KSHMR feat. Sidnie Tipton - Wild Card my-free-mp3s.com .mp3,-6.181886196136475,61.576690673828125,-6.537775039672852,3.3734383583068848,1.912987470626831,4.56361198425293,-1.250745177268982,1.4465373754501343,-2.4434406757354736,2.3885533809661865,-5.738231182098389,2.180281400680542,-3.3477113246917725,4.1257004737854,-0.11900690943002701,5.129418849945068,0.9892324805259705,3.6364121437072754,-0.26508641242980957,5.14752197265625
239,"KSHMR, Lost Stories feat. Kavita Seth - Bombay Dreams (feat. Kavita Seth) my-free-mp3s.com .mp3",-65.65608978271484,72.84904479980469,5.459718227386475,20.181434631347656,-1.4754693508148193,10.965699195861816,2.023066520690918,0.08156164735555649,2.5836150646209717,7.3772664070129395,0.7060839533805847,6.3053693771362305,-4.125894069671631,0.649017333984375,-4.060089111328125,1.0631749629974365,2.6769583225250244,6.015219688415527,4.033228397369385,7.726415157318115
240,"KSHMR, Marnik feat. Mitika - Mandala my-free-mp3s.com .mp3",8.959371566772461,61.186058044433594,-18.138015747070312,14.246809959411621,-2.145512580871582,6.041617393493652,-0.04294789955019951,1.5165624618530273,-2.955045223236084,3.1449058055877686,-3.0479371547698975,2.989922285079956,-1.9867204427719116,2.871607780456543,-3.4377617835998535,0.5617498159408569,-2.901211738586426,1.6316096782684326,-1.3870288133621216,4.382740497589111
241,Kura - Jinx .mp3,-41.80588912963867,85.65906524658203,-2.0439293384552,12.453381538391113,-0.3647826015949249,10.780374526977539,-1.2325605154037476,3.6781702041625977,2.2242836952209473,3.941345691680908,0.15177735686302185,4.931259632110596,-2.199740171432495,1.517823338508606,-4.792605876922607,0.2908971309661865,-2.9381635189056396,-1.8799288272857666,-4.135134220123291,1.582627773284912
242,Kygo & Imagine Dragons - Born To Be Yours (Lyric Video).mp3,-76.5435791015625,89.82796478271484,-3.653902292251587,14.148713111877441,-2.2835280895233154,0.7767524123191833,-6.651299476623535,3.3947386741638184,-5.736535549163818,1.2914268970489502,1.9000258445739746,1.0548176765441895,-2.409154176712036,-1.603381872177124,-8.601543426513672,-0.4345618784427643,-7.862461566925049,-2.7905166149139404,-6.096724987030029,-2.562196969985962
243,Kygo - Firestone (Lyric Video) ft. Conrad Sewell.mp3,-159.0638427734375,100.04281616210938,10.530986785888672,12.578596115112305,0.6157117486000061,3.6859958171844482,-8.87668514251709,1.167211651802063,-7.559535026550293,0.9478386640548706,1.7432175874710083,-1.2369345426559448,1.7496697902679443,-0.43715715408325195,-8.449748039245605,-6.232739448547363,-8.742696762084961,-2.9063031673431396,-6.160082817077637,-0.7026388049125671
244,Kygo - Like It Is.mp3,-74.03256225585938,79.89777374267578,4.1378302574157715,13.792333602905273,1.230610728263855,-0.2057545930147171,6.060835361480713,-8.465730667114258,1.3749358654022217,-2.5120608806610107,-7.104015350341797,0.8143548965454102,-4.302903652191162,2.3474314212799072,-6.254700183868408,-2.2562732696533203,-4.580543518066406,-0.7169215083122253,-3.3176076412200928,2.5029244422912598
245,"Kygo, Chelsea Cutler - Not Ok my-free-mp3s.com .mp3",-86.9358901977539,86.37361145019531,8.066862106323242,8.590415000915527,4.424907207489014,-2.179168462753296,-2.479942560195923,-0.6838443279266357,1.5773389339447021,-1.614567756652832,-6.853919506072998,-2.57694935798645,-5.1888580322265625,-2.294541597366333,-3.625908851623535,2.516622543334961,-6.127562046051025,0.08010268956422806,-5.970837116241455,0.1533799171447754
246,Labrinth - All For Us.mp3,-140.95106506347656,115.0407485961914,-2.404088020324707,6.617956161499023,0.037565767765045166,6.704283714294434,-6.583511829376221,8.350104331970215,-9.02186107635498,2.4984872341156006,3.6275293827056885,-1.249280333518982,-0.5531783699989319,1.5752317905426025,-1.1057839393615723,1.7915560007095337,-5.6586456298828125,2.558300256729126,-0.888100802898407,-3.8752448558807373
247,Labrinth - Forever.mp3,-147.60008239746094,128.89971923828125,-12.71973991394043,-0.004111375194042921,0.3039129674434662,4.1965789794921875,-4.345550060272217,1.4716260433197021,-9.88375186920166,-7.914196014404297,2.4352030754089355,-0.7448605298995972,-8.527623176574707,-4.7562737464904785,-4.785809516906738,2.2801501750946045,-3.327943801879883,-1.3278653621673584,1.622748613357544,-4.552333831787109
248,Labrinth - Formula.mp3,-123.204833984375,107.08140563964844,-1.7656733989715576,22.038455963134766,3.900923252105713,11.376638412475586,4.5811262130737305,17.1368350982666,1.6030519008636475,12.986499786376953,1.0428996086120605,5.888941287994385,2.322366237640381,9.004295349121094,3.0094807147979736,6.038640975952148,-0.7500216960906982,0.17104829847812653,-8.314470291137695,-1.5749783515930176
249,Labrinth - Still Don-'t Know My Name.mp3,-95.37017059326172,118.99749755859375,-0.057288214564323425,19.69804573059082,-1.2499299049377441,13.318163871765137,7.610413551330566,12.333819389343262,-3.6658239364624023,5.605898380279541,-0.6773080825805664,2.2792913913726807,-0.03833739832043648,-0.03596078231930733,-5.024221897125244,1.4111696481704712,-3.351003408432007,2.0563313961029053,-2.152104616165161,0.2968764901161194
250,Labrinth - When I R.I.P..mp3,-134.47341918945312,131.7863311767578,-3.817577600479126,17.667762756347656,1.4669843912124634,9.171156883239746,-1.1374866962432861,2.726748466491699,-6.7329630851745605,2.611720085144043,0.35233163833618164,2.185408592224121,-1.0262986421585083,-1.1829872131347656,-2.882969856262207,3.8096277713775635,-6.127734661102295,2.401890993118286,-1.1445413827896118,-2.7298331260681152
251,Lalinea - An Issue.mp3,-145.16622924804688,89.5782470703125,11.274046897888184,0.9779329895973206,-11.298954010009766,3.1129209995269775,-4.134394645690918,9.384790420532227,3.6280064582824707,12.392378807067871,4.927127361297607,7.468359470367432,5.261597156524658,5.427721977233887,2.357537031173706,7.413865566253662,-0.5714662075042725,1.6023749113082886,-2.829185962677002,4.521291732788086
252,Landis - Hit The Flow .mp3,-23.660839080810547,63.15419006347656,-1.4427440166473389,21.350509643554688,0.6769501566886902,16.752355575561523,0.3192312717437744,7.942911148071289,-0.3431066572666168,6.289911270141602,1.745208978652954,5.267827033996582,-1.3270540237426758,0.6074479818344116,-3.144723653793335,3.099111318588257,-0.25483089685440063,2.475806951522827,1.361665964126587,7.086673259735107
253,Last Dinosaurs - Zoom.mp3,-19.44408416748047,90.30276489257812,-13.328712463378906,24.084177017211914,12.318666458129883,10.236708641052246,-0.6925109028816223,8.079586029052734,-1.5006763935089111,7.804255485534668,-2.977883815765381,0.11040160059928894,1.431700587272644,2.2249176502227783,-2.1186978816986084,4.997042655944824,-3.7619056701660156,2.462357997894287,-4.698071002960205,0.0256701298058033
254,Laszlo - Fall to Light.mp3,11.06361198425293,53.58294677734375,-8.564805030822754,7.9488019943237305,-4.224404811859131,5.078416347503662,-1.8290435075759888,7.211669445037842,-0.8504578471183777,4.605268478393555,0.08651835471391678,5.643319129943848,2.0645880699157715,5.961642265319824,2.073253870010376,4.737331390380859,-1.4367072582244873,0.965810239315033,-3.1289215087890625,2.174017906188965
255,"LAY,_Alan_Walker_-_Sheep_(Alan_Walker_Relift)_Pesni-Tut.mp3",-68.64802551269531,59.86201095581055,14.894198417663574,8.183629989624023,1.61918044090271,10.225005149841309,3.962172269821167,4.677803039550781,-0.24309277534484863,6.483788967132568,0.6184631586074829,4.90581750869751,1.6404471397399902,3.8285186290740967,2.0880966186523438,2.6855826377868652,-0.28150245547294617,5.2225189208984375,1.0839484930038452,4.120739459991455
256,Le Castle Vania - John Wick Mode.mp3,-59.519535064697266,89.53668212890625,8.023931503295898,35.3555793762207,4.722884178161621,10.872057914733887,6.194386959075928,9.900352478027344,2.0845894813537598,9.589261054992676,2.954475164413452,6.868052959442139,3.0013935565948486,4.469030380249023,-2.6156771183013916,2.678297281265259,0.28627192974090576,3.1445250511169434,-0.5535702705383301,2.924287796020508
257,Le Castle Vania - LED Spirals.mp3,-158.82118225097656,108.77786254882812,-14.84571361541748,24.20635414123535,7.791439056396484,11.300650596618652,2.8512678146362305,8.301928520202637,3.3686087131500244,5.38230562210083,1.9695404767990112,3.8007352352142334,1.6914176940917969,2.6328961849212646,0.7908971905708313,3.785971164703369,3.506589651107788,5.661673069000244,3.6063740253448486,3.5637454986572266
258,Le Castle Vania - The Red Circle.mp3,-99.53600311279297,96.77855682373047,-2.286904811859131,38.48850631713867,9.131085395812988,13.908768653869629,6.341236591339111,9.819676399230957,3.2252378463745117,8.36484432220459,2.3092455863952637,5.570062637329102,2.5678017139434814,4.8477983474731445,0.6764234304428101,5.01558256149292,1.035662293434143,2.3485190868377686,2.4687933921813965,6.745863914489746
259,Leat-'eq - Tokyo (Lo-Fi version).mp3,-197.039794921875,121.93657684326172,-11.49959659576416,30.47581672668457,-1.9905757904052734,3.08540415763855,-4.6117262840271,0.5381677150726318,-0.28973692655563354,1.7867475748062134,0.8584578037261963,3.7164924144744873,2.283750057220459,2.9820125102996826,2.314168930053711,1.1691920757293701,0.048528749495744705,-0.22463960945606232,-0.41626206040382385,-2.5515923500061035
260,Leat-'eq - Tokyo.mp3,-21.078998565673828,66.16954803466797,4.227447509765625,23.99672508239746,-1.669858694076538,5.6652936935424805,-4.46029806137085,1.2376514673233032,-1.8537335395812988,1.2443917989730835,-0.8863821029663086,2.178809881210327,-1.2029845714569092,2.2248146533966064,-0.6527901887893677,2.693091869354248,0.29083430767059326,3.130610227584839,-0.0492686852812767,0.019515233114361763
261,Leaving.mp3,-50.63721466064453,104.44593048095703,2.5159153938293457,27.558141708374023,7.802090167999268,9.684632301330566,-0.8615290522575378,6.941204071044922,-4.082562446594238,4.362615585327148,-2.6064279079437256,3.045454263687134,0.17937268316745758,3.7927098274230957,0.732971727848053,3.8345565795898438,-0.5863078832626343,1.2170506715774536,-3.113797664642334,-2.4788818359375
262,Lee Seung Gi - The Dreamers Dream (1).mp3,-197.6537322998047,123.03975677490234,19.575674057006836,11.15885066986084,5.622445106506348,4.760280132293701,-4.886574745178223,0.9688366651535034,-8.147412300109863,0.07141289860010147,-0.8634623289108276,-9.019554138183594,-3.0314230918884277,-4.310723781585693,-5.139210224151611,0.03910844773054123,-3.8814737796783447,-0.5483112931251526,-3.949284791946411,-5.327178001403809
263,Lewis Capaldi - Someone You Loved my-free-mp3s.com (1).mp3,-119.40872955322266,110.81854248046875,17.098899841308594,18.63051986694336,0.8698588013648987,9.339466094970703,-13.237868309020996,9.410406112670898,-6.227804183959961,-6.304464340209961,2.9547996520996094,-3.755100965499878,-2.3716847896575928,-1.976130723953247,-1.051425814628601,-2.2584598064422607,-11.384771347045898,2.9480972290039062,-2.863586664199829,-0.39673423767089844
264,Lido - 06_59 AM.mp3,-61.03304672241211,94.89950561523438,0.07901500910520554,15.617879867553711,6.86975622177124,7.67443323135376,-6.086554050445557,-5.151092529296875,-4.639049530029297,0.43085989356040955,-8.019450187683105,-0.6793414950370789,-1.547035574913025,1.3453646898269653,-1.0910004377365112,3.224113941192627,-0.31095972657203674,2.8828999996185303,-4.319007873535156,3.984104633331299
265,Lido - Too Late !.mp3,-306.6347961425781,140.49913024902344,18.406831741333008,15.333919525146484,-2.4081053733825684,-5.885461807250977,-8.1133394241333,-10.04578971862793,-7.827083110809326,-6.704289436340332,-9.02995777130127,-4.161657333374023,-5.170669078826904,-3.15268874168396,-4.7469258308410645,-5.64510440826416,-5.6768999099731445,-2.7289085388183594,-2.6707746982574463,1.1895434856414795
266,Lil Nas X - Old Town Road (feat. Billy Ray Cyrus) [Remix].mp3,-113.25118255615234,79.25138854980469,6.403324127197266,9.521186828613281,9.101888656616211,-2.5260138511657715,-3.6605353355407715,-1.815148949623108,-15.159340858459473,5.236841678619385,-9.512317657470703,1.4471367597579956,-3.043396472930908,-0.9233277440071106,-0.11945077776908875,2.190603256225586,-1.6332497596740723,0.610852837562561,0.45972776412963867,0.6707897782325745
267,Lil Nas X - Panini my-free-mp3s.com .mp3,-84.11787414550781,87.93675994873047,22.57880210876465,12.872435569763184,9.438854217529297,4.315824031829834,11.24960994720459,3.807569980621338,-0.18089993298053741,2.8385262489318848,-5.653197765350342,5.24284029006958,1.325190544128418,2.4126744270324707,-1.659995675086975,5.520781517028809,-2.8380184173583984,1.221165418624878,1.5739076137542725,2.028486728668213
268,Lil Tecca - Selection.mp3,-84.28218841552734,57.42167282104492,-8.427706718444824,8.259356498718262,-8.964747428894043,-15.711854934692383,-13.046343803405762,-6.001223087310791,-13.518224716186523,3.8840079307556152,-5.596766948699951,4.796823501586914,-0.7766398191452026,-7.836570739746094,-0.16397736966609955,-0.831749677658081,-12.439757347106934,1.361855149269104,-5.173067569732666,-6.580164432525635
269,Limbo - Airplane Mode.mp3,-243.11758422851562,104.8409652709961,15.08657455444336,6.393471717834473,-16.035165786743164,-21.38130760192871,-5.079723358154297,-3.055785894393921,4.738962173461914,11.275626182556152,-0.42431536316871643,6.7118635177612305,-1.1281330585479736,8.519115447998047,-3.2545220851898193,3.791055679321289,-0.2184746116399765,1.8997660875320435,7.5178656578063965,7.450985908508301
270,Lind Erebros - Ship Battle.mp3,-114.55278778076172,178.84149169921875,-7.080042362213135,33.88168716430664,6.511416912078857,10.02783489227295,9.549880981445312,11.658147811889648,3.8442721366882324,4.665879726409912,-2.1381683349609375,5.629204750061035,0.7002915143966675,5.563117504119873,3.514380931854248,4.725932598114014,2.1481919288635254,1.882073163986206,-2.0138490200042725,2.2712721824645996
271,Lindsay Lowend - Too Cold For Slugs.mp3,-225.36888122558594,118.91514587402344,33.600059509277344,30.449499130249023,9.20367431640625,14.419717788696289,10.882790565490723,1.9033427238464355,-6.208564758300781,-2.594705820083618,-1.2914283275604248,2.619795083999634,-0.9660609364509583,-1.265866756439209,-1.3802062273025513,1.9066369533538818,-1.6956557035446167,-4.159473896026611,-5.493229389190674,-1.9116228818893433
272,Lindsey Stirling - Crystallize.mp3,-86.52925109863281,85.88085174560547,15.764437675476074,27.21730613708496,5.885771751403809,9.554361343383789,0.7809457778930664,2.9117112159729004,1.414254903793335,4.599994659423828,-2.120453357696533,4.344271659851074,-1.980771541595459,0.8807847499847412,-0.5267462134361267,4.940605640411377,4.779479503631592,7.582010746002197,2.0238187313079834,7.701988697052002
273,Lindsey Stirling - Roundtable Rival.mp3,-22.33711051940918,66.70063018798828,-23.249027252197266,23.80976676940918,-3.0245048999786377,4.259939670562744,2.006866931915283,7.8288469314575195,3.959585189819336,5.63821268081665,-2.2854111194610596,4.953589916229248,0.3581225574016571,3.703753709793091,-0.18943968415260315,4.092437267303467,-0.14857162535190582,5.223423957824707,-3.1994998455047607,0.1715480536222458
274,Liue - Suffer With Me.mp3,-19.190902709960938,95.53076171875,-1.9837929010391235,12.331570625305176,6.440608024597168,9.822694778442383,4.527953624725342,8.539105415344238,1.2795065641403198,3.132453203201294,-2.268446445465088,0.7557839751243591,0.3276121914386749,5.008627891540527,1.0266385078430176,4.214522838592529,0.9425767660140991,1.6244927644729614,-3.4586827754974365,0.5497635006904602
275,"LNY TNZ, Yellow Claw, Diplo feat. Travis Porter, Kai, Imanos, Faustix - Techno my-free-mp3s.com .mp3",-12.142619132995605,74.2397689819336,9.219320297241211,5.638139247894287,3.3037476539611816,9.012930870056152,-2.432624101638794,9.619682312011719,-0.9220691323280334,5.126944065093994,-0.8978453278541565,1.222389578819275,-2.019683599472046,1.635663628578186,-3.2445034980773926,3.0468647480010986,-2.490841865539551,0.7845532298088074,-2.153782606124878,0.6065289974212646
276,Lodola - High Enough (feat. Pikes).mp3,-101.73407745361328,106.06173706054688,-8.316375732421875,9.095565795898438,-0.5933275818824768,4.771395683288574,-2.984977960586548,0.8990878462791443,-4.550012588500977,1.836594581604004,-4.573618412017822,-4.949166297912598,-9.506613731384277,-3.703798294067383,-0.3580613434314728,3.857525110244751,0.900287389755249,5.414796829223633,-0.3160344660282135,0.2767857313156128
277,Lofi Fruits Music - Il Vento D-'oro.mp3,-243.28916931152344,125.52842712402344,6.411585807800293,29.754371643066406,6.757961750030518,12.193367004394531,7.200586795806885,5.005434036254883,-4.996365547180176,-0.768799901008606,0.5002954006195068,8.03853988647461,8.168050765991211,0.08658476173877716,-2.1318981647491455,-2.1614608764648438,-5.369552135467529,-6.060670375823975,-3.264956474304199,5.186653137207031
278,Loflysound - blossom.mp3,-268.79132080078125,191.82269287109375,3.8683061599731445,-34.26387405395508,-9.291955947875977,10.517877578735352,3.6181998252868652,-5.805852890014648,2.095534324645996,10.786401748657227,5.253467082977295,-3.7254838943481445,-1.945154070854187,4.806493759155273,0.20537734031677246,-7.128235340118408,-5.944761276245117,-6.375551700592041,-9.566895484924316,-9.140774726867676
279,Logic - Homicide.mp3,-85.56715393066406,44.71368408203125,-8.900254249572754,17.099517822265625,-7.170899391174316,2.1759045124053955,-16.571029663085938,-2.9976413249969482,-10.051915168762207,-2.496755361557007,-7.333042621612549,0.9997572898864746,-4.473200798034668,-0.54352205991745,-3.941683530807495,-2.069862127304077,-9.246442794799805,0.07958998531103134,-6.6265411376953125,-2.1284520626068115
280,Logic - Icy.mp3,-113.25595092773438,98.90789031982422,15.601791381835938,14.748658180236816,6.518360137939453,11.217496871948242,-4.529867649078369,5.554257869720459,-3.456521511077881,-0.041064005345106125,2.3851358890533447,5.592967510223389,-0.5508959293365479,3.4495296478271484,2.5739905834198,1.2785197496414185,-2.736837148666382,-0.24346786737442017,-5.299994468688965,-0.5979197025299072
281,"LOMELI - Surface, Dogma II.mp3",-98.00482177734375,114.35865783691406,-7.031169891357422,26.898653030395508,-2.867439031600952,6.150919437408447,-6.464151382446289,1.0721925497055054,-6.210842132568359,4.20772123336792,-1.8761276006698608,3.068955421447754,-0.34501397609710693,3.881847620010376,0.5195180177688599,2.456301212310791,-2.867901563644409,0.5868463516235352,-7.2061285972595215,-1.067501187324524
282,LOOPERS - Out Of Control.mp3,-1.269809603691101,70.32353210449219,-10.859237670898438,17.520387649536133,-0.6631044149398804,15.780540466308594,7.653573036193848,13.079328536987305,3.539926528930664,9.117220878601074,1.7622543573379517,5.2999653816223145,-2.783045530319214,1.4795559644699097,-1.7621772289276123,3.311326742172241,-0.6599157452583313,4.716857433319092,1.4887762069702148,3.3758385181427
283,Lord Huron - The Night We Met.mp3,-168.8100128173828,136.72862243652344,-17.75326919555664,23.437849044799805,3.9865059852600098,-2.931314468383789,-1.4462127685546875,-7.817730903625488,-14.851517677307129,-3.7607312202453613,-13.055761337280273,-5.233099937438965,-6.024591445922852,-1.7079116106033325,-2.5418548583984375,-2.713759422302246,-3.0951449871063232,1.1236704587936401,-2.0815651416778564,-2.8276987075805664
284,Losi - If Only (Mega Collab).mp3,-97.76087188720703,106.11164855957031,-15.0853271484375,6.503377437591553,-3.8953354358673096,-3.1475300788879395,-8.012238502502441,-3.1987452507019043,-7.917634963989258,-3.3336641788482666,-8.70535659790039,-0.06897561997175217,-6.290755748748779,-1.9221323728561401,-2.9865477085113525,-3.4388434886932373,-6.518609046936035,-3.2609310150146484,-3.1120851039886475,-0.022224964573979378
285,Losi - SUNDAY SUNDAY.mp3,-70.14776611328125,78.5208511352539,3.609612226486206,21.67085075378418,5.0981764793396,6.6236042976379395,0.4251296818256378,3.373687982559204,1.0792169570922852,5.505876064300537,-3.0266411304473877,1.9842952489852905,-1.7988463640213013,0.6897971034049988,-1.5371901988983154,3.932551622390747,-0.28127145767211914,3.18866229057312,2.350285291671753,4.68049955368042
286,Lost Frequencies - Are You with Me my-free-mp3s.com .mp3,-142.62109375,109.54151916503906,4.280744552612305,20.051227569580078,7.257199764251709,-4.9739484786987305,-6.7894606590271,6.791131973266602,-5.905651092529297,-14.861361503601074,-11.691545486450195,-1.283897876739502,-9.928287506103516,-9.498437881469727,-7.409079551696777,-2.804760456085205,-7.235378742218018,7.514226913452148,1.1633129119873047,-1.8773295879364014
287,Lost Frequencies - Love To Go.mp3,-83.56153869628906,120.99600982666016,8.265880584716797,25.690397262573242,5.051476955413818,12.751440048217773,1.206500768661499,10.14741039276123,-3.252692222595215,5.004783630371094,-0.6027119159698486,3.2261624336242676,-2.0524752140045166,1.987386703491211,-2.634193181991577,0.020721949636936188,-4.08491849899292,0.7108539938926697,-4.392420291900635,-1.6612894535064697
288,Lost Frequencies - Paninaro.mp3,-110.96195983886719,86.70341491699219,-8.58530330657959,-0.28432416915893555,-3.2389004230499268,8.920007705688477,-6.459109783172607,-1.4308499097824097,-3.1770119667053223,2.79705810546875,1.9380148649215698,3.029214859008789,-2.1660852432250977,-0.4503277838230133,-3.691896677017212,-1.192445158958435,-3.138313055038452,-3.140136957168579,-2.74185848236084,4.414331436157227
289,Lost Frequencies feat. Janieck Devy - Reality (feat. Janieck Devy) my-free-mp3s.com .mp3,-91.2530288696289,78.3368911743164,5.59831428527832,25.599853515625,14.71965503692627,6.476098537445068,1.1997777223587036,9.490654945373535,-3.601890802383423,1.967655062675476,-4.293205738067627,6.696179389953613,-2.23636531829834,-3.185340642929077,-7.992772102355957,-1.895559549331665,-5.5160651206970215,-4.99302864074707,-4.175482273101807,-2.7186949253082275
290,Lost Kings feat. Sabrina Carpenter - First Love my-free-mp3s.com .mp3,-41.273704528808594,67.79847717285156,1.7731258869171143,12.536845207214355,0.40621790289878845,4.666529655456543,-2.4013607501983643,0.7390531897544861,0.2278040498495102,-0.06499885022640228,-4.354702472686768,0.7199243307113647,-3.084338426589966,2.257131338119507,-3.7270333766937256,-0.5864299535751343,-0.7467033267021179,1.3926618099212646,0.21375297009944916,4.286032676696777
291,Lost Sky - Dreams.mp3,-50.592655181884766,99.70283508300781,1.7810853719711304,14.803117752075195,1.6551138162612915,5.697344779968262,-3.9758822917938232,3.5414741039276123,-3.4638803005218506,1.2074286937713623,-2.5994205474853516,1.167185664176941,-2.468048095703125,2.196298122406006,-2.130431652069092,1.6905083656311035,-1.2491190433502197,1.8087652921676636,-1.9915190935134888,1.8020267486572266
292,Lost Sky - Fearless.mp3,-38.641231536865234,101.94964599609375,-7.665548801422119,14.046210289001465,1.1320356130599976,1.8990339040756226,0.334579735994339,0.585162878036499,-5.321193218231201,0.9010912775993347,-2.715818405151367,0.3933601975440979,-5.259932041168213,1.4844114780426025,-0.8253303170204163,2.22995924949646,-2.5916197299957275,-3.112187623977661,-7.0173492431640625,-0.9622598886489868
293,Lost Sky - Forever.mp3,-17.41718864440918,92.80681610107422,-7.152214527130127,21.700693130493164,0.9654445648193359,2.9816484451293945,-0.2601567804813385,3.7116501331329346,-3.913785934448242,3.3596079349517822,-3.4759137630462646,5.322952747344971,-3.3864502906799316,0.878089964389801,-2.446780204772949,0.29229840636253357,-3.965864419937134,1.4518592357635498,0.2946752607822418,4.3022918701171875
294,Lost Sky - Vision.mp3,-49.11937713623047,102.3193130493164,7.895125389099121,21.872034072875977,3.3032238483428955,8.042326927185059,0.01895543932914734,6.56560754776001,-2.718796968460083,3.104616403579712,-2.552255630493164,1.372426152229309,-3.9650237560272217,0.49819231033325195,-3.2597880363464355,0.4840075671672821,-0.775061309337616,2.3983731269836426,0.4381692409515381,3.881737470626831
295,Lost Sky - Where We Started.mp3,-89.3123550415039,116.51982116699219,-5.929006099700928,8.99954891204834,1.6968178749084473,-1.861614465713501,7.675549030303955,-3.667360782623291,-2.3470537662506104,5.196332931518555,-6.930357456207275,0.8179143071174622,-4.2524733543396,1.6111702919006348,0.35274869203567505,2.9229347705841064,0.7938445210456848,-0.24317018687725067,-1.5342981815338135,3.4860384464263916
296,Loud Luxury - Body my-free-mp3s.com .mp3,-35.78216552734375,82.58623504638672,-9.249456405639648,10.97160816192627,9.59274673461914,11.186147689819336,2.475053071975708,9.029092788696289,0.6334052681922913,8.526862144470215,2.60343337059021,5.917824745178223,2.0269594192504883,4.432055473327637,-2.767646074295044,8.063756942749023,-5.230410575866699,1.6850523948669434,-0.50728440284729,0.4014239013195038
297,"Loud Luxury, Bryce Vine - I'm Not Alright my-free-mp3s.com .mp3",-45.92237854003906,79.52642822265625,4.615272045135498,13.134513854980469,2.2213802337646484,9.891003608703613,2.1493782997131348,0.8511447906494141,-0.960587203502655,4.248013973236084,2.59682297706604,5.019920349121094,-2.0851616859436035,2.4748990535736084,-5.9422454833984375,1.4546139240264893,-6.080616474151611,-1.366398811340332,-3.2874720096588135,0.08019232004880905
298,Lovers on the Sun (feat. Sam Martin).mp3,-22.49144744873047,94.43033599853516,-22.487491607666016,16.633907318115234,1.169925570487976,5.964864253997803,0.498967707157135,6.763876914978027,-0.984921395778656,3.8939208984375,-3.560058832168579,6.60804557800293,-1.765153169631958,1.9128471612930298,2.2630598545074463,0.7011678218841553,-2.330791473388672,2.1846117973327637,-4.489844799041748,-0.811580240726471
299,LSD - Audio.mp3,-61.367549896240234,90.62181854248047,-3.0280895233154297,13.306173324584961,-0.7218810319900513,2.8915939331054688,5.70425271987915,-2.6179146766662598,-4.564016342163086,2.4390013217926025,-0.8422145247459412,1.3872917890548706,-1.793872356414795,5.854020595550537,-3.3805932998657227,4.7634382247924805,0.2261509746313095,4.779821395874023,1.1456125974655151,10.556395530700684
300,LSD - No New Friends.mp3,-42.243316650390625,94.15607452392578,-5.484196186065674,20.00422477722168,7.705592155456543,3.537506103515625,7.476909160614014,-0.2074463814496994,3.540350914001465,4.043124675750732,-0.5379908084869385,4.074260234832764,-0.865725576877594,4.726043701171875,-2.7791976928710938,2.2111406326293945,-0.4006603956222534,3.768320083618164,-0.7720332741737366,4.222148895263672
301,LSD - Thunderclouds.mp3,-83.40270233154297,92.09056854248047,-2.2905869483947754,28.276552200317383,15.228004455566406,11.222987174987793,6.8369293212890625,1.8950190544128418,6.289916515350342,5.411887168884277,-3.190755605697632,3.888305187225342,-4.11532735824585,1.1655137538909912,-0.502052366733551,3.701235294342041,-0.836551308631897,4.104550361633301,0.6373316645622253,5.644439220428467
302,Lucas & Steve - Let-'s Go.mp3,-61.02507400512695,103.58550262451172,-15.187790870666504,9.601767539978027,2.7898943424224854,10.521777153015137,0.35157766938209534,5.054448127746582,1.3853719234466553,3.283435821533203,-2.3409171104431152,2.54046893119812,2.2948527336120605,4.538460731506348,-1.6302833557128906,-0.5411596298217773,-2.16583514213562,2.815469741821289,-0.34131455421447754,2.666572332382202
303,Lucas & Steve - Source my-free-mp3s.com .mp3,-51.30850601196289,68.89303588867188,-5.722276210784912,1.6014680862426758,-0.06498738378286362,8.98840618133545,-1.0697098970413208,3.040226936340332,3.2076022624969482,5.679902076721191,0.17174002528190613,4.999813079833984,-3.3537518978118896,0.05440708249807358,-6.731874465942383,-2.9472568035125732,-7.300267219543457,-0.7967023849487305,-3.0432801246643066,1.3790717124938965
304,Lucas & Steve - Up Till Dawn (On the Move) my-free-mp3s.com .mp3,-50.007781982421875,84.23637390136719,3.1366448402404785,14.962675094604492,7.0337700843811035,13.394372940063477,-0.971019983291626,1.9632611274719238,-5.42750883102417,0.7491880059242249,0.39705926179885864,0.8039058446884155,-3.3212015628814697,-5.11417293548584,-2.5354740619659424,-4.773770332336426,-7.078249454498291,1.049066424369812,-1.2781686782836914,4.573580741882324
305,"Lucas & Steve, Deepend - Long Way Home my-free-mp3s.com .mp3",-60.65238571166992,80.53465270996094,12.176471710205078,9.604264259338379,1.2529700994491577,10.408675193786621,-5.7451491355896,5.681230545043945,-0.575443685054779,2.963003396987915,-4.373592853546143,2.87264347076416,-3.944145679473877,-1.718790054321289,-3.793330430984497,-2.191060781478882,-5.063691139221191,0.17588461935520172,-3.193557024002075,0.22494326531887054
306,Ludovico Einaudi - Berlin Song.mp3,-327.7511291503906,181.02561950683594,28.70475196838379,6.890739917755127,16.022891998291016,3.285398244857788,-2.9389922618865967,-1.4872002601623535,-2.8880558013916016,-9.84787654876709,-13.611249923706055,-11.007406234741211,-6.583890914916992,-3.1973273754119873,-6.250728130340576,-10.762938499450684,-6.912412166595459,-2.2927651405334473,-2.959307909011841,0.19720712304115295
307,Ludovico Einaudi - Experience.mp3,-248.51373291015625,153.3754119873047,8.089692115783691,23.65456199645996,4.36366081237793,-0.004108237102627754,-2.25496244430542,-2.7839224338531494,-10.072970390319824,-6.7108869552612305,-9.22321891784668,-2.0604114532470703,0.955869734287262,2.6720147132873535,2.047488212585449,5.692453861236572,-1.459302544593811,1.6821082830429077,1.2443078756332397,-3.5131876468658447
308,Ludovico Einaudi - Fuori Dalla Notte.mp3,-371.63787841796875,160.14418029785156,-2.149040937423706,28.278858184814453,8.65430736541748,-1.7571152448654175,2.464423894882202,-3.022639751434326,-2.0363430976867676,-1.6934183835983276,-6.5481791496276855,-0.5363237857818604,0.32447728514671326,-2.4315128326416016,-2.327511787414551,-0.39606162905693054,-4.38899564743042,-3.2847695350646973,-5.1278767585754395,-7.113360404968262
309,Ludovico Einaudi - Solo (Album Version).mp3,-350.442626953125,155.13938903808594,42.69635772705078,7.163444995880127,12.932722091674805,6.424561500549316,-2.9581737518310547,-5.5517258644104,-6.239577770233154,-5.840280055999756,-5.181735515594482,-4.5439887046813965,-2.077486753463745,0.439167857170105,1.0445938110351562,1.6212260723114014,0.9520478844642639,-3.470089912414551,-6.790156364440918,-4.792177677154541
310,Ludovico Einaudi - The Snow Prelude No.15 (Album Version).mp3,-331.7574768066406,133.9901580810547,39.245460510253906,12.760200500488281,7.744885444641113,-0.5025187730789185,-1.872436761856079,-3.9264419078826904,-5.716241836547852,-2.388556480407715,-0.37398990988731384,-1.458044171333313,-0.7732480764389038,0.5721028447151184,0.16589045524597168,-1.8049490451812744,-4.881213188171387,-7.485194683074951,-8.461822509765625,-8.356807708740234
311,Ludwig Goransson - FREEPORT.mp3,-217.1776885986328,159.58946228027344,9.394065856933594,18.960330963134766,15.725081443786621,11.078020095825195,5.933671474456787,5.741485595703125,1.6898163557052612,1.5898946523666382,-0.6392847895622253,-0.1999119073152542,-0.2522147595882416,1.6590325832366943,-0.019497808068990707,1.2437771558761597,0.31914544105529785,0.6043020486831665,-0.3066461980342865,-1.2522506713867188
312,Lupe Fiasco - Shining Down.mp3,-17.67721939086914,79.5657958984375,0.07411173731088638,31.18326759338379,2.611476421356201,4.996857166290283,2.561450242996216,6.966611385345459,1.6492067575454712,7.593483924865723,0.8867719173431396,8.73886775970459,-1.3703337907791138,5.920574188232422,-0.844042956829071,2.970445394515991,-1.9983272552490234,4.00181245803833,-3.2227673530578613,2.377901315689087
313,LVNDSCAPE - Dive With Me (feat. Cathrine Lassen) .mp3,-68.41410827636719,80.57231903076172,16.419939041137695,18.318439483642578,2.9643313884735107,7.563892364501953,-0.42035728693008423,0.9321369528770447,-2.271416664123535,-2.7573068141937256,-2.696986675262451,0.032484591007232666,-3.742899179458618,4.327149868011475,-5.883321762084961,-2.8911688327789307,-2.6049342155456543,1.705797553062439,-0.2961437702178955,4.16779088973999
314,LVNDSCAPE - Home (feat. Jae Hall) [Official Audio].mp3,-86.23916625976562,77.77534484863281,24.636390686035156,18.193395614624023,5.578641414642334,14.847585678100586,2.407217025756836,4.873767852783203,1.74204683303833,5.079540729522705,-3.3883750438690186,5.978726863861084,-1.8315670490264893,4.460362911224365,0.8609387278556824,4.938028812408447,-0.3921392560005188,2.5101115703582764,-1.948547601699829,3.3218159675598145
315,"LVNDSCAPE, Rat City - Down Under (Short) 2019 my-free-mp3s.com .mp3",-87.0331802368164,82.70088958740234,14.702311515808105,19.211923599243164,2.7084624767303467,10.006003379821777,0.9114935994148254,5.923494815826416,2.688594341278076,10.32752799987793,-1.3526794910430908,3.2998127937316895,-2.8288323879241943,1.9463274478912354,-3.6636464595794678,3.6315135955810547,-1.7274343967437744,3.276092290878296,0.5521386861801147,2.2889575958251953
316,M83 - Midnight City.mp3,-47.34306335449219,92.00582885742188,2.13527774810791,15.222766876220703,-3.833470344543457,11.877129554748535,-4.211770057678223,4.583431720733643,-2.8607895374298096,6.47499942779541,8.273027420043945,7.919822692871094,0.3084368109703064,1.6635915040969849,-1.5584933757781982,0.21156179904937744,-5.48217248916626,0.13215161859989166,-3.520869255065918,-0.28577888011932373
317,Machine Gun Kelly - Hollywood Whore.mp3,-59.05571746826172,82.95101928710938,9.394819259643555,27.0871524810791,6.3317461013793945,9.363317489624023,-3.114935874938965,12.377506256103516,-0.21915508806705475,6.755669116973877,-5.87839412689209,2.2395286560058594,-1.121233582496643,-0.2761578857898712,1.0975861549377441,3.337735414505005,-2.419081687927246,2.6236956119537354,-2.139674186706543,2.805056095123291
318,"Machine Gun Kelly, X Ambassadors & Bebe Rexha - Home (from Bright The Album) [Official Video].mp3",-82.2148208618164,74.0394058227539,8.29609489440918,11.022796630859375,6.20229434967041,12.743254661560059,-1.7296274900436401,7.90564489364624,-3.4995858669281006,10.32082748413086,-2.0391111373901367,3.0762271881103516,5.311290264129639,1.3027851581573486,-5.5619893074035645,8.712367057800293,-3.626797676086426,-0.46662092208862305,6.094423770904541,1.8272759914398193
319,Madison Mars - Avalon my-free-mp3s.com .mp3,3.1892054080963135,74.78734588623047,3.093540668487549,17.457605361938477,9.364212989807129,10.931062698364258,2.6641478538513184,6.5302252769470215,-1.159734845161438,5.897162437438965,0.20409269630908966,4.552849292755127,-2.129199743270874,1.9635491371154785,-0.4724774956703186,3.718505859375,-0.19494447112083435,4.821131706237793,0.12163196504116058,4.797998428344727
320,Madison Mars - Back 2 Underground .mp3,20.042373657226562,60.36018371582031,-3.023268461227417,16.58955955505371,3.492494583129883,9.861173629760742,-2.444753885269165,4.216518402099609,-4.295508861541748,0.33017414808273315,-4.658708572387695,1.5535709857940674,-4.187411308288574,-0.02453993260860443,-3.4919040203094482,2.1625044345855713,-2.471356153488159,1.62938392162323,-2.15138578414917,0.8747217655181885
321,Madison Mars - Back To You.mp3,2.170360803604126,89.46133422851562,-6.924951076507568,8.175409317016602,-1.3348925113677979,3.6604511737823486,-1.826094388961792,-1.0364848375320435,-2.96510910987854,2.015432357788086,-2.6367905139923096,1.8908593654632568,-3.014984130859375,-0.2460557520389557,-3.9149703979492188,1.5022826194763184,-1.662584662437439,2.3487398624420166,0.21188433468341827,4.703295707702637
322,MAGIC! - Darts In The Dark (Audio).mp3,-80.12559509277344,92.81632232666016,-2.7944915294647217,10.842965126037598,5.116423606872559,6.952649116516113,5.191572666168213,4.387454032897949,-3.882380723953247,7.002384662628174,-5.393042087554932,5.941533088684082,-5.425256252288818,0.8521443009376526,0.5616192817687988,1.6098655462265015,-3.3116447925567627,4.342197418212891,-2.1030144691467285,-0.5199059844017029
323,Magic! - No Way No.mp3,-71.14601135253906,94.75434875488281,-13.629646301269531,11.341628074645996,0.96041339635849,1.1453322172164917,-0.377833753824234,0.1137930229306221,-6.60984468460083,9.133968353271484,-2.3049862384796143,7.980547904968262,2.8971009254455566,-0.035943884402513504,-0.21015885472297668,1.5639426708221436,-4.623194694519043,3.5170767307281494,-4.8900532722473145,-4.41705322265625
324,MAGIC! - Rude my-free-mp3s.com .mp3,-34.83912658691406,83.26697540283203,-7.920395851135254,21.289148330688477,10.195113182067871,5.9936137199401855,-2.126384973526001,6.22921895980835,-6.014697551727295,9.95398235321045,-8.171263694763184,6.758367538452148,-3.624880075454712,-0.2584976255893707,-0.23910246789455414,-2.716616153717041,-7.811115264892578,4.366471767425537,-1.8863402605056763,-2.638347864151001
325,Magnificence - Fire.mp3,-27.072607040405273,56.550575256347656,-4.958709239959717,26.589229583740234,5.046985149383545,14.239787101745605,6.48184871673584,11.11116886138916,1.4864673614501953,8.4085693359375,2.596606969833374,5.915035724639893,-0.5583013296127319,2.94988751411438,-0.000517943175509572,3.6132891178131104,-2.1504218578338623,2.902301788330078,-1.4302921295166016,2.8955252170562744
326,Mahmut Orhan - Feel feat. Sena Sener (Official Video).mp3,-73.96063995361328,70.34542846679688,10.660436630249023,20.971223831176758,4.885214805603027,11.10954761505127,0.9053218960762024,5.949827671051025,-2.4562933444976807,2.9439313411712646,-2.860335350036621,1.1395360231399536,-2.99438214302063,1.3281928300857544,-2.896009922027588,1.6111160516738892,-3.310316324234009,2.3861124515533447,-1.3289185762405396,-0.39406850934028625
327,Major Lazer & DJ Snake - Lean On (feat. MØ) (Official Music Video).mp3,-73.21881103515625,73.412109375,7.435013294219971,13.17633056640625,2.070687770843506,21.95303726196289,7.527305603027344,10.102897644042969,9.213095664978027,8.472013473510742,-3.6384449005126953,-1.648366928100586,-6.3260498046875,1.6473908424377441,-5.078097820281982,3.6704037189483643,-0.36230045557022095,1.6124333143234253,-0.9849793314933777,4.559317111968994
328,Major Lazer - Que Calor .mp3,-50.52558898925781,66.76427459716797,-7.289622783660889,8.278989791870117,-1.8007856607437134,6.107941150665283,-2.149047374725342,6.326969623565674,-0.7507588863372803,6.701482772827148,1.1375433206558228,6.747185230255127,0.6153910756111145,3.830204486846924,0.043727681040763855,3.3753607273101807,-1.074365496635437,4.850666046142578,-1.8431516885757446,1.4515280723571777
329,"Major Lazer - Tied Up (feat. Mr. Eazi, RAYE & Jake Gosling).mp3",-95.43069458007812,82.62000274658203,-3.1399176120758057,16.350543975830078,10.43421745300293,5.4575276374816895,2.972301483154297,8.63506031036377,-2.2787351608276367,10.475464820861816,1.5071072578430176,2.484856605529785,-1.4770609140396118,2.456338405609131,-3.5220999717712402,1.8943865299224854,-2.7063357830047607,1.8140976428985596,-2.744872808456421,1.1763056516647339
330,Major-Lazer-MOTi-Boom-ft.-Ty-Dolla-ign-Wizkid-Kranium.mp3,-49.88389205932617,69.41427612304688,6.619814395904541,17.967300415039062,7.707448482513428,8.15202808380127,6.603992938995361,10.298164367675781,3.2293362617492676,7.561396598815918,-1.4163645505905151,2.78761625289917,-0.8052489161491394,5.518023490905762,1.7132936716079712,5.401837348937988,-3.487100601196289,0.5111923217773438,-2.133145332336426,2.208394765853882
331,Major-Lazer-Particula-ft.-Nasty-C-Ice-Prince-Patoranking-x-Jidenna.mp3,-24.768367767333984,96.21649169921875,-8.843708992004395,21.534080505371094,5.473071098327637,10.779287338256836,-5.577284336090088,7.300194263458252,-3.0847926139831543,5.121310710906982,-3.1812610626220703,4.4914774894714355,-2.285255193710327,3.39332914352417,0.6868990659713745,5.413881778717041,-1.6600041389465332,3.6795260906219482,-2.053126335144043,-0.001378896296955645
332,Mallrat - Your Love.mp3,-50.67855453491211,108.35894775390625,0.679643988609314,10.336447715759277,2.8580305576324463,8.20654296875,3.455566167831421,4.365550518035889,-4.790095329284668,3.0138931274414062,-1.608325481414795,0.8240270018577576,-5.165982246398926,0.6864898204803467,-3.658522367477417,1.8930121660232544,1.9370630979537964,6.727636337280273,4.0393595695495605,5.515727996826172
333,Mamamoo   gogobebe.mp3,-38.66183090209961,76.37296295166016,0.0670948401093483,7.561845302581787,3.815192461013794,8.27808666229248,4.894256591796875,1.1159389019012451,0.31360408663749695,2.9755859375,-6.825263023376465,-0.23541593551635742,-2.0423808097839355,1.1901880502700806,-2.500110149383545,1.058437705039978,-2.4997718334198,0.5541157126426697,-2.2786865234375,-0.3243795335292816
334,Mamamoo - 별이 빛나는 밤 (Starry Night) [128 kbps].mp3,-39.54283142089844,103.36314392089844,1.9552518129348755,8.248702049255371,2.5180771350860596,-5.215578079223633,4.690277099609375,-5.908454895019531,1.3273078203201294,3.912851333618164,-13.543105125427246,0.114473856985569,-4.347865104675293,0.56464684009552,-1.8538599014282227,0.13924165070056915,-5.9402618408203125,-1.1939407587051392,-3.1089305877685547,-1.1623201370239258
335,Maman - Wherever You-'re Going - Acoustic.mp3,-169.8313446044922,133.07546997070312,4.938973903656006,5.4297990798950195,9.544662475585938,-2.258530378341675,-5.97719144821167,-0.4200674295425415,-16.03260612487793,-3.9685046672821045,-5.6816887855529785,-3.8455305099487305,-7.444183826446533,-2.7944424152374268,-10.6428804397583,-7.301182746887207,-12.763794898986816,-7.37737512588501,-8.12454891204834,-5.03598165512085
336,Maman - Wherever You-'re Going.mp3,-90.40376281738281,107.1432113647461,-10.0772123336792,14.279544830322266,0.44305524230003357,-3.1338276863098145,-2.846712827682495,-1.6819769144058228,-9.150233268737793,-2.1914172172546387,-6.296515464782715,1.70255708694458,-3.591271162033081,-1.6495872735977173,-4.319809913635254,-0.7863265872001648,-4.92516565322876,-1.6460516452789307,-6.51114559173584,-1.1298682689666748
337,Manila Killa - Atypical.mp3,-68.96199035644531,95.83729553222656,-0.17901474237442017,19.18575668334961,2.1838488578796387,6.314977169036865,-0.09969538450241089,1.187951922416687,-0.7800653576850891,0.826465904712677,-4.959113121032715,-1.5298889875411987,-2.076493263244629,-3.423349618911743,-5.554403305053711,-2.804547071456909,-1.56080162525177,0.4127042591571808,0.6251365542411804,1.9157201051712036
338,Manila Killa - Mean It.mp3,-109.91159057617188,110.61708068847656,15.853602409362793,23.992210388183594,-1.4139881134033203,4.282862186431885,-5.120368003845215,-0.7809410691261292,2.27335524559021,4.274495601654053,-2.4640560150146484,2.412036895751953,-3.7346274852752686,1.8742623329162598,-5.357561111450195,-2.5093510150909424,-8.750174522399902,-0.6966984272003174,-3.9523353576660156,-0.5241242051124573
339,Manila Killa - Skin.mp3,-55.97137451171875,93.23406219482422,-2.535269260406494,12.977648735046387,-3.4973278045654297,3.666482448577881,-4.821871280670166,5.268002033233643,-8.663731575012207,-0.33330193161964417,-5.078819751739502,0.6409310102462769,-1.2172276973724365,0.35062462091445923,-7.790844917297363,-3.290116786956787,-7.356901168823242,-3.050687313079834,-6.6924591064453125,0.27330195903778076
340,Manila Killa - Wake Up Call.mp3,-86.03336334228516,98.89169311523438,-3.1969072818756104,20.65489387512207,2.1429336071014404,11.431209564208984,-2.1492180824279785,4.911357402801514,-0.8981714248657227,3.3870816230773926,-3.4989588260650635,1.1769930124282837,-5.809753894805908,0.7606660723686218,-6.0703277587890625,0.6693492531776428,-2.459595203399658,1.6940176486968994,-1.539647102355957,3.4635961055755615
341,Marc Benjamin - Show You (Original Mix) my-free-mp3s.com .mp3,-44.084407806396484,80.37879943847656,4.84234619140625,20.867399215698242,-2.3206658363342285,14.418216705322266,0.1667078733444214,3.9508373737335205,2.7584826946258545,8.167792320251465,-1.6314455270767212,7.281041622161865,3.892738103866577,10.255511283874512,6.7044806480407715,8.848828315734863,3.3508052825927734,4.440735816955566,-2.538773775100708,-1.3411773443222046
342,Mareux - The Perfect Girl.mp3,-66.93994903564453,120.00831604003906,-26.239091873168945,50.34116744995117,-1.5989476442337036,2.6861801147460938,6.858861923217773,6.830016136169434,3.2267651557922363,9.55070972442627,-0.9264395833015442,4.567117691040039,0.5901657342910767,4.6213836669921875,5.060042381286621,8.163890838623047,-1.691658854484558,1.5289132595062256,-0.17719519138336182,-1.7008720636367798
343,Maribou State feat. Holly Walker - Tongue Original.mp3,-144.8445587158203,114.7826156616211,7.869975566864014,17.559534072875977,9.020793914794922,2.4783265590667725,6.4901299476623535,1.5595189332962036,-1.7117444276809692,3.947118043899536,-8.629985809326172,-4.124258995056152,-6.197891712188721,2.9289233684539795,0.5333274006843567,3.6242611408233643,-2.1128904819488525,-0.6055364012718201,-3.4542715549468994,3.112304449081421
344,Mark Dohner - 3 Sum.mp3,-124.21381378173828,91.61842346191406,13.444684982299805,24.25074577331543,11.453110694885254,10.633614540100098,-7.232447624206543,7.785231113433838,0.8683656454086304,6.883095741271973,1.0701674222946167,3.5498299598693848,1.2283804416656494,-0.18023309111595154,-0.813873827457428,2.4735002517700195,-6.779301643371582,2.9663798809051514,-2.2311880588531494,-3.1178596019744873
345,"Mark Sixma, Armin van Buuren - Panta Rhei my-free-mp3s.com .mp3",-1.5994774103164673,61.39300537109375,5.227260112762451,11.368196487426758,6.1810150146484375,9.191370010375977,4.43582010269165,7.564789772033691,2.0945117473602295,5.0436625480651855,0.5649479031562805,5.947774887084961,0.8370710611343384,4.985118389129639,0.2360980063676834,4.179128646850586,0.07144385576248169,4.07061243057251,-0.5175424814224243,3.1181321144104004
346,Marlus - night fool.mp3,-275.0869445800781,175.32521057128906,23.976585388183594,15.137016296386719,5.5157151222229,5.5082879066467285,-2.11824893951416,-5.756412029266357,-2.4958419799804688,-4.644259929656982,-4.2452569007873535,-2.145979642868042,-3.8513612747192383,-4.170756816864014,-5.267962455749512,-3.8374640941619873,-1.6879292726516724,-2.9779365062713623,-5.690808296203613,-5.0196213722229
347,Maroon 5 - Animals.mp3,-48.57843017578125,72.59454345703125,0.07806286960840225,28.853282928466797,5.023092746734619,13.48868179321289,1.8178372383117676,8.941778182983398,2.84773325920105,8.261359214782715,2.868635892868042,4.789941310882568,1.8362680673599243,2.911667585372925,0.27018797397613525,3.4212775230407715,-4.071089744567871,5.263198375701904,-0.18654611706733704,8.21292495727539
348,Maroon 5 - Beautiful Mistakes.mp3,-51.830596923828125,69.48365020751953,15.490248680114746,19.73941993713379,6.212901592254639,17.341896057128906,-5.98675012588501,6.046606540679932,-5.611256122589111,-3.0802838802337646,-0.437607079744339,0.5339513421058655,-3.6126527786254883,4.023393154144287,-1.9036182165145874,-0.8115038871765137,-6.738420009613037,1.1828761100769043,-8.381601333618164,-4.267424583435059
349,Maroon 5 - Daylight.mp3,-45.766231536865234,88.77117156982422,-9.174569129943848,19.960371017456055,4.00080680847168,12.018106460571289,-1.7150675058364868,9.927902221679688,5.378932952880859,8.675704002380371,0.8144637942314148,7.758245468139648,0.07865814864635468,2.823096513748169,-0.6014133095741272,1.1120322942733765,-2.822780132293701,8.961030960083008,1.0295100212097168,3.6050539016723633
350,Maroon 5 - Lost.mp3,-102.45503997802734,89.68563079833984,19.957534790039062,14.134102821350098,9.040214538574219,11.940007209777832,-0.9879294633865356,0.1577785611152649,-5.571411609649658,0.7613372802734375,-1.7666840553283691,-1.1613636016845703,-5.282552719116211,-4.323707580566406,-3.18376088142395,1.6605637073516846,-1.8000750541687012,3.613349676132202,-9.429276466369629,-1.3082133531570435
351,Maroon 5 - Maps.mp3,-46.878543853759766,73.8173828125,5.114250659942627,19.392471313476562,0.18288427591323853,10.9738187789917,-0.9033561944961548,7.159416198730469,-0.22336167097091675,4.3740973472595215,-0.3918396830558777,1.296554684638977,-0.5414514541625977,-2.2306337356567383,-2.4148616790771484,2.978379487991333,-2.149364709854126,7.512672424316406,1.7592064142227173,4.121428489685059
352,Maroon 5 - Memories.mp3,-133.5012664794922,104.5618667602539,13.78178596496582,11.617734909057617,3.1587154865264893,10.298357963562012,-13.883392333984375,-4.504823207855225,-11.08719539642334,-5.64980411529541,-5.431797504425049,-5.7860798835754395,-6.1880059242248535,-6.25818395614624,-2.0103511810302734,-8.282185554504395,-10.641624450683594,-3.7172088623046875,-10.020424842834473,-3.544466495513916
353,Maroon 5 - One More Night.mp3,-22.35222625732422,57.843414306640625,-4.484142780303955,14.370500564575195,-2.534228563308716,4.98466157913208,-6.014476299285889,3.424755811691284,-2.177993059158325,3.581500291824341,-1.7793638706207275,1.7702962160110474,-2.2316346168518066,-1.3752305507659912,-2.497448682785034,1.9142566919326782,-3.3405604362487793,6.190506458282471,0.5594674944877625,5.200276851654053
354,Maroon 5 - Payphone [Explicit] my-free-mp3s.com .mp3,-43.425045013427734,67.91748809814453,-2.1319844722747803,15.904592514038086,-2.6133995056152344,8.071399688720703,-4.9043498039245605,6.363123893737793,-3.815241575241089,1.8758130073547363,-1.3921535015106201,2.020188093185425,2.5629138946533203,0.42463263869285583,-0.7145025730133057,1.8840053081512451,-7.544492721557617,-0.6036299467086792,-6.297428131103516,1.7399303913116455
355,Maroon 5 - The Man Who Never Lied.mp3,-67.82552337646484,82.69813537597656,-2.538245439529419,25.36176109313965,0.39309072494506836,12.832550048828125,-0.7009948492050171,9.640071868896484,1.0810465812683105,9.429457664489746,0.8082786202430725,7.433708667755127,4.353881359100342,3.462693452835083,0.7264484167098999,3.3952956199645996,-2.73805832862854,5.135842323303223,-0.7805529236793518,2.673219919204712
356,Marshmello & Amr Diab - Bayen Habeit In Love (Lyric Video)عمرو دياب Marshmello - باين حبيت.mp3,-97.93795776367188,85.77686309814453,17.568153381347656,11.511889457702637,-7.673032283782959,-0.6350157260894775,-7.912456035614014,-0.6392149329185486,-6.3501057624816895,0.4366520047187805,-0.9691999554634094,2.5532729625701904,-1.6040657758712769,1.058260440826416,-0.17873835563659668,-0.861345112323761,-4.7963128089904785,3.2226593494415283,-2.0431268215179443,0.44405055046081543
357,Marshmello & Lil Peep - Spotlight.mp3,-34.58308792114258,69.34481811523438,-6.803826808929443,25.765634536743164,2.5049710273742676,2.5379512310028076,1.4618247747421265,0.9892445206642151,-3.1510674953460693,2.459495782852173,-2.858557939529419,2.4436943531036377,-1.913499116897583,1.1997439861297607,-2.905092716217041,5.363502025604248,-5.377175331115723,5.157464981079102,-1.3980461359024048,-1.463761806488037
358,Marshmello - Alone (Slushii Remix).mp3,-13.645877838134766,51.543399810791016,1.3588781356811523,22.810924530029297,0.8660660982131958,10.59173583984375,1.8346586227416992,8.337760925292969,-0.0550411157310009,6.865906715393066,0.4547964632511139,5.152111530303955,-1.0535533428192139,3.399160623550415,0.2937604486942291,3.2369461059570312,-3.149280071258545,1.1442090272903442,-3.8219032287597656,0.6061645150184631
359,Marshmello - Alone.mp3,-38.65583801269531,91.95350646972656,-0.2166912853717804,24.46641731262207,1.4519071578979492,6.324903964996338,-0.5898390412330627,2.749495267868042,-2.810152053833008,6.9109978675842285,1.5663007497787476,2.136507749557495,-5.247182846069336,-4.61038875579834,-7.3753790855407715,-4.087672710418701,-4.718768119812012,0.48670685291290283,-1.2395356893539429,1.3725566864013672
360,Marshmello - Colour.mp3,-33.995296478271484,61.49509048461914,-9.734932899475098,16.16567611694336,8.232808113098145,9.534785270690918,1.830552339553833,8.486608505249023,-0.48649656772613525,6.703390598297119,1.55137300491333,7.4448323249816895,2.8355908393859863,5.726558685302734,-0.3152455985546112,1.1425608396530151,-1.3810653686523438,2.6125447750091553,-2.6043083667755127,0.28044286370277405
361,Marshmello - Fly.mp3,-53.599483489990234,84.90204620361328,-19.75394630432129,11.997329711914062,-1.4862726926803589,2.9934239387512207,-2.236143112182617,9.090200424194336,2.4272096157073975,8.156639099121094,-1.3763126134872437,4.272641658782959,-5.267096996307373,-5.654125690460205,-8.272176742553711,-2.870734691619873,-3.8841676712036133,0.07856686413288116,-2.763613224029541,2.8344566822052
362,Marshmello - FRIENDS.mp3,-9.2743501663208,55.641136169433594,-3.687913417816162,9.285143852233887,2.4296884536743164,-2.40403413772583,3.7618978023529053,-4.203196048736572,-5.292811870574951,1.182153344154358,-12.742290496826172,-1.9450650215148926,-10.217439651489258,-0.43356382846832275,-5.753464698791504,-5.128203868865967,-4.095320224761963,-4.664340972900391,-6.27479887008667,0.5111083984375
363,Marshmello - Keep it Mello ft. Omar LinX (Official Music Video).mp3,-65.46952056884766,56.215030670166016,-0.9091610908508301,10.39219856262207,0.7078040242195129,9.938798904418945,2.64786434173584,9.86129093170166,0.5212088227272034,5.258275508880615,0.710185706615448,2.8475680351257324,2.1455821990966797,3.6980648040771484,4.166772842407227,3.151095151901245,0.5775578022003174,6.172939777374268,2.2019026279449463,5.896827220916748
364,Marshmello - Moving On.mp3,-20.635637283325195,47.694461822509766,-18.073650360107422,6.431395530700684,-6.3147759437561035,3.839899778366089,-8.900594711303711,3.9789133071899414,-0.0764615386724472,3.342749834060669,-3.294025421142578,4.403600692749023,-1.176124095916748,0.693245530128479,-3.82509183883667,4.530186176300049,3.4342589378356934,9.462782859802246,5.0011725425720215,6.552170753479004
365,Marshmello - Proud my-free-mp3s.com .mp3,-40.49185562133789,83.31099700927734,-5.3071370124816895,16.326536178588867,0.5792021751403809,8.947813987731934,-2.6040215492248535,6.131437301635742,-5.097535133361816,4.0913825035095215,0.07204516977071762,-2.404346227645874,-4.252895832061768,-0.2088221162557602,-5.007154941558838,-1.5703893899917603,-5.692090034484863,-1.6760350465774536,-2.5092523097991943,-1.639883041381836
366,Marshmello - Rescue Me (feat. A Day To Remember) my-free-mp3s.com .mp3,14.607462882995605,83.91471862792969,-5.923841953277588,14.809209823608398,4.767889976501465,11.567273139953613,-4.769814968109131,6.106493949890137,-6.267611980438232,0.5850887298583984,-2.714580774307251,3.0797126293182373,1.3946046829223633,-2.20255446434021,-1.492676019668579,-0.646136999130249,-5.104537010192871,-2.298182725906372,-3.2068281173706055,-1.1372791528701782
367,Marshmello - Together (Official Music Video) (320  kbps).mp3,-41.01072311401367,27.826059341430664,-1.1088309288024902,14.37588882446289,-1.7701959609985352,8.168824195861816,-4.202730178833008,1.5562293529510498,-5.050449371337891,4.357058525085449,-0.2523649334907532,2.951803684234619,0.4417192339897156,-2.662977457046509,-4.192171096801758,-1.920275092124939,-3.839991331100464,0.20974592864513397,-2.8324806690216064,2.446929693222046
368,Marshmello - Tongue Tied.mp3,-12.287396430969238,73.92633819580078,-7.072973728179932,15.758805274963379,-2.1209943294525146,4.634341716766357,-4.6018500328063965,-1.8467140197753906,-5.313074111938477,5.624197006225586,-4.4254302978515625,2.954914093017578,-4.501260757446289,-0.13740642368793488,-1.3023887872695923,-1.6559548377990723,-1.322533130645752,2.640714406967163,-1.323654294013977,2.9762468338012695
369,Marshmello ft. Khalid - Silence (Official Lyric Video) (mp3jerk.com).mp3,-53.93986511230469,96.31832885742188,-10.808694839477539,15.000232696533203,5.030953407287598,-0.7657063007354736,4.467949390411377,4.918631076812744,-15.065725326538086,2.5292084217071533,-0.7951607704162598,2.259566068649292,1.6087756156921387,-3.9770827293395996,-7.069515705108643,1.881492257118225,-7.272671699523926,-0.30302193760871887,-0.2564854323863983,-0.657677173614502
370,Marshmello x Pritam - BIBA feat. Shirley Setia & Shah Rukh Khan.mp3,22.296907424926758,63.61770248413086,-17.077648162841797,10.076318740844727,1.3481956720352173,3.7228150367736816,-0.6884365677833557,2.9621593952178955,-1.4321521520614624,4.8322930335998535,-2.367788314819336,2.4792158603668213,-0.6971538662910461,2.3272104263305664,-3.7681174278259277,2.526273250579834,-3.560614585876465,4.359425067901611,0.5033667683601379,3.408824920654297
371,Marshmello – Find Me.mp3,-8.811844825744629,47.70172119140625,-19.728435516357422,2.0406980514526367,-1.6195143461227417,2.7144815921783447,-2.633390188217163,7.67208194732666,4.291296005249023,7.090042591094971,4.46561336517334,8.507529258728027,0.46523335576057434,2.5380489826202393,-0.07628898322582245,1.911010503768921,-0.8654744625091553,5.154092311859131,0.9696172475814819,3.850231409072876
372,Marshmello – Flashbacks.mp3,9.851261138916016,82.578369140625,-6.3089118003845215,16.48322868347168,-7.090646266937256,18.516159057617188,-0.49302148818969727,9.634194374084473,-0.8300088047981262,5.904735565185547,-1.2443900108337402,5.149876594543457,1.0057628154754639,4.514181137084961,-0.3316628634929657,2.4855902194976807,-2.077237844467163,-0.6739674210548401,-2.284851312637329,-0.20651528239250183
373,"Marshmello, Flux Pavilion, Elohim - Room to Fall.mp3",-13.620678901672363,42.01103973388672,-0.18284955620765686,22.662256240844727,6.8861541748046875,6.104426383972168,-0.617935061454773,3.409663438796997,-2.1400458812713623,4.512115478515625,0.3112468421459198,5.158936977386475,2.1382393836975098,3.7993900775909424,-0.5861601233482361,3.2835559844970703,-3.2564775943756104,-0.3668842613697052,-3.6821448802948,2.827775478363037
374,"Marshmello, SVDDEN DEATH - Crusade.mp3",31.14971923828125,61.66765213012695,-19.943376541137695,14.615129470825195,2.411391258239746,2.5707483291625977,-1.9787535667419434,2.6941380500793457,-5.1297807693481445,2.179394006729126,-4.218432903289795,1.771324634552002,-3.3665945529937744,2.282940626144409,-3.500168800354004,1.1523133516311646,1.2706483602523804,6.515444278717041,-1.7972959280014038,-0.2288672924041748
375,Marshmello-ft-Bastille-Happier.mp3,-23.179269790649414,78.3378677368164,-7.1957011222839355,12.524727821350098,1.02402925491333,-4.822103977203369,1.2298535108566284,-1.9715189933776855,-8.824383735656738,-1.025122046470642,-3.8250811100006104,-2.937943935394287,-2.423053741455078,-8.211454391479492,-8.097886085510254,1.156240701675415,-7.235124111175537,-2.23984432220459,-1.8303722143173218,-2.72713041305542
376,MarshmelloLogicEVERYDAY.mp3,-85.4542465209961,66.28788757324219,7.98457670211792,20.12682342529297,-10.785765647888184,7.50381326675415,-5.793954372406006,11.660614013671875,-0.34928813576698303,9.397207260131836,-0.38299790024757385,2.424086332321167,-2.2780492305755615,3.129485845565796,-1.575408935546875,3.871958017349243,-1.2545243501663208,6.005154609680176,-1.422013759613037,2.6586060523986816
377,Marshmello_Ft_Chris_Brown_Tyga_-_Light_It_Up_NairaTeam.com.mp3,-64.09423828125,90.63227844238281,16.246671676635742,25.265575408935547,15.281492233276367,11.412642478942871,12.27984619140625,15.297454833984375,0.7388707399368286,12.208064079284668,1.3189555406570435,8.784320831298828,3.9570674896240234,5.146381378173828,-0.012467553839087486,0.04838657006621361,-4.624852180480957,4.640544414520264,-0.5090587139129639,3.8256473541259766
378,Martin Garrix - Dreamer.mp3,-85.6856460571289,112.24874114990234,-4.821732521057129,36.66913986206055,11.223604202270508,4.626911640167236,0.31042924523353577,9.177145004272461,-3.280972480773926,2.4220235347747803,-3.2389135360717773,1.436177372932434,-3.1280570030212402,1.5180160999298096,-3.142666816711426,0.7551149129867554,-4.385428428649902,0.413570761680603,-2.5525388717651367,-1.235748529434204
379,Martin Garrix - Home (feat. Bonn).mp3,-38.935428619384766,89.53016662597656,5.686055660247803,25.011560440063477,4.822881698608398,6.82188081741333,0.14623846113681793,5.863275527954102,-5.19532585144043,5.280403137207031,-1.987857699394226,-0.5261253714561462,0.49754101037979126,-2.3710031509399414,-2.478464126586914,-1.6354570388793945,-6.684216499328613,1.4689903259277344,-3.2612836360931396,-3.635246515274048
380,Martin Garrix - In the Name of Love.mp3,-69.01535034179688,80.7767105102539,0.039129406213760376,3.1035163402557373,3.3538248538970947,2.929497003555298,8.201374053955078,1.1308257579803467,-0.03003149852156639,1.231550693511963,-6.836202621459961,2.9854695796966553,0.683910608291626,3.571807861328125,-6.718571186065674,1.7471511363983154,-2.540828227996826,1.5295755863189697,2.4997074604034424,3.1723105907440186
381,Martin Garrix - Latency.mp3,26.229581832885742,68.85014343261719,-3.712204933166504,28.320859909057617,1.0882551670074463,14.104708671569824,4.583189964294434,7.015882968902588,-2.454807996749878,3.5885958671569824,3.447108745574951,5.795328140258789,0.2066495269536972,7.202303409576416,3.672607183456421,6.35703706741333,-0.12172054499387741,2.5763940811157227,-0.7383324503898621,1.3108752965927124
382,Martin Garrix - Pressure (feat. Tove Lo).mp3,-144.75119018554688,112.41295623779297,27.399925231933594,24.91590118408203,7.415589332580566,8.90156078338623,8.160660743713379,0.7203838229179382,1.941279649734497,6.0225629806518555,-3.777817726135254,1.539202094078064,-3.971635341644287,0.6943535804748535,-4.881879806518555,-0.298397421836853,-2.220329761505127,1.1953965425491333,-2.7553012371063232,-0.9285017848014832
383,Martin Garrix feat. Bonn - No Sleep (Official Video).mp3,-101.61744689941406,94.8373794555664,12.251867294311523,21.64915657043457,3.396545648574829,-0.4338040053844452,-8.707315444946289,7.144813060760498,-6.203145980834961,-1.1676254272460938,-5.028350353240967,-2.8404054641723633,0.10818669199943542,-1.1122410297393799,-0.702273428440094,-1.5837702751159668,-8.054469108581543,-3.3277668952941895,-7.739961624145508,-2.698439121246338
384,"Martin Garrix, David Guetta feat. Jamie Scott, Romy Dya - So Far Away my-free-mp3s.com .mp3",-98.52494049072266,94.71050262451172,14.935053825378418,26.809873580932617,4.2634453773498535,-1.425777792930603,1.4753645658493042,-0.7116925716400146,-0.03641004487872124,3.6857540607452393,-5.451314449310303,-0.6519271731376648,-2.929809093475342,0.08080854266881943,-0.653971254825592,2.138460636138916,-1.9922670125961304,3.7921853065490723,-2.7343108654022217,2.2635014057159424
385,"Martin Garrix, Dua Lipa - Scared to Be Lonely my-free-mp3s.com .mp3",-83.82815551757812,80.36344909667969,14.185420989990234,16.473403930664062,7.5008697509765625,-2.4635555744171143,4.658487796783447,-3.139676570892334,-0.033869486302137375,8.26402473449707,-3.5695688724517822,8.25832748413086,-2.793914556503296,3.451476812362671,-4.690646171569824,-0.11533139646053314,-2.223158359527588,0.3262057900428772,-3.7162859439849854,4.983140468597412
386,"Martin Garrix, Jay Hardway - Wizard my-free-mp3s.com .mp3",-29.298419952392578,59.080265045166016,-14.702940940856934,3.539659023284912,0.3692017197608948,11.161199569702148,4.157102108001709,5.3676934242248535,-0.9608696699142456,5.057431697845459,3.689749240875244,7.102723598480225,2.472477912902832,3.5934462547302246,0.07447227835655212,3.767439603805542,1.6247576475143433,5.63110876083374,2.1173906326293945,3.2912797927856445
387,"Martin Garrix, Justin Mylo feat. Dewain Whitmore - Burn Out my-free-mp3s.com .mp3",-57.986183166503906,66.95499420166016,5.686920166015625,19.13384437561035,6.47350549697876,-4.304039001464844,-2.918056011199951,3.7322323322296143,-9.967967987060547,1.7558269500732422,1.769803524017334,5.752459526062012,-1.622175931930542,0.5163988471031189,-2.178767442703247,1.9440838098526,-1.5018343925476074,4.735221862792969,0.09059150516986847,4.195359706878662
388,"Martin Garrix, Macklemore, Fall Out Boy - Summer Days (feat. Macklemore & Patrick Stump of Fall Out Boy) my-free-mp3s.com .mp3",-85.85521697998047,95.2877426147461,9.078851699829102,25.650592803955078,9.229326248168945,8.052695274353027,1.6496012210845947,1.936034917831421,-0.4600239396095276,0.35216179490089417,-6.519437789916992,-1.384123682975769,-0.8681381940841675,1.6785554885864258,-0.5052831172943115,3.587448835372925,-3.1275408267974854,3.615260124206543,-3.6380398273468018,-0.41644665598869324
389,"Martin Garrix, Matisse & Sadko feat. Alex Aris - Mistaken my-free-mp3s.com .mp3",-38.047367095947266,105.83126831054688,-4.536396026611328,10.028005599975586,0.6556101441383362,6.435932636260986,0.15089643001556396,3.671431303024292,-4.926430702209473,3.256544828414917,-2.27023983001709,1.30522882938385,-3.2892961502075195,1.6721194982528687,-2.4543704986572266,3.4941248893737793,0.8961206078529358,4.847611904144287,0.02308136224746704,0.5661927461624146
390,"Martin Garrix, Tiësto - The Only Way Is Up my-free-mp3s.com .mp3",-66.0058822631836,77.7573013305664,-1.267881155014038,24.556074142456055,7.208445072174072,10.665730476379395,2.034358024597168,5.79478120803833,-3.3429431915283203,1.3971607685089111,-0.5206806659698486,5.451797962188721,-0.32469427585601807,2.969553232192993,-0.7768511176109314,1.2145216464996338,-4.081551551818848,0.7283946871757507,-3.251858711242676,2.008126974105835
391,"Martin Garrix, Troye Sivan - There for You my-free-mp3s.com .mp3",-93.95662689208984,90.60942077636719,14.181014060974121,24.39956283569336,7.1205735206604,5.12352180480957,-0.8504505157470703,5.76881217956543,-3.481292247772217,1.200196385383606,0.4786604046821594,4.203124046325684,-2.275437116622925,0.6208784580230713,3.347639560699463,1.2600653171539307,0.06377151608467102,4.129411220550537,-3.272057294845581,-0.7610042095184326
392,Martin Jensen -Solo Dance.mp3,-22.10652732849121,72.84074401855469,1.306957483291626,14.045232772827148,9.570517539978027,4.513554096221924,2.335022211074829,9.708654403686523,-1.7670600414276123,3.0836846828460693,0.3831702172756195,3.9480533599853516,-2.1492435932159424,5.378605842590332,-0.35628587007522583,3.177212953567505,-0.35771021246910095,0.8493043184280396,-0.33125293254852295,3.867647886276245
393,Martin_Garrix_-_High_On_Life_Ft_Bonn_makhits.com.mp3,-55.28581619262695,84.82373046875,5.722236156463623,16.13631820678711,8.506866455078125,2.0036675930023193,-2.4148638248443604,3.248100996017456,-0.6346911191940308,3.0520272254943848,-1.8273382186889648,-1.1194019317626953,-4.738675594329834,2.03328013420105,1.4531729221343994,3.1334633827209473,-5.761706829071045,2.2875888347625732,-4.043383598327637,-4.332975387573242
394,Marwa Loud - Bad Boy (Clip Officiel).mp3,-134.33950805664062,119.58091735839844,5.5818023681640625,13.255763053894043,12.487086296081543,-0.9367663860321045,-4.003676891326904,-2.489309310913086,-2.4091923236846924,10.381322860717773,-3.630655288696289,5.189851760864258,-1.898237705230713,2.662306308746338,0.3113265335559845,0.19340625405311584,2.9716849327087402,-1.4354161024093628,-7.0145463943481445,-0.5613082647323608
395,Masked Wolf - Astronaut In The Ocean.mp3,-76.0648193359375,83.55694580078125,23.659255981445312,25.162784576416016,13.441770553588867,11.630036354064941,2.0499651432037354,8.427523612976074,-5.988614082336426,3.929356336593628,3.4647693634033203,5.449247360229492,-0.6945529580116272,5.195312023162842,2.718118906021118,4.889492988586426,-4.071056365966797,3.516580581665039,2.673598527908325,2.574326276779175
396,Matisse & Sadko - GO! (2016 Ice Hockey World Championship Official Anthem).mp3,-5.704617023468018,81.04788208007812,-13.078082084655762,8.343599319458008,-5.015942096710205,4.063651084899902,-2.8569135665893555,3.25588321685791,1.155686855316162,6.239706516265869,-0.7452329993247986,3.4262490272521973,-1.9838111400604248,0.7151855826377869,-0.8430144190788269,5.147700786590576,2.1136550903320312,5.338084697723389,0.7840158939361572,2.0688419342041016
397,Matisse & Sadko - Saga.mp3,-36.97034454345703,94.79612731933594,-7.334949493408203,11.676658630371094,-0.5226258635520935,7.392576694488525,1.7896281480789185,7.279541492462158,1.1701499223709106,6.681635856628418,0.5651275515556335,3.4597554206848145,-1.9546762704849243,1.4203474521636963,-2.20449161529541,3.0596261024475098,-0.14019279181957245,4.101603031158447,-0.51662677526474,0.834281861782074
398,Maurice West - Rhythm Of The Night.mp3,20.115968704223633,62.21253204345703,-14.871245384216309,3.3632254600524902,-1.2883192300796509,7.776609420776367,-0.6701516509056091,3.2426247596740723,-3.3339900970458984,2.2467339038848877,-3.2230186462402344,3.004138231277466,-1.1442625522613525,5.423486232757568,-2.6973841190338135,5.402413368225098,2.51760196685791,6.973676681518555,0.8499428033828735,1.5913841724395752
399,MAX - Lights Down Low feat. gnash (Official Video).mp3,-145.5640106201172,87.25877380371094,17.46297264099121,21.745216369628906,7.44245719909668,6.096370220184326,0.6720219850540161,6.568452835083008,-4.5607709884643555,3.083583116531372,-0.6666803956031799,-0.2424089014530182,-1.673990249633789,-1.6304360628128052,-3.795137882232666,-1.337344765663147,-3.3506486415863037,3.045259714126587,-2.0730721950531006,1.2744314670562744
400,Maxence Cyrin - Where Is My Mind.mp3,-335.218505859375,181.99813842773438,12.303955078125,8.632380485534668,14.467074394226074,8.71365737915039,4.641972541809082,1.0487140417099,4.498795509338379,3.994518756866455,-1.490556240081787,-6.93355131149292,-9.067660331726074,-5.867494583129883,-0.920447587966919,0.22770501673221588,-0.9479469656944275,-1.1204440593719482,-1.1266653537750244,-3.66029691696167
401,MC Orsen - INCOMING.mp3,-135.7427520751953,64.37259674072266,-3.4230008125305176,28.206274032592773,4.303380489349365,3.0672965049743652,-0.29521629214286804,-3.183445692062378,-3.8966939449310303,-0.6467405557632446,3.031322479248047,6.838102340698242,2.371386766433716,4.409470558166504,6.570079326629639,12.714942932128906,6.086721897125244,2.730828285217285,-3.7562122344970703,1.6196385622024536
402,"Meduza, Becky Hill, Goodboys - Lose Control (Lyric Video).mp3",-96.66032409667969,69.62972259521484,9.776896476745605,5.98864221572876,-0.02436634711921215,7.332101345062256,-1.426318645477295,3.26859188079834,-4.1053643226623535,6.790163040161133,-0.10439756512641907,4.462048053741455,0.49783724546432495,3.008559226989746,-4.0097198486328125,0.6115660071372986,-2.811711072921753,-0.6649420261383057,-5.308846950531006,3.103912115097046
403,MEGA_NRG_MAN_BURNING_DESIRE【頭文字D_INITIAL_D】.mp3,-27.54938316345215,84.44827270507812,8.506288528442383,16.323833465576172,1.9510589838027954,2.4942610263824463,0.07295885682106018,10.371508598327637,-1.5358690023422241,6.232770919799805,1.817768931388855,4.121566295623779,0.1764046847820282,1.7450098991394043,-1.816950798034668,4.211007595062256,-1.111903190612793,3.564016819000244,-0.40222248435020447,2.16717529296875
404,Men at Work - Down Under.mp3,-157.647705078125,80.32928466796875,0.13314509391784668,20.006017684936523,1.9446285963058472,13.821435928344727,-0.5769139528274536,6.405235290527344,-6.0166335105896,9.688779830932617,-0.9734589457511902,3.226731061935425,-0.38974395394325256,-1.1894201040267944,-3.609360694885254,3.2122609615325928,-8.195782661437988,-3.603084087371826,-3.0805203914642334,-2.965421438217163
405,Mesto - Don-'t Worry (feat. Aloe Blacc).mp3,-47.38258361816406,81.32442474365234,8.763741493225098,19.53766441345215,10.607855796813965,6.070954322814941,-4.291240215301514,3.0333809852600098,-6.099178791046143,-0.9048196077346802,-1.3628416061401367,1.4661786556243896,-2.180722713470459,-2.856416702270508,-1.1531145572662354,3.2083041667938232,-5.196869850158691,5.216252326965332,-0.19676782190799713,5.045470237731934
406,Mesto - Leyla my-free-mp3s.com .mp3,-68.35914611816406,89.91140747070312,5.986262798309326,22.113073348999023,1.9611934423446655,12.04769515991211,-1.8464046716690063,9.092464447021484,-4.924140930175781,3.650090456008911,4.090828895568848,0.14876055717468262,1.2664281129837036,6.865357398986816,0.9816271066665649,1.0388169288635254,-0.6127623915672302,3.974078893661499,-1.6439932584762573,5.933773517608643
407,Mesto - Step Up Your Game my-free-mp3s.com .mp3,-92.95771789550781,73.20353698730469,-4.369913101196289,32.32267761230469,7.728662967681885,23.157207489013672,2.22491717338562,9.972702980041504,0.33635973930358887,3.713073253631592,3.0272865295410156,3.215749979019165,-0.16890692710876465,3.2747199535369873,-0.9780174493789673,-0.19945763051509857,-4.54695987701416,-1.62897789478302,-1.8749409914016724,5.503632545471191
408,MGMT - Electric Feel.mp3,-37.18302536010742,101.04242706298828,-1.6890825033187866,22.110984802246094,1.9455903768539429,10.520068168640137,-0.49555066227912903,7.688694953918457,1.2277894020080566,7.182584762573242,0.6263453364372253,5.907714366912842,-3.824845552444458,1.7778737545013428,-3.4612629413604736,2.7512927055358887,-0.768004834651947,-0.03942848742008209,-1.815346598625183,1.8284010887145996
409,mica loves samples (vol. 1) - out now x.mp3,-203.0944061279297,184.83218383789062,27.71955680847168,32.90996170043945,20.859878540039062,21.812557220458984,3.657701253890991,1.07942533493042,8.050897598266602,0.2607281804084778,-1.4219070672988892,-0.8990442156791687,-1.0774277448654175,-2.8490469455718994,-5.128386497497559,-3.4536070823669434,-4.9958271980285645,-5.284175395965576,-4.216460227966309,-4.680886745452881
410,Michael Calfan - Wild Game (feat. Monique Lawz) .mp3,-129.68104553222656,83.11078643798828,31.8880615234375,29.004409790039062,12.355082511901855,15.940909385681152,10.18409252166748,7.773437976837158,2.180964708328247,9.32910442352295,-1.3010241985321045,2.125758647918701,-1.5107035636901855,0.444071888923645,-3.5540173053741455,0.7859865427017212,-1.3157093524932861,-0.7692504525184631,-5.79103422164917,-1.6054760217666626
411,Mickey Valen - Overthinking.mp3,-50.52011489868164,83.28351593017578,-9.139095306396484,17.330421447753906,-4.780026435852051,-2.049224376678467,2.520501136779785,-10.032588005065918,3.2236196994781494,4.429555892944336,-3.9673233032226562,4.254310131072998,-6.240255832672119,5.084279537200928,-4.456587791442871,-0.1177392527461052,-1.958369255065918,3.6928017139434814,0.014909936115145683,4.547999382019043
412,Mida - Believe my-free-mp3s.com .mp3,-46.15361785888672,78.36441802978516,2.4146413803100586,25.544748306274414,13.846400260925293,7.108592510223389,3.3065109252929688,4.676492691040039,7.4222283363342285,2.287449836730957,-2.641164779663086,0.582136869430542,-5.481809616088867,5.884150505065918,-1.3958535194396973,3.024223804473877,7.215647220611572,7.01357889175415,2.1349947452545166,6.364828109741211
413,Mike Perry - Runaway my-free-mp3s.com .mp3,-46.07255172729492,87.00546264648438,11.912721633911133,18.196916580200195,7.31626033782959,4.519260406494141,-0.33228206634521484,3.4487853050231934,-1.7973934412002563,7.592949867248535,-3.6909422874450684,4.421657085418701,1.4530529975891113,4.715385913848877,-0.49733415246009827,-0.14852601289749146,-1.149658203125,3.520540952682495,-4.398555755615234,0.7250377535820007
414,Mike Posner - I Took A Pill In Ibiza (Seeb Remix).mp3,-55.969627380371094,82.99459075927734,-5.5463690757751465,13.032391548156738,6.304878234863281,7.332890033721924,-1.0496023893356323,2.6716928482055664,-3.213365077972412,0.06875801831483841,-3.7072815895080566,-1.1397368907928467,-2.8859715461730957,1.790847897529602,-4.293700695037842,-1.9547779560089111,-5.79396915435791,-0.8711119890213013,-6.911900997161865,-1.6759939193725586
415,Mike Skinner - The Car That Drives Itself.mp3,-138.68743896484375,88.09186553955078,1.1664665937423706,-1.4665732383728027,-1.7481465339660645,10.703680038452148,-9.94555950164795,10.262646675109863,-9.04508113861084,1.5002567768096924,-10.608499526977539,-7.382026672363281,-7.953928470611572,-3.0100159645080566,-0.5373009443283081,0.5586375594139099,-2.933939218521118,-0.47778576612472534,1.9687293767929077,3.581782579421997
416,Mike Skinner - You Better Be.mp3,-41.932228088378906,78.560546875,-13.616732597351074,24.499462127685547,-2.8888535499572754,12.33077621459961,1.7384469509124756,12.956352233886719,2.4050705432891846,12.322539329528809,-0.3895642161369324,7.261603832244873,-1.5994855165481567,3.9064011573791504,0.2986863851547241,2.571223258972168,-1.1846435070037842,5.65485954284668,0.3115175664424896,1.2465746402740479
417,Mike Williams - Day Or Night .mp3,-39.813411712646484,91.89862823486328,2.853793144226074,19.890993118286133,6.41496467590332,6.963862419128418,4.827898025512695,0.18081682920455933,-0.9399083852767944,2.514373779296875,-3.537930727005005,3.8360941410064697,-1.6689053773880005,4.626616954803467,-1.8345016241073608,1.4238393306732178,-1.1428533792495728,0.6868551969528198,-0.8309406638145447,4.529322147369385
418,Mike Williams - Feels Like Yesterday (feat. Robin Valo).mp3,-20.763383865356445,67.17536926269531,-6.191455841064453,11.301273345947266,-0.6628953814506531,2.9049041271209717,-3.4024899005889893,5.2980241775512695,-1.6545809507369995,5.876925945281982,-3.787999391555786,0.15450026094913483,-4.63372802734375,-0.21323297917842865,-1.5916459560394287,2.563843250274658,-0.07046949863433838,6.155511856079102,0.19180095195770264,3.4576523303985596
419,Mike Williams - Melody (Tip Of My Tongue).mp3,-1.7032321691513062,69.56094360351562,-16.12407112121582,8.365612983703613,-0.8783562183380127,4.395038604736328,-1.7933176755905151,0.8052650690078735,-3.429575204849243,1.4377719163894653,-4.3984856605529785,1.6598752737045288,-3.3505258560180664,0.9877689480781555,-4.666856288909912,0.5778961181640625,-2.4400675296783447,4.102215766906738,1.2436879873275757,4.6327433586120605
420,Mike Williams - The Beat.mp3,21.262523651123047,64.15880584716797,-12.501520156860352,8.556325912475586,-8.859382629394531,4.197528839111328,-8.318286895751953,2.196573257446289,-5.7016730308532715,0.8555389046669006,-4.0210652351379395,0.847830593585968,-4.427075386047363,1.3336294889450073,-2.8898074626922607,3.076712131500244,-1.8721091747283936,1.8972136974334717,-3.262990713119507,1.156958818435669
421,Mike Williams x Dastic - Kylie.mp3,-12.80665111541748,83.57466125488281,-5.693243503570557,18.268775939941406,0.005759562365710735,5.825012683868408,-4.381174564361572,4.871335506439209,-1.4778193235397339,5.588385581970215,-2.5556468963623047,4.663147449493408,-0.30112460255622864,6.197472095489502,8.71972370147705,11.256936073303223,4.62320613861084,5.366106986999512,-3.061818838119507,1.2207893133163452
422,"Mike Williams, Mesto - Wait Another Day my-free-mp3s.com .mp3",-47.184791564941406,78.49356842041016,-4.996232032775879,29.567296981811523,5.59658145904541,5.6953301429748535,-4.098371505737305,-1.8484100103378296,-8.51233196258545,3.7650394439697266,-3.469726085662842,1.5434128046035767,-1.1799468994140625,2.57735013961792,-3.0477449893951416,2.9805684089660645,-1.159019947052002,2.383207321166992,-3.7533750534057617,-1.4640206098556519
423,MIKE WILLIAMS; BREZY - Dont Hurt my-free-mp3s.com .mp3,-101.51939392089844,64.34666442871094,-0.11439230293035507,13.65474796295166,-3.0528337955474854,3.597012996673584,-2.130561590194702,3.2161169052124023,-3.50348162651062,3.147759199142456,-3.1997058391571045,5.200406074523926,0.051211412996053696,2.6730496883392334,-4.193357467651367,2.4635555744171143,1.4890429973602295,7.803529262542725,0.47827988862991333,1.7443773746490479
424,Mindsight - Rückschlag.mp3,-77.2409439086914,107.41678619384766,-21.6800594329834,5.712095260620117,0.48589637875556946,1.7918190956115723,-3.1816766262054443,-2.1190781593322754,-8.561132431030273,-2.120023727416992,-4.820981502532959,-1.4996161460876465,-7.119184494018555,-4.503774166107178,-1.359198808670044,0.5859012603759766,-3.053981065750122,1.5250658988952637,-3.066927909851074,-1.8058786392211914
425,Miss A - Love Song.mp3,-47.452552795410156,76.41044616699219,-1.4795072078704834,9.671121597290039,-0.21404144167900085,8.544330596923828,7.826022624969482,7.03186559677124,9.37704086303711,18.1436824798584,1.0779739618301392,3.764174222946167,0.9081714153289795,5.250547885894775,6.38494348526001,8.465035438537598,3.9548981189727783,6.5516157150268555,2.7919604778289795,1.786834478378296
426,Miss A - 한걸음 One Step.mp3,-82.81404876708984,81.47343444824219,17.187740325927734,19.584440231323242,9.23816967010498,4.135178089141846,6.796974182128906,-1.020986557006836,0.608968198299408,8.324127197265625,-10.392887115478516,1.1245965957641602,-4.674021244049072,-0.8913695812225342,1.2235944271087646,4.747927188873291,2.119873523712158,5.629213333129883,2.051520347595215,2.8443989753723145
427,MiyaGi & Эндшпиль - I Got Love.mp3,-29.111736297607422,95.61322021484375,6.522540092468262,14.345169067382812,2.9207074642181396,6.644290924072266,-1.5053026676177979,6.348784923553467,-6.037161827087402,2.010051727294922,-1.1153430938720703,4.829946041107178,1.8816025257110596,5.640708923339844,2.994035243988037,9.786792755126953,-1.7667251825332642,1.7144533395767212,-0.5497254729270935,-0.081669881939888
428,MOGUAI ft. CHEAT CODES - Hold On (Lyric Video).mp3,-61.04780960083008,89.15164184570312,-7.807861804962158,16.599092483520508,-1.6127080917358398,-0.26637616753578186,-6.775907039642334,0.3421168029308319,-3.0489511489868164,-2.7993860244750977,-6.254486083984375,-4.521085739135742,-6.795698165893555,-2.6957449913024902,-3.4164249897003174,0.6660911440849304,-3.8419017791748047,0.013996747322380543,-3.9969589710235596,-0.8622540235519409
429,Mokita - ICLYA my-free-mp3s.com .mp3,-121.71261596679688,105.87306213378906,-4.002836227416992,15.481851577758789,0.8164520859718323,1.924382209777832,-8.877679824829102,3.8894927501678467,-2.4263298511505127,4.936046600341797,-1.8151860237121582,-1.3221569061279297,-5.680814266204834,-0.4936800003051758,-5.878817558288574,-4.197761058807373,-5.832645893096924,-1.2151037454605103,-3.5500435829162598,4.125651836395264
430,momentous - luv. fi (lofi video).mp3,-257.16119384765625,167.23406982421875,-5.733768463134766,7.664103031158447,7.472513675689697,0.5892663598060608,0.9753819108009338,-2.576505184173584,-3.3123950958251953,-5.990156173706055,-7.892539024353027,-4.542450428009033,-3.175198554992676,-4.95286226272583,-3.0624475479125977,-2.361467123031616,-1.8662015199661255,-0.5551738142967224,0.03538515046238899,-1.4851946830749512
431,MONOGATARI Series - Renai Circulation.mp3,-62.70238494873047,82.77700805664062,5.724784851074219,16.118682861328125,0.3592745363712311,12.656469345092773,-0.801348865032196,5.06946325302124,0.9970149397850037,0.24870479106903076,-2.0820298194885254,4.9153852462768555,-3.5149636268615723,-1.0193716287612915,-3.483564853668213,-1.0859949588775635,-2.1891753673553467,-1.1603835821151733,0.1282849758863449,-0.4135623574256897
432,MONSTA X - Play It Cool.mp3,-45.28592300415039,67.71315002441406,16.516141891479492,20.82419204711914,8.154812812805176,8.384450912475586,-2.097970485687256,7.2759270668029785,-1.9297196865081787,5.796623229980469,0.3232335150241852,3.9938912391662598,-1.2732750177383423,2.5665698051452637,-2.360340118408203,0.7954934239387512,-3.5755136013031006,1.426985740661621,-3.9507522583007812,4.554362773895264
433,Monsta X - WHO DO U LOVE ft. French Montana.mp3,-97.84516143798828,98.16810607910156,13.917705535888672,20.25220489501953,13.252235412597656,10.681822776794434,0.7040683627128601,9.11915397644043,1.4494012594223022,7.028709411621094,0.08017860352993011,2.2709946632385254,-0.47722649574279785,2.0393478870391846,0.07931287586688995,0.40050941705703735,-5.2411651611328125,-0.42005065083503723,-6.250180721282959,-1.1534841060638428
434,Mont Duamel - Lessons.mp3,-77.48419952392578,116.54071807861328,5.872570514678955,17.016080856323242,3.8978137969970703,9.769113540649414,-5.284051418304443,-0.0504876933991909,-6.493244647979736,0.9903820157051086,-3.7520089149475098,1.0306425094604492,-2.6640665531158447,2.8191113471984863,-3.2004880905151367,2.269869565963745,-0.2514365017414093,2.305767297744751,-3.7417027950286865,1.1348583698272705
435,Moonlight.mp3,-160.57269287109375,107.09632110595703,16.447216033935547,11.060697555541992,7.885654926300049,3.441734790802002,2.265227794647217,5.156440258026123,-11.444513320922852,9.641687393188477,-1.0042436122894287,0.890967845916748,-1.307999610900879,0.3117883503437042,-2.025956153869629,2.2447028160095215,-4.74092960357666,-0.3581477999687195,-4.731558799743652,-2.763512372970581
436,"Morgan Page, VIVID feat. Allé, Damon Sharpe - Fire & Gold my-free-mp3s.com .mp3",-17.416534423828125,67.9059066772461,10.003711700439453,13.672564506530762,8.53988265991211,10.165738105773926,7.402325630187988,2.20957088470459,1.9761009216308594,3.5454800128936768,-0.7424107789993286,2.6423256397247314,-2.166882038116455,2.028043270111084,-0.6424393653869629,6.159543514251709,-0.7481731176376343,4.295029640197754,-1.0606306791305542,1.9987750053405762
437,Mr. Belt & Wezol feat. Sander Nijbroek - Do It For Love my-free-mp3s.com .mp3,-90.5184097290039,62.77545166015625,0.012797055765986443,5.931759834289551,-5.045919418334961,10.694645881652832,-2.8770062923431396,6.382401466369629,-1.4221878051757812,7.221276760101318,-0.8111083507537842,4.4848151206970215,-2.673560857772827,0.11807628720998764,0.2159615010023117,1.0048178434371948,-3.662193536758423,2.489211082458496,-1.394379734992981,4.099008083343506
438,Mr. Bill - Lotus.mp3,-54.11750030517578,82.40945434570312,1.6562155485153198,14.586316108703613,-0.1542479395866394,7.1220197677612305,-0.6494370698928833,6.25555944442749,-0.8673086762428284,4.709325313568115,0.04551465064287186,5.240901470184326,1.1398720741271973,5.15872049331665,0.2782917022705078,3.9271769523620605,0.640326976776123,4.31333065032959,-0.803141176700592,3.0514564514160156
439,Mura Masa - 2gether.mp3,-109.17053985595703,109.1558609008789,16.56903648376465,21.301958084106445,6.871309757232666,3.7469804286956787,5.313452243804932,3.888392925262451,-3.8344037532806396,8.279926300048828,-6.189237594604492,4.4587321281433105,-3.9966301918029785,1.494180679321289,-1.6159878969192505,1.643042802810669,-3.3618991374969482,1.4876980781555176,-0.7038874626159668,-0.09091465920209885
440,Mura Masa - Love$ick.mp3,-80.90899658203125,98.90779876708984,-0.12025654315948486,12.527650833129883,1.3225035667419434,5.91166877746582,-9.961462020874023,-1.3642752170562744,-6.810969829559326,-0.39705052971839905,-5.687008380889893,-0.33223244547843933,-3.6543490886688232,0.13896474242210388,-1.5415886640548706,3.944620132446289,-4.144863605499268,-1.501575231552124,-4.257858753204346,-0.10927995294332504
441,Murad - Run.mp3,-89.80216217041016,109.21876525878906,5.430551528930664,15.46806812286377,6.351529598236084,17.177532196044922,11.335153579711914,12.68891716003418,3.1310741901397705,4.909584045410156,0.764690101146698,7.265178203582764,4.883965015411377,1.8310471773147583,-3.500541925430298,1.8957866430282593,-0.9246166348457336,3.253556251525879,0.28071051836013794,0.9664005637168884
442,Murkish - Wasted (Nightcore).mp3,-54.40613555908203,96.99662017822266,7.162697792053223,22.618057250976562,3.268825054168701,4.093255996704102,-4.606295108795166,7.0048956871032715,-4.176074028015137,4.366400241851807,-1.5833791494369507,4.084507465362549,-2.0914306640625,2.1189541816711426,-3.608880043029785,0.7484079003334045,-0.8293929696083069,4.200861930847168,-3.928684949874878,-3.633070468902588
443,Muse - Butterflies and Hurricanes.mp3,-98.56735229492188,127.12025451660156,-0.06435047090053558,12.2681303024292,1.386300802230835,0.9282274842262268,-0.9198497533798218,1.1602864265441895,-3.7096383571624756,3.575192451477051,-1.4447821378707886,2.9231083393096924,-2.375640869140625,1.0250420570373535,-3.0102756023406982,-2.168161392211914,-3.6023800373077393,-0.009800794534385204,-3.791032552719116,-2.0085020065307617
444,Muzz - Nemesis.mp3,23.929698944091797,59.945350646972656,0.345949649810791,18.38587188720703,10.08199691772461,12.827670097351074,7.854573726654053,11.768869400024414,3.4270572662353516,9.362279891967773,4.3748345375061035,5.812796115875244,-1.3671820163726807,2.067701578140259,-2.111140727996826,3.6620562076568604,-1.5105040073394775,1.6937144994735718,-1.3156436681747437,2.0934457778930664
445,Myrne - Sleeping On My Own Again.mp3,-85.654296875,125.30311584472656,-25.47031593322754,14.172856330871582,-7.378546237945557,1.4036766290664673,-4.555112838745117,2.1595616340637207,-5.134974479675293,-0.19392690062522888,-8.08727741241455,1.2411439418792725,0.20668531954288483,-0.0567474290728569,-5.766110420227051,-1.4569766521453857,-3.4796247482299805,2.0987296104431152,-3.786458969116211,-1.7326771020889282
446,Mystk - Lost.mp3,-95.69725036621094,111.25631713867188,16.093957901000977,4.352171421051025,-0.804113507270813,4.888298034667969,-0.6500089764595032,3.7553904056549072,-4.6144022941589355,6.6818084716796875,-3.241595983505249,-2.199524402618408,-5.66079044342041,-0.4174853265285492,0.3445318639278412,2.2180981636047363,-3.807692050933838,5.938851356506348,-1.345650553703308,6.005130290985107
447,Mystk - Together in This Cold World.mp3,-88.67796325683594,97.40480041503906,-18.114765167236328,1.522461175918579,0.5453526377677917,-4.14879035949707,-11.769501686096191,-0.1984284371137619,-6.850831031799316,1.3778468370437622,-4.68219518661499,1.0192735195159912,-5.047136306762695,-4.930160999298096,-2.1616690158843994,0.9866488575935364,-4.577769756317139,-1.4742032289505005,0.8769798874855042,6.926388263702393
448,Naughty Boy ft Sam Smith - La La La.mp3,-161.95948791503906,81.19644165039062,13.415655136108398,27.69677734375,2.873793840408325,2.846587896347046,-6.013312816619873,1.161274790763855,-0.05082528293132782,1.947938084602356,-4.000428199768066,1.000591516494751,-0.8588719964027405,0.6102099418640137,-1.80330228805542,7.516322135925293,0.789796769618988,6.2099480628967285,4.963657855987549,6.491746425628662
449,Neizvesten - Tiësto & KSHMR feat. Vassy - Secrets (Official Music Video) my-free-mp3s.com .mp3,-65.79106140136719,88.08150482177734,-13.837894439697266,15.038948059082031,2.869418144226074,9.070812225341797,3.9785940647125244,6.7820892333984375,-2.070814371109009,5.348360538482666,-2.196579933166504,5.291855812072754,0.44204819202423096,2.5172083377838135,-2.0813915729522705,3.5151028633117676,-0.8773725032806396,2.890580415725708,-0.9060680270195007,3.260666608810425
450,Neon Plastix - On Fire.mp3,-0.892546534538269,88.4857406616211,3.678663492202759,18.145614624023438,2.0976450443267822,7.23521614074707,1.0739094018936157,7.028697490692139,0.5407116413116455,4.541159629821777,0.5021552443504333,4.57468843460083,-0.2537425458431244,1.8011749982833862,-2.0517141819000244,2.3278305530548096,-4.172036647796631,0.47218453884124756,-2.8408234119415283,-0.43405044078826904
451,Nervo - Dare Me.mp3,-46.31222915649414,83.28145599365234,5.905161380767822,14.596835136413574,2.78926682472229,9.198531150817871,5.667917728424072,11.606152534484863,-1.2212140560150146,4.732211112976074,-0.16828356683254242,3.7388229370117188,-2.862187623977661,0.1966468095779419,0.15078945457935333,3.167076587677002,0.4634387791156769,7.753378868103027,1.8456209897994995,6.221035003662109
452,Nervo - Illusion (feat. KARRA).mp3,-44.10416793823242,46.292423248291016,2.2171950340270996,26.904550552368164,2.182311534881592,11.955609321594238,0.22468721866607666,5.327849388122559,-2.095979690551758,3.1285030841827393,-3.755683660507202,0.5775482654571533,-2.1417312622070312,3.260037660598755,-0.34784743189811707,6.037539958953857,0.1859588772058487,3.1427690982818604,-1.2931864261627197,3.924226760864258
453,New World Sound & Thomas Newson - Flute (Original Mix).mp3,-32.208343505859375,56.93342208862305,-13.937722206115723,22.236713409423828,10.32991886138916,18.622726440429688,9.047991752624512,15.258795738220215,5.985429763793945,11.621522903442383,2.496955394744873,4.690402030944824,-0.8058144450187683,0.27511629462242126,-3.6272592544555664,-0.2627638578414917,-3.245896100997925,3.327584981918335,1.843132495880127,4.9348955154418945
454,Nicholas Britell - Agape.mp3,-272.5403747558594,165.00247192382812,10.612546920776367,21.039066314697266,28.106950759887695,6.388423442840576,-3.2322168350219727,6.1131911277771,-0.8627371788024902,-1.0610997676849365,-1.8917646408081055,-2.511972665786743,-3.0915064811706543,-2.4898524284362793,-4.692274570465088,-8.200507164001465,-3.830127239227295,-1.4916176795959473,-4.9391326904296875,-1.2810444831848145
455,Nick Jonas - Chains (Official Music Video)-1.mp3,-160.48915100097656,90.66648864746094,-1.939520001411438,25.890911102294922,9.67281723022461,10.96197509765625,4.676364898681641,10.939794540405273,-0.9023804068565369,10.214017868041992,1.1113032102584839,4.698293209075928,1.3387162685394287,4.5189924240112305,-0.031002486124634743,1.3038758039474487,-0.7022436857223511,2.571626901626587,-0.8181785941123962,7.183206081390381
456,Nick Smith - Hold Up.mp3,-109.5819320678711,105.07364654541016,15.42298412322998,20.614145278930664,5.06564998626709,7.047882556915283,-5.947398662567139,-3.323476791381836,-6.367608070373535,2.3248069286346436,-6.398871898651123,-0.7442359328269958,-7.571170330047607,-4.713901996612549,-4.4079790115356445,-2.5622191429138184,-5.293773651123047,-2.2435104846954346,-2.4753007888793945,0.36966586112976074
457,Nicki Romero - Toulous (Original Mix) my-free-mp3s.com .mp3,-41.839820861816406,63.567100524902344,-6.502241611480713,16.074064254760742,2.586270570755005,13.967811584472656,5.176288604736328,6.582669258117676,-4.498117923736572,1.7183072566986084,1.4940600395202637,2.3562915325164795,-6.4135003089904785,-2.4054908752441406,-0.8635335564613342,4.8604230880737305,1.3621982336044312,3.17561936378479,-2.4133198261260986,1.607741355895996
458,Nicky Jam & Steve Aoki - Jaleo.mp3,-68.25452423095703,83.65070343017578,0.5636113286018372,17.351186752319336,6.763805389404297,5.504826068878174,-3.678313970565796,8.32950496673584,-8.317811012268066,8.389322280883789,-0.9271266460418701,-0.44979575276374817,-3.556122303009033,4.470316410064697,-2.417527437210083,5.832292556762695,-4.013238906860352,1.8194173574447632,2.250643014907837,3.3851399421691895
459,Nicky Romero & Stadiumx feat. Sam Martin - Love You Forever (Original Mix) my-free-mp3s.com .mp3,-24.809206008911133,81.35002136230469,9.509013175964355,29.24599838256836,12.532240867614746,11.418456077575684,1.1715877056121826,9.476816177368164,-5.10908317565918,5.1522321701049805,-4.599002838134766,3.597729444503784,-0.8242259621620178,2.882591962814331,0.3550838530063629,-2.8012869358062744,-5.574361801147461,0.875451922416687,-6.0439910888671875,0.1859622448682785
460,Nicky Romero - Duality (192  kbps).mp3,-99.28302001953125,87.55252075195312,14.00603199005127,27.060564041137695,13.170758247375488,8.929701805114746,0.9576613903045654,3.529484510421753,-6.520716667175293,-3.7918944358825684,-3.6214773654937744,-4.0627121925354,-5.524806976318359,1.1347761154174805,-0.5912628173828125,2.0604844093322754,-2.9801437854766846,-2.9849913120269775,-3.5174877643585205,0.6309794783592224
461,Nicky Romero feat. John Christian - Iconic my-free-mp3s.com .mp3,-66.0897445678711,67.4165267944336,5.385340690612793,21.997516632080078,6.65180778503418,12.502419471740723,1.7803285121917725,7.588181495666504,1.1352483034133911,5.029921531677246,-0.25205737352371216,4.218534469604492,-1.8957370519638062,1.934089183807373,-3.5451202392578125,1.844082236289978,-3.1265952587127686,0.46879899501800537,-1.9567556381225586,1.6539238691329956
462,Nicky Romero _u0026 Deniz Koyu - Paradise (ft. Walk off the Earth) (Official Lyric Video).mp3,-21.456453323364258,80.22134399414062,-5.252922534942627,6.84683895111084,6.795855522155762,-5.459625720977783,-5.417665958404541,3.38842511177063,-0.4819967448711395,-0.9973865747451782,-4.003299713134766,1.1915377378463745,-5.13653564453125,0.9724551439285278,-4.530006408691406,3.3972532749176025,1.8828867673873901,5.214267253875732,2.3619637489318848,3.5754892826080322
463,"Nicky Romero, Teamworx - Deep Dark Jungle my-free-mp3s.com .mp3",3.6452813148498535,72.98545837402344,-9.384733200073242,21.4964542388916,6.827564716339111,8.256896018981934,1.3888931274414062,7.300555229187012,-0.34392690658569336,5.748501777648926,-1.0036907196044922,1.5108110904693604,-4.375136852264404,0.9165252447128296,-2.8376288414001465,2.6810567378997803,-0.6990315318107605,4.05178689956665,-1.7332026958465576,-1.1584392786026
464,Nico - These Days.mp3,-236.301025390625,173.46847534179688,-15.398560523986816,33.32892990112305,3.8521523475646973,-16.69346046447754,-2.6550538539886475,-14.789839744567871,-8.613656997680664,-11.153336524963379,-17.349769592285156,-8.426513671875,-14.9771089553833,-12.492236137390137,-8.129622459411621,-10.354974746704102,-10.008829116821289,-4.102660179138184,-6.85733699798584,-2.343305826187134
465,Nirvana - Smells Like Teen Spirit.mp3,-12.282105445861816,68.62957000732422,-15.44100284576416,42.34337615966797,8.51641845703125,13.467676162719727,1.2272015810012817,5.6596598625183105,4.693495750427246,7.052644729614258,-1.2972990274429321,4.493948459625244,-5.755087852478027,0.40020185708999634,-0.8250727653503418,0.776666522026062,-9.246800422668457,-0.5204052329063416,-1.3096710443496704,-2.446584939956665
466,Noah Cyrus - Again.mp3,-60.251258850097656,105.68478393554688,-6.8688435554504395,23.46955108642578,-0.15837939083576202,5.190530300140381,3.34562087059021,-3.73966908454895,0.08217928558588028,0.8605509400367737,-4.041210651397705,0.5200952291488647,0.04580492898821831,2.886173963546753,-2.4166557788848877,4.359726428985596,-2.42134165763855,0.20434293150901794,-2.4508957862854004,-2.8182272911071777
467,Noisestorm - Crab Rave.mp3,-64.28231811523438,80.928466796875,-6.752731800079346,11.671780586242676,-10.149267196655273,-1.433520793914795,-9.031661987304688,-2.3517768383026123,-5.62415075302124,1.452852487564087,-6.230587959289551,-2.4945714473724365,-5.0266547203063965,-4.296960830688477,-6.460100173950195,-2.2783167362213135,-4.7670578956604,0.7944410443305969,-3.093559980392456,-1.0667469501495361
468,Not in My Life.mp3,-63.127967834472656,77.60255432128906,1.2538702487945557,20.631452560424805,1.4024438858032227,6.423036575317383,1.919433355331421,7.941965103149414,5.2151594161987305,9.223949432373047,4.3951568603515625,7.427734375,0.06027594953775406,3.8369696140289307,0.1321757584810257,5.372071743011475,2.103652000427246,7.3431077003479,5.781324863433838,4.509027481079102
469,Not Your Dope - Indestructible (feat. MAX).mp3,-45.126285552978516,75.4505844116211,1.3887687921524048,16.33253288269043,4.571985721588135,4.829129219055176,6.969648838043213,9.221830368041992,0.8178442120552063,3.1207003593444824,-3.9099111557006836,-1.082485556602478,-6.618079662322998,-1.0019676685333252,-2.9198691844940186,2.5624938011169434,-3.2256884574890137,3.5270001888275146,-3.189970016479492,0.4821595549583435
470,Now United - Crazy Stupid Silly Love (1).mp3,-81.6575927734375,68.25494384765625,-1.908264398574829,20.336406707763672,6.311685562133789,8.10853385925293,3.537653923034668,0.2530619502067566,-2.1423845291137695,6.755280494689941,-5.772034168243408,1.2476344108581543,-3.432969808578491,-3.4081461429595947,-5.351312160491943,1.3900320529937744,-1.3009636402130127,7.709807395935059,0.8078383803367615,4.20775032043457
471,Oasis - Don-'t Look Back in Anger (Remastered) (1).mp3,6.781403064727783,106.01521301269531,-31.626262664794922,33.0604248046875,2.4517760276794434,-0.9434061050415039,-7.6160430908203125,-0.33073025941848755,-1.7976065874099731,1.9507429599761963,-7.875895023345947,-1.1013351678848267,-1.7106355428695679,2.7303218841552734,-4.612470626831055,1.0042641162872314,-6.162282943725586,0.7844921946525574,-6.779141426086426,-2.7484946250915527
472,OH MY GIRL - Nonstop.mp3,-7.114838123321533,60.01200866699219,0.9797717332839966,9.723315238952637,-0.18771257996559143,4.397306442260742,1.5705324411392212,1.2703607082366943,5.747823238372803,4.668795585632324,-3.2799160480499268,5.696574687957764,-0.3871389627456665,5.616921901702881,-0.9257891178131104,2.7525992393493652,-2.2539312839508057,1.2693562507629395,-1.719408392906189,2.2214701175689697
473,Oliver Smith - Inside.mp3,-79.0057144165039,84.1860122680664,12.814077377319336,13.481854438781738,-1.892043113708496,7.148585796356201,0.5527332425117493,7.239489555358887,-4.0222954750061035,0.38029709458351135,-3.3935139179229736,3.7912395000457764,1.843318223953247,5.42057991027832,1.9008926153182983,5.0412278175354,-0.24341878294944763,4.109670639038086,1.805060863494873,4.5581889152526855
474,Olivia Rodrigo - deja vu.mp3,-93.34783172607422,107.59768676757812,-6.0533037185668945,12.02125072479248,-5.554764747619629,-3.934389114379883,-4.261139869689941,-4.4181742668151855,-4.489797592163086,2.811575174331665,-2.2857437133789062,2.1095263957977295,0.34791800379753113,5.502135276794434,-4.067203998565674,1.5301713943481445,-5.5694427490234375,-1.2983903884887695,-6.415838241577148,0.018953118473291397
475,Olivia Rodrigo - drivers license.mp3,-146.56011962890625,118.08383178710938,3.9246416091918945,14.327339172363281,5.430124759674072,0.9634572863578796,8.013310432434082,-2.974524974822998,-1.8558173179626465,-0.6481336951255798,-10.688338279724121,-1.2328007221221924,-3.500361680984497,5.428709506988525,-1.3672078847885132,3.3102633953094482,-3.0811126232147217,-1.8834569454193115,-4.6595001220703125,-1.726188063621521
476,On Planets - Droves.mp3,-187.60748291015625,114.96857452392578,-6.789859771728516,29.149208068847656,11.748454093933105,2.4450223445892334,3.1265902519226074,1.0107111930847168,-4.361033916473389,6.176673889160156,-2.913088321685791,0.519012987613678,2.977764129638672,-2.131786823272705,1.5994007587432861,0.6132863759994507,-7.092438697814941,-0.5762234926223755,-1.222963571548462,-6.759488582611084
477,Onlychild - Busy Fingers.mp3,-82.42278289794922,91.7627182006836,0.8857634663581848,13.124872207641602,1.9014816284179688,4.550056457519531,-0.9264480471611023,3.832986831665039,-2.306441068649292,2.7431840896606445,-3.3495471477508545,0.9953755736351013,-4.271599769592285,-0.20250239968299866,-5.228562831878662,-2.9252405166625977,-5.341581344604492,-1.1939420700073242,-4.6362504959106445,1.4202470779418945
478,Orbit.mp3,-47.020050048828125,108.48779296875,-7.163435459136963,13.966156005859375,-2.2077982425689697,-0.5682529211044312,7.255733966827393,-10.073453903198242,5.653625011444092,2.854526996612549,-7.1782426834106445,0.25322049856185913,-1.8155226707458496,-1.3524116277694702,-4.2340850830078125,-0.5264341831207275,-5.189747333526611,0.4137440323829651,-1.094165563583374,2.40118408203125
479,Overspace - Roots.mp3,-133.76617431640625,106.7936019897461,13.351653099060059,15.830577850341797,2.2820003032684326,-0.35715579986572266,-5.915491104125977,-3.57910418510437,-7.6878790855407715,-3.6266751289367676,-7.8819403648376465,-2.08599853515625,-7.665999412536621,-4.400134086608887,-6.965770721435547,-0.603047251701355,-4.308659553527832,0.9960072040557861,-0.9379628896713257,0.030265776440501213
480,"Owsey & Resotone - July, You & I.mp3",-226.7926483154297,134.22189331054688,8.295768737792969,21.179033279418945,7.8798651695251465,10.023394584655762,2.0827817916870117,-1.9566493034362793,-7.126067638397217,-6.155138969421387,-6.475801467895508,-5.474836826324463,-5.3980793952941895,-1.2071499824523926,-5.036991119384766,-1.3463006019592285,-4.012118339538574,-0.7293763160705566,-1.2525417804718018,3.2619893550872803
481,Owsey - Find Me At The End Of This Life.mp3,-199.43057250976562,150.10830688476562,-11.696171760559082,13.468374252319336,-5.6048078536987305,-6.6015706062316895,-4.186240196228027,-4.6045026779174805,-6.7596893310546875,-2.850630760192871,-3.6306090354919434,-1.4724140167236328,-3.8951356410980225,-1.9712886810302734,0.12900222837924957,5.108481407165527,5.366766452789307,4.306227207183838,0.9369836449623108,-1.8824323415756226
482,Owsey - Thousands of Summer Twilights.mp3,-158.30796813964844,131.07623291015625,-2.819859027862549,20.21340560913086,3.1308698654174805,-1.2370446920394897,-4.660248756408691,1.60453200340271,-6.261458396911621,2.881279468536377,-4.956827163696289,-3.6030423641204834,-6.785476207733154,-1.089454174041748,-1.8918620347976685,3.0514094829559326,-0.8090155124664307,2.403074026107788,-2.151437520980835,-1.621115803718567
483,Pala - Determination.mp3,-54.390987396240234,86.1043701171875,-9.223809242248535,32.43361282348633,11.38466739654541,10.596275329589844,-3.3699045181274414,10.563034057617188,-3.356287956237793,1.6776434183120728,-1.17230224609375,5.795838832855225,0.2864168584346771,0.8105697631835938,-5.367523670196533,-1.9383095502853394,-2.9760537147521973,-0.05682042986154556,-2.4881317615509033,-2.634596824645996
484,Palaces (feat. Damon Albarn).mp3,-129.4012451171875,122.35167694091797,-14.477611541748047,18.156044006347656,-9.029239654541016,2.2283859252929688,-6.7849650382995605,2.3827643394470215,1.416291356086731,3.4434916973114014,-1.7308776378631592,1.8706917762756348,-3.6864476203918457,-0.6956625580787659,-5.670456886291504,-2.8550212383270264,-5.980321407318115,-3.3701751232147217,-0.06257250159978867,1.5305660963058472
485,Panda Eyes - Daydreamer.mp3,-46.9289436340332,80.44060516357422,-17.62353515625,26.58290672302246,-0.014805645681917667,15.603114128112793,4.447412014007568,4.861541271209717,6.728227615356445,9.07651138305664,0.8016555309295654,6.1556901931762695,3.6486802101135254,8.941549301147461,2.6661925315856934,7.0007781982421875,0.958347499370575,3.0187766551971436,-0.27684542536735535,2.3383092880249023
486,Paper Idol - Clouds.mp3,-67.4742431640625,87.59005737304688,-9.49864673614502,23.991127014160156,6.848274230957031,9.045555114746094,-4.086145401000977,-0.11303793638944626,-7.597592353820801,4.741907596588135,-4.704187393188477,-1.9791772365570068,-7.541945457458496,-3.1532485485076904,-4.633843898773193,-3.674773931503296,-5.69610071182251,-1.3555587530136108,-6.407374858856201,-4.1075358390808105
487,Para One - Finale.mp3,-179.60064697265625,155.60667419433594,-13.459756851196289,6.501551628112793,-1.6645194292068481,5.688575744628906,-14.534479141235352,-2.4825327396392822,-4.6903791427612305,-2.6092844009399414,-4.979488372802734,-1.0829477310180664,-7.7802934646606445,-3.2911791801452637,-1.04683518409729,1.023769497871399,-0.5243973731994629,-1.3122340440750122,-3.1737067699432373,-2.3525168895721436
488,Pascal Letoublon - Friendships [Suprafive Records].mp3,-161.76271057128906,131.51107788085938,6.457828521728516,29.167465209960938,1.361809253692627,-2.331507682800293,-0.8603171706199646,6.40753698348999,-3.607891082763672,-3.964146852493286,-2.109142541885376,-1.9214084148406982,-4.672350883483887,-1.581607460975647,-6.125535488128662,-1.8414652347564697,-3.7771549224853516,-0.7003585696220398,-2.0203962326049805,-3.3697264194488525
489,Pastel Clouds_.mp3,-256.49627685546875,110.84667205810547,44.69186782836914,32.38616943359375,5.6461076736450195,1.4164961576461792,-1.5139626264572144,-2.5287704467773438,-5.2273383140563965,-2.3289406299591064,-6.3771586418151855,-3.217632532119751,-6.369554042816162,-1.5090264081954956,-1.9200279712677002,2.6029200553894043,1.7073676586151123,1.6455520391464233,-1.157855749130249,2.5572397708892822
490,Patrick Watson - Je te laisserai des mots.mp3,-230.65182495117188,176.39678955078125,7.5633649826049805,10.42759895324707,2.072486639022827,-2.3931078910827637,-3.627195358276367,-2.4472312927246094,-9.121354103088379,-5.09202241897583,-4.033459663391113,-5.595474720001221,-4.872317314147949,-6.72953462600708,-5.671442031860352,-1.4810402393341064,-6.013452053070068,-4.714334011077881,-3.0739684104919434,-2.600292921066284
491,Paulo_Londra_-_Adan_y_Eva_Official_Video[Converterino.online].mp3,-95.98464965820312,87.90575408935547,11.20228385925293,18.196870803833008,0.9601526260375977,10.371809005737305,-9.426896095275879,4.270073890686035,-0.15840722620487213,-2.766571283340454,-0.6491851210594177,2.5586962699890137,-4.2664384841918945,-5.219135284423828,0.06466031819581985,-3.3819665908813477,-9.632058143615723,-1.9672763347625732,-7.225127220153809,-1.9722018241882324
492,"Pedro Capó, Farruko - Calma (Remix - Official Video).mp3",-66.93258666992188,106.05717468261719,-1.919472098350525,9.622005462646484,1.0265251398086548,8.103094100952148,-9.8070650100708,6.905999660491943,2.9893505573272705,-2.2268080711364746,3.688502073287964,3.0412514209747314,-4.525057315826416,0.30578017234802246,0.48288315534591675,-1.9790706634521484,-6.351545810699463,2.057678699493408,-8.251044273376465,-0.553080677986145
493,Pegboard Nerds - Emoji VIP.mp3,8.279743194580078,56.31822204589844,-6.178083896636963,13.167401313781738,-3.6668124198913574,7.324689865112305,-2.3376893997192383,2.4936716556549072,-2.300556182861328,6.274417877197266,-0.6931344270706177,6.2384867668151855,-1.7580218315124512,2.643362522125244,-1.2217575311660767,3.270672559738159,0.6268777847290039,4.060933589935303,-1.8350439071655273,1.1356512308120728
494,People In The Box - The Saints [Tokyo Ghoul ED] myfreemp3.vip .mp3,-32.71622085571289,55.630428314208984,6.462884426116943,43.6262321472168,25.037006378173828,20.290178298950195,4.954898834228516,13.219074249267578,2.720794439315796,1.9726186990737915,-5.305335521697998,3.9969680309295654,-4.880721092224121,-1.2202669382095337,-5.365789890289307,-5.414284706115723,-10.401373863220215,-4.507050037384033,-7.25588846206665,-1.2728395462036133
495,Petit Biscuit - Problems.mp3,-142.890625,95.28721618652344,26.802143096923828,20.98343849182129,9.04425048828125,7.4704365730285645,3.413723945617676,5.355215549468994,-2.6377222537994385,-0.1546814888715744,-8.534444808959961,-3.674083709716797,-8.290316581726074,-4.686213493347168,-4.763599395751953,0.6297314167022705,-0.5372722148895264,4.334081172943115,-0.32644587755203247,0.00033352826721966267
496,Petit Biscuit - Sunset Lover.mp3,-139.86672973632812,140.7169647216797,4.351022720336914,16.182655334472656,12.989852905273438,19.618406295776367,4.755672454833984,3.415834665298462,10.273884773254395,0.9968562126159668,-0.2706848382949829,-2.4339993000030518,-0.6059311628341675,-0.35981956124305725,-1.6429532766342163,1.024364709854126,0.17500263452529907,0.2723519206047058,0.8383809328079224,8.884521484375
497,Petit Biscuit - We Were Young.mp3,-115.81938171386719,97.11376190185547,28.743858337402344,13.599723815917969,8.111343383789062,4.270936965942383,-3.8138625621795654,3.9953112602233887,-3.146198272705078,1.9655671119689941,-2.793877124786377,-0.710690975189209,-8.089593887329102,-5.088134288787842,-6.689990520477295,-2.284571409225464,-4.2610626220703125,1.21187162399292,-3.225231409072876,-1.5237821340560913
498,Pewdiepie - Mine All Day.mp3,-94.65899658203125,67.9476318359375,-4.07866096496582,20.38325309753418,-1.7799656391143799,0.8967118263244629,-3.1278305053710938,6.994801998138428,-12.354310989379883,6.405609607696533,0.8279684782028198,-1.6662107706069946,-1.7754558324813843,0.8203285932540894,-8.709555625915527,3.3166332244873047,-7.265026569366455,-0.31181859970092773,-0.9087309837341309,0.32268184423446655
499,Pharien - Fall Apart (Official Music Video).mp3,-61.547916412353516,85.51824188232422,-5.160337448120117,30.816865921020508,10.243147850036621,11.278820991516113,4.237077236175537,6.999385356903076,-0.6608737111091614,2.9741134643554688,-2.349794864654541,2.116664171218872,-0.5685133337974548,3.0321009159088135,-1.0597517490386963,2.256026268005371,-1.3322561979293823,0.5747250914573669,-4.167390823364258,-1.7098199129104614
500,Phritz - wilmette.mp3,-106.28924560546875,102.14054870605469,17.2911434173584,15.698391914367676,2.1794841289520264,2.8492701053619385,-2.1735801696777344,-1.3222042322158813,-6.451870441436768,3.0156607627868652,-1.0886558294296265,5.1172776222229,-0.19249609112739563,4.898750305175781,-1.8231241703033447,0.056291740387678146,-4.295452117919922,2.6527597904205322,1.9076060056686401,7.891870975494385
501,Picard Brothers - Goodbye & Good Luck.mp3,-67.15222930908203,83.81177520751953,2.4101572036743164,34.720252990722656,7.108213424682617,4.01420783996582,0.2516244053840637,0.9780928492546082,-3.0367016792297363,2.9399771690368652,1.0996818542480469,2.3384134769439697,-2.0724849700927734,2.969165086746216,-1.9640403985977173,-0.6174442172050476,-2.6558611392974854,2.065437078475952,-3.390559196472168,-0.2859012186527252
502,Pixies - Where Is My Mind.mp3,-100.11967468261719,71.43408203125,-3.9536492824554443,34.364925384521484,4.543052673339844,8.723152160644531,-0.5996608138084412,3.412381887435913,-0.060962170362472534,5.494995594024658,-1.247146487236023,4.345741271972656,-2.953997850418091,-4.61071252822876,-8.957843780517578,-6.767056465148926,-4.790511608123779,-4.792562961578369,-10.588805198669434,0.1294301599264145
503,PLAYBOX - Higher Off The Ground (Day Mix).mp3,-13.831851959228516,74.6466064453125,2.2095024585723877,15.929347038269043,2.1009089946746826,8.010601043701172,2.209615468978882,3.3705592155456543,1.2524354457855225,5.044897556304932,-5.259006500244141,4.471456050872803,-1.75010085105896,4.921502590179443,-1.5098577737808228,3.2017781734466553,-2.0555474758148193,2.514411449432373,-0.07155279815196991,2.1700825691223145
504,plenka - Nightmare.mp3,-49.781280517578125,92.4891357421875,-6.3550496101379395,21.148399353027344,-1.7687687873840332,13.755335807800293,-2.8697140216827393,6.1883931159973145,0.9811093211174011,5.504784107208252,-0.5488458871841431,4.365476131439209,-0.5713316202163696,4.172486305236816,-0.4446796178817749,4.013891220092773,0.12840181589126587,6.0650715827941895,4.572560787200928,4.411954402923584
505,pluko - the lovely one.mp3,-95.61680603027344,74.25080871582031,-5.690436363220215,15.987475395202637,4.552087306976318,8.157163619995117,2.2419047355651855,9.24642562866211,1.3319693803787231,7.2174906730651855,4.1980814933776855,5.888218402862549,0.8209583163261414,4.808178901672363,0.5058833956718445,3.232264280319214,0.45641881227493286,5.471866607666016,-1.4998738765716553,1.2223857641220093
506,Pocket - idontwannabeafraid.mp3,-75.4815673828125,56.6409797668457,18.908470153808594,13.732094764709473,8.189696311950684,8.30837631225586,2.6168289184570312,12.01650333404541,4.210021018981934,9.96544361114502,0.1897808015346527,8.42185115814209,1.1000826358795166,5.944387912750244,2.92124605178833,0.36048468947410583,-2.7725987434387207,1.132259488105774,-2.279313802719116,3.714401960372925
507,Poison (Martin Garrix) - 320Kbps(MajMasti.in).mp3,-46.573692321777344,76.96925354003906,13.20386791229248,22.149127960205078,8.194409370422363,13.294965744018555,12.460527420043945,9.683735847473145,0.4937684237957001,1.6490930318832397,-1.1403260231018066,1.1253312826156616,3.107351064682007,8.7232027053833,3.9838950634002686,6.619745254516602,3.88156795501709,6.924665927886963,2.8808722496032715,3.3990955352783203
508,Polyphia - G.O.A.T..mp3,-86.42160034179688,90.06062316894531,-14.44575309753418,27.25466537475586,-9.664351463317871,8.114668846130371,2.1845414638519287,7.498651504516602,6.1194634437561035,8.688658714294434,-0.7973653674125671,3.600208044052124,2.4401705265045166,-2.9681200981140137,-2.4423089027404785,4.137362957000732,-3.0409655570983887,3.453808307647705,-0.6884128451347351,3.7603180408477783
509,Polyphia - So Strange (feat. Cuco)_054824.mp3,-20.053064346313477,89.87599182128906,-17.13447380065918,43.55613327026367,-8.851408004760742,8.694988250732422,-0.3620186150074005,5.171225547790527,-2.400456428527832,5.688663959503174,-1.7517318725585938,3.613900661468506,2.185871124267578,-2.2779197692871094,-2.217763662338257,2.5949575901031494,-2.7432405948638916,2.5902457237243652,-3.5868611335754395,0.8786184787750244
510,Porter Robinson - dullscythe.mp3,-148.1943359375,117.95642852783203,-2.801356077194214,16.389076232910156,-9.611824989318848,5.32586145401001,-6.955230712890625,-1.218662142753601,-0.7466298341751099,2.593341112136841,1.195783019065857,-1.5619057416915894,-2.7975313663482666,0.9315891861915588,-0.1743466705083847,2.789015531539917,1.4237666130065918,2.925114393234253,0.6633771657943726,5.1913533210754395
511,Porter Robinson - Shelter.mp3,-12.9707612991333,80.9748764038086,12.690605163574219,13.895649909973145,14.215595245361328,8.629566192626953,2.8996741771698,8.67115306854248,-0.7240857481956482,8.506383895874023,-3.5170884132385254,3.7335305213928223,-0.9851731657981873,2.6819231510162354,-2.6291558742523193,-1.1409358978271484,-4.096569061279297,1.3629035949707031,-3.119213819503784,1.4321919679641724
512,Portwave - Shadow Lady.mp3,-24.567052841186523,101.70496368408203,5.074816703796387,22.633148193359375,-2.848579168319702,16.563915252685547,7.207461357116699,8.06801986694336,-1.5395495891571045,13.479326248168945,-1.4300888776779175,2.5636093616485596,1.3070038557052612,3.0067269802093506,-0.7439699172973633,7.929279327392578,-0.18911567330360413,0.6595931053161621,-1.5198819637298584,4.752760887145996
513,Posij - Fifteen Minutes.mp3,-40.18466567993164,90.46082305908203,2.7504847049713135,25.36798095703125,5.142934322357178,7.432809352874756,1.0470457077026367,5.189088344573975,1.1111363172531128,5.94706916809082,-4.445923328399658,2.621084451675415,-1.0977824926376343,2.390087127685547,-2.149507999420166,2.2036702632904053,-2.523045063018799,0.23174385726451874,-4.27774715423584,-1.768829107284546
514,Post Malone - Better Now (LyricsLyric Video).mp3,-152.480224609375,112.31310272216797,12.845471382141113,9.013967514038086,-0.9996085166931152,7.19697904586792,3.381248712539673,6.962422847747803,-1.4938138723373413,4.917477607727051,5.105762004852295,0.6377741694450378,7.084691047668457,0.5073777437210083,-1.9465175867080688,7.198764801025391,-13.170040130615234,4.876452445983887,-4.727449893951416,0.9626468420028687
515,Post Malone - Wow. my-free-mp3s.com .mp3,-129.85829162597656,114.01498413085938,9.898810386657715,13.77649974822998,8.113201141357422,6.439926624298096,2.94152569770813,3.6013829708099365,-3.9515655040740967,-0.6066749095916748,0.9425793290138245,2.3359501361846924,3.1921613216400146,-0.6587382555007935,-2.953080177307129,7.354236125946045,-11.212142944335938,3.51900577545166,-5.492738246917725,-0.7249493598937988
516,Powfu - death bed (coffee for your head).mp3,-143.44558715820312,91.45154571533203,-8.039575576782227,18.12123680114746,-19.71903419494629,9.617237091064453,-14.72064208984375,-0.9554793834686279,-14.518315315246582,-4.1049017906188965,-4.9668192863464355,-1.3392870426177979,-7.433210372924805,-7.360067844390869,-8.223905563354492,-3.8025126457214355,-6.5260491371154785,0.7574803233146667,-4.108811378479004,-2.3067500591278076
517,Pretty Lights - So Bright.mp3,-55.47035598754883,117.07984924316406,-14.586067199707031,18.04495620727539,-2.7824013233184814,8.764668464660645,-4.639071941375732,4.10109806060791,-0.04642847552895546,5.08479118347168,-1.2366864681243896,4.319956302642822,-0.6746176481246948,1.73940908908844,-3.1184468269348145,1.0026118755340576,-1.3299156427383423,2.8439011573791504,-0.2836571931838989,2.69869065284729
518,Prismo - Stronger my-free-mp3s.com .mp3,-73.5498046875,95.44261169433594,6.5343241691589355,22.711109161376953,6.2770490646362305,6.937100410461426,3.1699936389923096,5.4167094230651855,-0.6209606528282166,3.801448106765747,-1.2471232414245605,4.507874965667725,3.4343791007995605,4.5155134201049805,0.10172580927610397,6.31928014755249,-2.245802640914917,3.3734047412872314,1.172827124595642,3.2798564434051514
519,PRZM - Whatcha Gon-' Do.mp3,-136.31692504882812,54.67981719970703,4.546706199645996,13.112520217895508,3.3694539070129395,8.593910217285156,0.47959813475608826,7.428439140319824,-6.120355606079102,-0.35589665174484253,-1.497400164604187,9.130621910095215,4.0704345703125,5.251180648803711,-2.99145245552063,-1.1478699445724487,-4.343163967132568,1.1552388668060303,-2.264667510986328,-1.988140344619751
520,Queen - Bohemian Rhapsody.mp3,-149.20541381835938,90.26927185058594,-9.984155654907227,28.133892059326172,-0.22518546879291534,0.3964940905570984,2.867892026901245,1.6591273546218872,-6.7914652824401855,6.297544002532959,-6.050904273986816,2.9996063709259033,-5.489552974700928,-5.031998157501221,-4.445345401763916,-2.6202526092529297,-4.920135974884033,3.551142930984497,-1.965465784072876,-0.5223185420036316
521,Queen - We Will Rock You (Movie Mix)_055029.mp3,-46.834747314453125,93.48539733886719,-26.679899215698242,25.32221794128418,-4.198170185089111,2.2023212909698486,-1.185773253440857,7.0666422843933105,-1.9211827516555786,7.731411457061768,-1.7231807708740234,2.682840585708618,-3.5514132976531982,0.13115546107292175,-2.045570135116577,0.4866970479488373,-5.962489604949951,1.761216402053833,-2.427002191543579,1.93964421749115
522,Queen Bee - Half.mp3,-8.003823280334473,74.63895416259766,0.8064215183258057,35.9691047668457,2.4899630546569824,9.108813285827637,3.280104637145996,5.6263556480407715,-0.5258260369300842,6.16537618637085,-0.8803709745407104,2.2163774967193604,-0.24832116067409515,0.9292399287223816,-2.335674524307251,1.0209856033325195,-4.54404354095459,1.4988183975219727,-5.484392166137695,0.3080896735191345
523,Quiet Bison - Silk.mp3,-111.9284896850586,80.1192398071289,-14.890292167663574,0.8829676508903503,-5.912388324737549,7.330361366271973,-6.518640041351318,-4.393377780914307,-7.661381244659424,0.5072374939918518,-4.298847198486328,-4.761747360229492,-8.175742149353027,-1.9894415140151978,-2.4893805980682373,1.7375696897506714,-2.915921688079834,-1.3121397495269775,-0.3328961730003357,8.741037368774414
524,Quiet Bison - Water.mp3,-124.8204116821289,113.70783996582031,-11.023502349853516,17.16619300842285,-5.141286849975586,3.7577803134918213,-5.951604843139648,-7.008622646331787,-6.244697570800781,6.538839817047119,-3.009068012237549,1.020513653755188,-8.626321792602539,-5.986918926239014,-7.191549301147461,-3.2595317363739014,-3.3861637115478516,5.772846698760986,-2.3735454082489014,-0.3761110007762909
525,Quintino - Get Down.mp3,-14.290716171264648,52.16045379638672,-8.215792655944824,17.053590774536133,-3.785081386566162,6.683574199676514,0.37269434332847595,6.278846263885498,-1.7316938638687134,4.904452800750732,-2.804177761077881,6.245550632476807,-2.4640426635742188,1.1966954469680786,-2.5014750957489014,2.056715965270996,-4.414270401000977,1.247438669204712,-2.2557616233825684,4.456940650939941
526,Quintino - Go Hard my-free-mp3s.com .mp3,-15.355830192565918,44.0908203125,1.1834059953689575,17.980602264404297,3.004727363586426,11.710975646972656,2.2114675045013428,7.027790546417236,-0.954249918460846,4.571382522583008,-1.5896331071853638,3.7269446849823,-0.5062710046768188,4.47926139831543,-0.0018953144317492843,3.7530298233032227,0.2946910560131073,4.5599799156188965,1.353781819343567,5.699419021606445
527,Quintino - Heey Ya (Original Mix) [24.08.2018] my-free-mp3s.com .mp3,-6.580502033233643,72.40508270263672,-12.147461891174316,12.686649322509766,10.802131652832031,8.263237953186035,0.9042158722877502,7.812442302703857,-3.8071110248565674,5.026069164276123,1.4872020483016968,6.3037214279174805,0.02987312711775303,4.048182010650635,-0.07159250229597092,4.626607418060303,0.18378837406635284,3.1188175678253174,-0.5611056089401245,3.2319555282592773
528,Quintino - Sueltalo (feat. Melissa Sandoval).mp3,-78.45902252197266,94.51605987548828,4.1158928871154785,14.178504943847656,6.233209133148193,8.060297012329102,5.2310075759887695,-1.7221660614013672,7.391198635101318,3.706589698791504,-3.1080808639526367,5.891665458679199,-6.6544189453125,0.05949598550796509,-5.152630805969238,-0.5410319566726685,-1.0964597463607788,-0.11080432683229446,-1.2272711992263794,6.071519374847412
529,Quintino - You Don't Stop my-free-mp3s.com .mp3,-51.21428298950195,76.76091766357422,0.18523505330085754,18.63412094116211,1.1806670427322388,10.507745742797852,-0.015545716509222984,4.5276288986206055,-3.258061170578003,3.0593316555023193,-1.9010485410690308,3.67284893989563,-1.77532160282135,2.784848690032959,-1.2729603052139282,3.723823308944702,-0.5884978175163269,1.822251319885254,0.1091899573802948,3.55328369140625
530,Quintino – Work It.mp3,-12.897483825683594,64.2016372680664,11.694344520568848,12.174481391906738,1.6942311525344849,8.839073181152344,1.1690117120742798,5.154139041900635,-0.11761050671339035,2.691561698913574,-2.2742724418640137,6.218295574188232,1.3568235635757446,2.5852091312408447,-1.2593375444412231,2.71948504447937,-1.2102398872375488,2.270228624343872,-1.1991472244262695,2.8878579139709473
531,R3hab & Headhunterz - Won't Stop Rocking my-free-mp3s.com  (1).mp3,8.184924125671387,61.58110427856445,-17.870197296142578,5.725955963134766,-6.179798126220703,2.3850040435791016,2.161633253097534,4.8590803146362305,0.08373790979385376,3.323732376098633,-4.400399684906006,1.7703132629394531,-1.3052459955215454,3.500157356262207,0.7690353989601135,6.856276512145996,2.402282238006592,4.407569885253906,1.3991931676864624,3.741304874420166
532,R3HAB - Flames.mp3,-83.04438018798828,108.51991271972656,-4.91964864730835,3.577059745788574,7.954448699951172,4.994952201843262,1.4507251977920532,0.5900717973709106,3.8266398906707764,-1.0079326629638672,0.3383113443851471,5.615679740905762,-0.8352431058883667,4.104165077209473,1.9958951473236084,2.988774538040161,-3.654367446899414,5.568778991699219,-0.07792697846889496,3.269320249557495
533,"Radical Face - Welcome Home, Son.mp3",-115.84574890136719,129.7464599609375,-7.231775283813477,21.45026397705078,5.135976314544678,3.259143590927124,3.104602336883545,-1.0927568674087524,-5.431112766265869,1.0562046766281128,-6.699981689453125,1.0360891819000244,-4.0619401931762695,-6.537110805511475,-7.187184810638428,-1.3229416608810425,-5.053131580352783,-3.3253960609436035,-6.680835247039795,0.06727244704961777
534,rAHHH - Clouds.mp3,-161.1112060546875,126.13308715820312,16.691123962402344,6.935887813568115,-8.540857315063477,-0.6956885457038879,-4.060427188873291,-5.668673038482666,-0.5384946465492249,1.2613184452056885,-5.801143646240234,-5.831430435180664,-7.552058696746826,-0.505750834941864,-3.3608779907226562,0.2533210217952728,-4.6667046546936035,0.9759788513183594,-0.731122612953186,2.6681265830993652
535,Rak-Su - I Want You to Freak my-free-mp3s.com .mp3,-8.932764053344727,56.26044845581055,4.909735202789307,17.097421646118164,-2.2919883728027344,4.810268878936768,-4.371902942657471,2.6103107929229736,-2.7804152965545654,6.618520736694336,-1.7296286821365356,5.562574863433838,0.91103196144104,2.57953143119812,0.5589258074760437,3.9528698921203613,-4.671474933624268,1.848836064338684,-2.3330132961273193,-0.15277676284313202
536,Rak-Su - Thunder.mp3,-27.896190643310547,55.410888671875,-1.721001148223877,24.844152450561523,4.499557971954346,9.553873062133789,-3.109178066253662,5.466595649719238,-3.232748031616211,2.1782474517822266,-3.179659843444824,1.3145674467086792,-2.361790657043457,1.7434890270233154,-1.8117510080337524,1.1260286569595337,-8.956707954406738,-0.8212241530418396,-3.781629800796509,-2.9494881629943848
537,Ramz - Barking (Lyrics).mp3,-145.90806579589844,84.27031707763672,11.09235954284668,6.802107810974121,17.367431640625,-4.416752338409424,-6.74306583404541,7.452059745788574,-8.644237518310547,-1.0217639207839966,-2.0271570682525635,-6.381768703460693,-4.723455429077148,0.8479209542274475,-6.8063530921936035,0.8753576874732971,-9.413522720336914,-6.666612148284912,-7.627541542053223,-1.219765067100525
538,Randall - Wahran my-free-mp3s.com .mp3,-100.09701538085938,114.52262878417969,2.0223731994628906,23.212461471557617,1.1910903453826904,8.256938934326172,-1.3432914018630981,1.5191372632980347,-5.197914123535156,7.30129861831665,-2.4910314083099365,3.4167044162750244,-1.0214885473251343,-1.0144355297088623,-2.072507858276367,-1.1562155485153198,-4.957167625427246,-1.6306819915771484,-2.310027599334717,-2.235788583755493
539,Randhir - Mal Madahasa.mp3,-87.46466064453125,112.4985580444336,16.25921630859375,3.0091371536254883,-0.12039418518543243,1.6179046630859375,-6.773500919342041,1.3029119968414307,-7.418210983276367,-1.9291441440582275,-5.395137786865234,-5.013087272644043,-4.504923343658447,-0.3480994403362274,-4.36180305480957,-4.829896926879883,-9.728252410888672,-1.9565075635910034,-9.158207893371582,-1.9558779001235962
540,Ranidu - Hinahenne mung (Nil Nayaniye).mp3,-85.51602172851562,80.91213989257812,-11.066271781921387,17.83281707763672,0.2677273452281952,0.9230789542198181,-6.7756028175354,-1.6521271467208862,-8.446466445922852,4.322173595428467,-2.8022356033325195,0.24682480096817017,-2.7263190746307373,1.542093276977539,-4.513823986053467,-3.2152395248413086,-5.588277816772461,-0.5007069706916809,-6.275965213775635,3.617677927017212
541,Rascal Flatts - Life is a Highway (1).mp3,-16.35011863708496,83.67499542236328,-6.95919132232666,31.93967628479004,5.449598789215088,9.389669418334961,2.3320655822753906,7.279407501220703,-0.10845018178224564,9.262957572937012,-0.14045269787311554,2.8734514713287354,-2.317129611968994,2.021005392074585,-1.8250120878219604,0.8965688347816467,-2.85650372505188,2.0101864337921143,-2.5014424324035645,2.436817169189453
542,Rauf & Faik - Детство.mp3,-120.10462951660156,111.91416931152344,29.619251251220703,27.224950790405273,16.380739212036133,8.049165725708008,1.878620982170105,9.403803825378418,-15.679549217224121,12.386138916015625,-4.141676902770996,-1.0981523990631104,-1.4934875965118408,-3.0637295246124268,-2.8504552841186523,-0.7675969004631042,-7.265359401702881,0.8396074175834656,-4.369542121887207,-3.2790119647979736
543,Reaper - BARRICADE.mp3,27.221820831298828,44.06178665161133,2.6434645652770996,13.796985626220703,7.304249286651611,5.19093132019043,0.7483080625534058,5.002262592315674,-1.3298356533050537,0.8157911896705627,-4.825732707977295,0.9211008548736572,-4.3950514793396,-0.7353171706199646,-4.3841118812561035,0.7501872777938843,-4.0030622482299805,0.9030600786209106,-0.9273557066917419,2.55135440826416
544,RedOne_Daddy_Yankee_French_Montana_Dinah_Jane_Boom_Boom.mp3,-64.24684143066406,68.14588928222656,-1.6200429201126099,26.895030975341797,6.938918113708496,10.603355407714844,4.026909828186035,11.659543991088867,-0.4576171040534973,8.690998077392578,0.9019970297813416,4.883739471435547,1.8350465297698975,3.2563316822052,0.025371061637997627,3.4741976261138916,-3.3601741790771484,1.6034995317459106,-2.034433603286743,1.3353278636932373
545,reebs-back-again.mp3,-16.44839859008789,44.1518669128418,12.699010848999023,20.98761749267578,8.02426528930664,16.409954071044922,1.49709153175354,9.086222648620605,2.6985957622528076,5.319972515106201,-0.32113227248191833,1.154861569404602,-1.1006975173950195,4.279854774475098,1.4643232822418213,5.730412483215332,0.48254403471946716,4.573233604431152,0.7757412791252136,4.616734027862549
546,renforshort - nostalgic (luvsick).mp3,-80.98017883300781,78.49634552001953,17.49875831604004,35.16352844238281,-2.7302842140197754,7.388177871704102,2.090726137161255,-1.26948082447052,5.799004077911377,0.9487096071243286,-2.6255173683166504,1.1554213762283325,-1.9470750093460083,-0.3317398726940155,-6.2985920906066895,-3.202688694000244,-7.3840179443359375,-3.2112715244293213,-5.470620155334473,-2.3873355388641357
547,Retrovision - Get Down.mp3,14.393834114074707,50.54433059692383,6.73158073425293,22.21098518371582,11.708619117736816,13.363874435424805,6.900745868682861,9.46550464630127,2.5818684101104736,9.08790111541748,1.294257402420044,4.789181709289551,-2.0168204307556152,3.884369373321533,-0.640474259853363,2.9180259704589844,-0.5987817049026489,5.153663158416748,-0.5890965461730957,5.313249588012695
548,Rezz - Hypnocurrency.mp3,-111.65296936035156,97.31468963623047,12.797429084777832,36.223121643066406,8.954381942749023,19.387184143066406,10.455103874206543,13.034151077270508,8.270536422729492,9.345131874084473,4.995025157928467,9.556314468383789,5.347009181976318,6.176672458648682,5.102626800537109,6.6071038246154785,0.482045441865921,4.8818159103393555,1.1499741077423096,3.7079923152923584
549,Richard Termini - Rocket 2328.mp3,-69.25123596191406,73.2688217163086,-3.6718661785125732,16.456689834594727,-3.5339605808258057,1.5906866788864136,-14.560193061828613,-3.115776300430298,-8.883143424987793,-2.7913413047790527,-3.1536309719085693,-0.9066088199615479,-9.807071685791016,-6.500819206237793,-12.493064880371094,-4.639397621154785,-5.682327747344971,-2.605351686477661,-5.814066410064697,-4.267914772033691
550,Richelle - Mascotte (10th Anniversary Midi Orchestra).mp3,-175.2772216796875,99.51107788085938,-10.039565086364746,21.907033920288086,-6.282565116882324,4.994874000549316,-3.2876389026641846,-1.1911773681640625,-10.41440486907959,-2.987654447555542,-2.640608310699463,3.701758861541748,-2.19240665435791,-1.3477599620819092,-3.9378414154052734,-2.432826042175293,-4.860815048217773,2.3255698680877686,-4.137932300567627,-4.307523727416992
551,Rimer London - Help Me In.mp3,-116.13645935058594,100.89740753173828,2.2463786602020264,14.860152244567871,2.5561177730560303,2.188171863555908,5.060909271240234,3.7109880447387695,0.6003856658935547,6.421145915985107,4.474870204925537,5.584451675415039,-0.4065777659416199,5.381369113922119,-1.1486707925796509,0.6558157801628113,-0.3221428394317627,1.176996111869812,-0.2606828510761261,1.1402359008789062
552,Rita Ora - Let You Love Me [Official Video].mp3,-68.47471618652344,77.31098937988281,3.532106637954712,18.35293960571289,8.852394104003906,1.011238932609558,6.751120567321777,2.9297144412994385,-1.0894789695739746,5.664575099945068,-7.449970722198486,-1.3280682563781738,2.7194790840148926,5.15522575378418,0.025908328592777252,5.978020191192627,-0.13916432857513428,4.193072319030762,-2.6297929286956787,1.1798220872879028
553,Rival x Cadmium feat. Rosendale - Willow Tree my-free-mp3s.com .mp3,-55.52803039550781,100.89715576171875,7.958000183105469,11.266204833984375,-0.5247090458869934,3.840517997741699,-2.5456066131591797,-1.9698542356491089,-5.821067810058594,2.5564820766448975,-7.631534576416016,0.6398423314094543,-4.137942314147949,0.25327977538108826,0.5662628412246704,1.1475294828414917,-5.0171217918396,0.8215513825416565,-6.608340740203857,-1.3083213567733765
554,Robin Schulz - Sugar (feat. Francesco Yates) (OFFICIAL MUSIC VIDEO).mp3,-49.7889289855957,95.63912963867188,-0.44506901502609253,12.39661693572998,-4.855212211608887,0.4442150592803955,-3.8322103023529053,5.306610107421875,-3.5762810707092285,5.194992542266846,-3.7455978393554688,-0.8839478492736816,-3.7157623767852783,0.119718998670578,-0.9963474273681641,-0.13428208231925964,-4.029097557067871,1.2411861419677734,-5.056319713592529,-1.7021015882492065
555,"Robin Schulz, David Guetta, Cheat Codes - Shed A Light my-free-mp3s.com .mp3",-29.685483932495117,89.86360931396484,-3.0552871227264404,8.232062339782715,-0.5894759297370911,3.121018886566162,-6.355354309082031,0.7333847284317017,-5.555938720703125,1.8576223850250244,-6.7013163566589355,3.8129630088806152,-3.90549898147583,-3.291720151901245,-1.24371337890625,1.1724275350570679,-4.585971832275391,1.439384937286377,-2.138082981109619,-0.8156766891479492
556,Robot Koch - Subtle Ones.mp3,-211.13882446289062,159.20115661621094,13.760333061218262,23.37786865234375,10.286270141601562,9.454272270202637,-2.081988573074341,-2.378443717956543,-6.401967525482178,-3.009492874145508,-3.632122039794922,-1.2097381353378296,-2.2013094425201416,-1.1478749513626099,-1.4282946586608887,-0.9116948246955872,0.6106905937194824,1.8255250453948975,-0.4494476616382599,-0.37908780574798584
557,Rome in Silver - All I Want.mp3,-61.6749267578125,91.1298828125,-14.558552742004395,7.432078838348389,-3.749910354614258,-1.083132028579712,-5.287124156951904,-1.706481695175171,-4.6067094802856445,3.6603784561157227,-0.05560354143381119,0.6513407826423645,-5.564548015594482,-2.450211763381958,-5.728142261505127,-2.940183639526367,-3.8110439777374268,0.676801860332489,-2.666889190673828,3.1727254390716553
558,Rome in Silver - Beam.mp3,-52.509605407714844,95.44390869140625,2.6931612491607666,25.212419509887695,-8.370231628417969,3.6777853965759277,-8.467509269714355,-5.535379886627197,-13.640573501586914,-4.893090724945068,-11.934957504272461,-2.7535386085510254,-5.491170406341553,-2.0472655296325684,-7.299363613128662,-0.9270734190940857,-6.218029975891113,-1.00186288356781,-2.2134408950805664,1.065352439880371
559,Rome in Silver - Fade.mp3,-74.036865234375,95.75110626220703,-4.762213706970215,26.629390716552734,-2.327454090118408,-1.5283626317977905,-6.699034214019775,-4.907578945159912,-8.921448707580566,-3.680480480194092,-8.354657173156738,-3.5636260509490967,-7.558530807495117,-2.1547305583953857,-3.3974084854125977,0.30218589305877686,-2.953014850616455,2.8187460899353027,0.7767300605773926,3.3912479877471924
560,Rome in Silver - Fiore.mp3,-81.92933654785156,109.90457153320312,20.9615421295166,13.469407081604004,-2.7751176357269287,9.473376274108887,0.34402528405189514,3.8859896659851074,-1.948561191558838,3.81111478805542,-0.8982647657394409,0.04739293083548546,-1.9948447942733765,4.827098846435547,-0.4466985762119293,3.9623682498931885,-1.6582194566726685,-0.5051906108856201,-7.008230686187744,2.4911258220672607
561,Rome in Silver - Fool.mp3,-68.88552856445312,109.90562438964844,11.523719787597656,28.443395614624023,1.3001666069030762,9.275527954101562,1.5615441799163818,7.074316024780273,-0.5903304815292358,4.8408966064453125,-1.6549313068389893,3.8787732124328613,-0.22303125262260437,3.746180772781372,-1.391857385635376,1.1598286628723145,-2.7154593467712402,1.379007339477539,-1.4644794464111328,0.31150346994400024
562,Rome in Silver - Forever.mp3,-85.03629302978516,88.01411437988281,-11.42855453491211,14.822490692138672,2.1130573749542236,2.847576141357422,-2.8051841259002686,6.176845073699951,-10.489428520202637,2.392758846282959,-2.308274745941162,0.06944794207811356,-4.622523307800293,0.9172499775886536,-5.309385776519775,-2.2148032188415527,-1.541372537612915,0.47512757778167725,0.26018667221069336,1.130956768989563
563,Rome in Silver - Friends.mp3,-71.63326263427734,95.11175537109375,2.6652333736419678,19.81947135925293,8.795083045959473,1.6948013305664062,-0.179264634847641,0.21616533398628235,-2.81421160697937,0.47977760434150696,-7.585025787353516,-2.972735643386841,-4.686339855194092,-1.9150948524475098,-4.140957832336426,-0.7008373141288757,-3.7993390560150146,0.07178005576133728,-2.419696807861328,-1.2146077156066895
564,Rome in Silver - Get Lost.mp3,-38.275150299072266,74.91873168945312,-16.690492630004883,8.069533348083496,-4.064786911010742,5.528871536254883,-8.6387300491333,-1.1617435216903687,-4.835804462432861,2.868823766708374,-4.253256320953369,-0.6859138607978821,-5.477278232574463,-0.19294331967830658,-3.6599507331848145,-1.0045191049575806,-4.327765941619873,1.807012677192688,-3.4885613918304443,-1.0248417854309082
565,Rome in Silver - Skin.mp3,-111.20407104492188,90.12459564208984,11.511125564575195,3.8464858531951904,2.7159695625305176,0.3139268159866333,-2.395216226577759,2.348116874694824,-5.361880302429199,2.2818312644958496,-3.0107250213623047,2.714669704437256,-6.220798015594482,-3.0355544090270996,-6.266860485076904,-0.7956874966621399,-4.441370964050293,-0.13237610459327698,-3.1457936763763428,-0.845147967338562
566,Rome in Silver - Yoko.mp3,-113.63703918457031,98.45846557617188,-15.630592346191406,9.069260597229004,-13.574383735656738,-1.270561933517456,-15.89303970336914,-6.2847394943237305,-12.137861251831055,-4.834743022918701,-8.052448272705078,-3.5547492504119873,-5.340930938720703,-0.9230651259422302,-2.7216358184814453,1.558640480041504,-2.543909788131714,0.056503232568502426,-1.5787334442138672,2.209684133529663
567,"Rome in Silver, Lhasa Petik - Never Be The One.mp3",-70.68045043945312,81.81746673583984,13.409181594848633,20.863845825195312,-5.8799896240234375,4.390756130218506,-3.278475046157837,-4.770263671875,-8.744573593139648,1.9514576196670532,-9.218564987182617,-1.104737639427185,-7.176380157470703,-1.4908150434494019,-5.567403793334961,-2.619964122772217,-5.3931121826171875,-1.1254445314407349,-5.179134845733643,0.2177308350801468
568,Rootkit - Sparks (ft. Casey Cook).mp3,-52.24296951293945,103.07274627685547,-9.17297077178955,12.713188171386719,7.9424519538879395,14.606222152709961,6.352097034454346,4.633028984069824,-4.072196006774902,6.946861267089844,-7.4571099281311035,5.391122341156006,-4.800173282623291,3.162022113800049,-0.7127742767333984,0.6067663431167603,4.333144664764404,2.7800204753875732,3.0737862586975098,6.697075366973877
569,Ross from Friends - Love Divide.mp3,-175.16168212890625,98.80805206298828,42.45925521850586,27.477474212646484,9.285685539245605,4.330645561218262,-3.5723137855529785,-0.2669563889503479,-5.508478164672852,2.5117099285125732,-1.9929070472717285,6.561314105987549,3.2253429889678955,4.376028060913086,-2.8573896884918213,-0.45277366042137146,-5.135223865509033,0.5522990822792053,-4.73911190032959,-0.6468834280967712
570,Rowald Steyn - Déjà Vu.mp3,-32.83705139160156,92.05213165283203,0.48817285895347595,16.863025665283203,2.6606996059417725,4.1504058837890625,-2.1200718879699707,4.974595546722412,-1.2077444791793823,-1.7994931936264038,-10.649133682250977,-0.4094407260417938,-1.9248216152191162,1.8869870901107788,-4.015766620635986,0.8508089780807495,-2.990957498550415,1.677886962890625,-2.5686678886413574,1.4123061895370483
571,Rsun - Without You.mp3,-53.47063064575195,60.17677688598633,6.443775653839111,29.646780014038086,0.7640278935432434,15.242968559265137,-1.837390422821045,12.369757652282715,7.398514747619629,2.0477187633514404,-2.4348926544189453,-0.252902090549469,0.6099156141281128,0.7702122926712036,-2.329901933670044,-0.4034866392612457,-1.7110812664031982,-0.2819097638130188,-2.7189557552337646,-0.8851399421691895
572,Rude. - Eternal Youth.mp3,-149.44190979003906,141.097412109375,5.4231648445129395,14.475872993469238,4.006211757659912,-2.872807741165161,-3.6118862628936768,0.16351823508739471,3.326341152191162,8.742748260498047,7.834598541259766,5.3393378257751465,0.5288200378417969,1.3856678009033203,0.8964172601699829,5.552480220794678,0.9419969320297241,4.9972758293151855,3.192584276199341,4.530150413513184
573,SaberZ - We Came To Rave.mp3,-0.1688365787267685,81.28365325927734,-8.207942962646484,13.424476623535156,5.313939571380615,11.769222259521484,3.312588691711426,8.037420272827148,0.07431376725435257,7.397403240203857,0.6988916993141174,5.376523494720459,-0.8907179832458496,5.68927526473999,3.388225793838501,7.405252933502197,0.8124761581420898,3.785367488861084,-1.484729290008545,3.5102853775024414
574,Sabrina Carpenter - Alien.mp3,-49.4312744140625,66.36302947998047,12.750597953796387,21.611408233642578,7.912195205688477,3.052116632461548,4.218571662902832,-0.29832324385643005,0.3351993262767792,1.979277491569519,-8.262642860412598,2.6961662769317627,-1.3491555452346802,0.3533395230770111,-0.7993497252464294,1.3835420608520508,-1.882719874382019,4.428078651428223,-0.4078754782676697,4.235139846801758
575,SAINt JHN - Roses (Imanbek Remix).mp3,-83.38932800292969,94.71833801269531,-1.381790041923523,8.04253101348877,7.873490810394287,5.337734699249268,-10.324557304382324,-0.7389926910400391,5.705612659454346,-3.6704626083374023,-4.023716926574707,-0.4818927049636841,-7.235814094543457,4.6129608154296875,0.10037153214216232,4.627818584442139,7.204559803009033,2.567338466644287,-0.7490694522857666,1.3295128345489502
576,Sam Feldt & Yves V feat. ROZES - One Day my-free-mp3s.com .mp3,-48.11031723022461,76.5247802734375,19.727872848510742,9.525398254394531,6.279603481292725,4.794620037078857,2.7717347145080566,-1.5019537210464478,-4.626867771148682,2.2666852474212646,-7.4742431640625,2.9487669467926025,-1.323441982269287,1.9238280057907104,-2.380326271057129,0.3301297426223755,-1.9336367845535278,1.6388299465179443,-1.4181404113769531,-1.1019487380981445
577,Sam Feldt feat. RANI - Post Malone (feat. RANI) my-free-mp3s.com .mp3,-27.28784942626953,76.86865234375,1.9232940673828125,12.917572021484375,7.6381659507751465,1.6036255359649658,7.9150390625,-4.822019100189209,0.7547823786735535,1.1216305494308472,-0.6819000840187073,3.1534714698791504,-8.371251106262207,6.746939659118652,-2.894850969314575,2.216271162033081,3.3916893005371094,6.095699310302734,-0.9802224040031433,4.070921897888184
578,Sam Smith - How Do You Sleep_ my-free-mp3s.com .mp3,-71.9471206665039,78.08767700195312,14.6759614944458,28.109451293945312,-2.8322267532348633,6.092094898223877,-6.175217628479004,-0.7596902847290039,-7.5328450202941895,9.941854476928711,-0.08424486219882965,0.5855279564857483,-3.9618847370147705,-1.1124943494796753,-4.68144416809082,0.9912306666374207,-7.625400066375732,1.5120391845703125,-1.482163906097412,1.2060285806655884
579,Sam Smith - Writing-'s On The Wall (From -_Spectre-_ Soundtrack).mp3,-143.52947998046875,119.94499206542969,-4.504746437072754,21.282970428466797,-1.2336574792861938,4.88784122467041,2.87358021736145,0.12938359379768372,-6.309962272644043,2.476135730743408,-1.218738079071045,0.15319876372814178,-2.321340322494507,0.5708048343658447,1.173809289932251,6.242239952087402,0.0665014237165451,3.611053228378296,3.450745105743408,5.22882604598999
581,San Holo - bb u ok.mp3,-52.742191314697266,102.45807647705078,-3.1254491806030273,21.03047752380371,-6.511059761047363,6.204541206359863,-7.135821342468262,0.48623377084732056,-4.945581436157227,0.5627684593200684,-2.937251567840576,3.2750844955444336,-1.9362844228744507,0.561263382434845,-3.828765630722046,-2.766514301300049,-3.4143905639648438,0.5922778844833374,-4.206502437591553,-1.7852624654769897
582,San Holo - black and white.mp3,-45.356483459472656,95.33936309814453,5.0954670906066895,18.424970626831055,3.1310625076293945,5.761632919311523,-1.6494178771972656,1.8018810749053955,-3.1676406860351562,2.6038403511047363,0.18531720340251923,3.5556821823120117,-1.3892968893051147,-0.3433047831058502,-7.402229309082031,-5.44580602645874,-5.691587924957275,0.6145845055580139,-1.3712186813354492,-0.40775299072265625
584,San Holo - find your way.mp3,-74.67991638183594,87.50080108642578,7.8285441398620605,22.598331451416016,4.161537170410156,5.950850009918213,-1.4187968969345093,1.2511173486709595,-5.673630714416504,7.802997589111328,-3.347355604171753,4.782792568206787,0.8708571195602417,2.858508825302124,-0.37065592408180237,-1.0923056602478027,-2.6272802352905273,0.15437892079353333,-3.439866781234741,1.17153799533844
585,San Holo - Fly.mp3,-80.72042083740234,88.90200805664062,-1.4095680713653564,7.548792839050293,1.3213928937911987,8.485494613647461,-2.9362497329711914,0.34457695484161377,-2.1882662773132324,-0.18565919995307922,-2.709789276123047,1.1490635871887207,0.10932901501655579,4.924688339233398,2.740522623062134,7.82007360458374,5.979550361633301,7.401796817779541,3.893393039703369,4.433783531188965
586,San Holo - heal (↑%) myfreemp3.vip .mp3,-87.6818618774414,112.0643539428711,-0.7256925702095032,18.238100051879883,5.887479782104492,8.297384262084961,-0.0012908413773402572,5.606313228607178,-1.7368578910827637,5.321103572845459,1.0264613628387451,4.658596038818359,0.8222238421440125,1.358833909034729,-2.4324278831481934,1.1971538066864014,-0.6281234622001648,3.7938830852508545,-1.3101449012756348,-0.804402232170105
587,San Holo - Honest.mp3,-56.445106506347656,113.82921600341797,-8.989801406860352,12.392203330993652,-1.1905676126480103,0.20414064824581146,-1.6315267086029053,0.07108720391988754,-0.6004075407981873,1.3482550382614136,-2.829796314239502,0.3209357261657715,1.9377652406692505,4.4972710609436035,3.2292520999908447,4.354184150695801,1.734680414199829,2.29390811920166,-0.47818276286125183,3.623960256576538
588,San Holo - i just wanna fucking cry.mp3,-108.48863983154297,118.21570587158203,5.646783828735352,10.71238899230957,3.8680779933929443,-2.705009937286377,-7.1293559074401855,-3.46024227142334,-7.019660949707031,0.04495077207684517,-2.6301023960113525,-1.6993069648742676,-6.644764423370361,-5.7761077880859375,-5.2944560050964355,-1.6353381872177124,-2.0689642429351807,3.082827091217041,1.980737328529358,4.784050941467285
589,San Holo - I Still See Your Face.mp3,-73.52779388427734,99.93242645263672,-7.47073221206665,17.060564041137695,-1.6791123151779175,3.598562002182007,-2.775360584259033,2.6642391681671143,-2.741487979888916,-1.427504539489746,-4.4521918296813965,-1.7524590492248535,-4.0398383140563965,1.7261649370193481,-0.11543921381235123,0.5008360147476196,-1.700546145439148,-0.456382691860199,-2.739482879638672,-1.191952109336853
593,San Holo - IT HURTS! (1).mp3,-70.51385498046875,98.80519104003906,15.381393432617188,27.42169189453125,9.072708129882812,3.831488847732544,-5.646243572235107,2.0142765045166016,-0.7050227522850037,5.178183555603027,-4.213910102844238,1.6788742542266846,-2.6050479412078857,-1.0917569398880005,-1.0419915914535522,-0.5247232913970947,-2.439863681793213,2.550868034362793,1.5513885021209717,4.077856540679932
594,San Holo - lift me from the ground.mp3,-58.57018280029297,94.194580078125,-9.517037391662598,10.339982986450195,0.5684536099433899,-0.07404854148626328,-4.870088577270508,-3.390761375427246,-7.038111209869385,-0.9985109567642212,-3.0271668434143066,0.22301912307739258,-2.555321455001831,3.7301785945892334,-0.8574070930480957,1.855604887008667,1.01466965675354,2.100264310836792,-0.11253359913825989,0.149893656373024
595,San Holo - Light.mp3,-41.692195892333984,70.9041519165039,-1.4894702434539795,11.306930541992188,2.0023326873779297,-0.6260433197021484,-0.5642983913421631,-5.067311763763428,-2.335658073425293,0.7924985289573669,-2.072690486907959,4.400557041168213,-1.3310221433639526,2.0068113803863525,-4.7277140617370605,-1.1912750005722046,-4.558537483215332,-0.7675014138221741,-5.056879043579102,1.9227432012557983
596,San Holo - MY FAULT.mp3,-110.39454650878906,98.2217788696289,-0.7774906754493713,22.3491268157959,0.9498018026351929,11.0846529006958,-1.0476560592651367,-2.7147533893585205,-2.2640912532806396,-2.6070938110351562,-8.372973442077637,-3.024768590927124,-7.357630729675293,-4.575507164001465,-5.408327579498291,-4.053277492523193,-7.653628349304199,-2.6868534088134766,-5.698358058929443,-2.8560004234313965
597,San Holo - Pocket.mp3,-108.90276336669922,104.89761352539062,14.624202728271484,22.635757446289062,5.094966888427734,8.577859878540039,0.09631675481796265,0.0669836476445198,-3.1574058532714844,3.6271188259124756,-1.5080430507659912,0.41652119159698486,-0.33033859729766846,1.749120831489563,-0.234458789229393,1.1804908514022827,-2.3216772079467773,-1.1207407712936401,-2.9334778785705566,5.550510406494141
599,San Holo - surface.mp3,-72.14317321777344,120.39224243164062,-20.113746643066406,21.098514556884766,-3.93827748298645,3.225203037261963,-2.8672990798950195,-1.6273951530456543,-2.2554619312286377,1.1198617219924927,-1.3521215915679932,-1.104662299156189,-4.679872035980225,-1.5779563188552856,-5.387302398681641,-0.6026992201805115,-4.407228469848633,-0.14058470726013184,-0.6612516641616821,1.1847261190414429
600,San Holo - They Just Haven-'t Seen It (feat. the Nicholas).mp3,-117.33924102783203,106.12223052978516,-5.023829460144043,9.710668563842773,-2.487407684326172,4.030778884887695,-0.20499396324157715,2.171217918395996,-0.045728910714387894,-0.18771246075630188,-3.6849560737609863,3.151118040084839,2.8124353885650635,5.233534336090088,2.050640821456909,5.259721279144287,-0.73758864402771,-1.3334423303604126,-5.157362937927246,-1.4281960725784302
601,San Holo - We Rise.mp3,-83.36550903320312,77.5152587890625,-14.182626724243164,4.605963706970215,-4.14682149887085,0.37544047832489014,-7.83126974105835,-0.6207521557807922,-5.9469475746154785,-0.8832175135612488,-5.435839653015137,0.2820809781551361,-4.818873405456543,0.4533344805240631,-2.950641393661499,-1.4579553604125977,-4.563948154449463,-0.15588493645191193,-1.2355422973632812,2.6483514308929443
603,San Holo - wheels up.mp3,-60.3717155456543,106.64473724365234,-1.3881303071975708,17.3531551361084,1.7090718746185303,2.5312037467956543,-4.914685249328613,0.3766447603702545,-6.467942714691162,4.706182956695557,-0.9670537114143372,4.3026533126831055,-0.9172593355178833,-0.23690111935138702,1.3433072566986084,-1.789914846420288,-4.099789142608643,-2.1305413246154785,-6.9673380851745605,0.44560670852661133
604,"San Holo - when ur around (feat. San Holo, Taska Black, Flaws and Mystk).mp3",-92.48365783691406,123.67110443115234,2.8352222442626953,13.067930221557617,0.7165887951850891,9.156234741210938,-0.3377267122268677,3.2103161811828613,0.3168189227581024,2.476316452026367,-3.4574482440948486,-0.24359750747680664,-3.621417999267578,-0.5372220277786255,-3.306877374649048,0.2389228194952011,-2.833008050918579,0.053996194154024124,-2.690560817718506,2.9798357486724854
605,"San Holo - you’ve changed, i’ve changed.mp3",-65.8892593383789,107.99974060058594,1.5670121908187866,18.833616256713867,-0.17356997728347778,6.114030361175537,-2.0154387950897217,-0.005147090647369623,-2.4344093799591064,4.353328704833984,-3.606184720993042,-1.545246958732605,-5.962121963500977,-2.9085965156555176,-1.9124239683151245,1.1061468124389648,-4.324016094207764,-0.10898245871067047,-3.187772512435913,0.33396613597869873
606,Sander van Doorn - 500 (PCM) [Official Music Video].mp3,-49.007835388183594,51.308467864990234,-4.352458477020264,7.046955108642578,-3.7982187271118164,4.617771148681641,-6.1519036293029785,7.833517551422119,-3.2203807830810547,4.500583171844482,-0.5400688648223877,3.0900728702545166,0.09665350615978241,6.609162330627441,4.751120090484619,5.6535210609436035,2.116655111312866,1.2721952199935913,-0.26396581530570984,2.911917209625244
607,Sander van doorn - Rage.mp3,-19.44588279724121,44.900245666503906,6.482822418212891,17.623456954956055,8.955819129943848,12.708751678466797,5.708078384399414,8.414055824279785,2.5796022415161133,6.680939674377441,0.6603974103927612,3.825429677963257,-0.5355243682861328,3.336460590362549,-0.6888747215270996,0.4902137219905853,-3.9600398540496826,1.4844856262207031,-0.843315839767456,2.514096260070801
608,Sarah Brightman - Time To Say Goodbye.mp3,-113.67488098144531,120.11717224121094,-6.767036437988281,22.925495147705078,4.563899040222168,-4.341270446777344,3.058821201324463,1.2348954677581787,-10.65114688873291,1.9998317956924438,-10.744036674499512,-4.265430450439453,-4.188877582550049,2.26991605758667,-5.080603122711182,5.475551605224609,-4.841747760772705,-0.5716813206672668,-1.020550012588501,0.2452678680419922
609,Sarah Cothran - As the World Caves In.mp3,-85.07881164550781,92.02236938476562,-3.673367738723755,20.2071590423584,5.593416690826416,6.575399875640869,2.2643487453460693,-3.319457769393921,1.9169597625732422,-1.9845974445343018,-11.42601203918457,3.81398606300354,-3.393040180206299,0.4616129994392395,-5.481878757476807,0.06850598007440567,-3.0379269123077393,-6.018846035003662,-7.356586456298828,-2.0558178424835205
610,"Sarah, the Illstrumentalist - Genetically Modified.mp3",-151.52243041992188,118.18050384521484,-11.427226066589355,28.957107543945312,-0.7581614851951599,12.109367370605469,-1.731249451637268,3.9280900955200195,2.0403995513916016,-0.7970331907272339,-6.126791954040527,-4.191877365112305,-0.32975733280181885,-1.7255706787109375,-2.3579764366149902,0.5974780321121216,-1.9283137321472168,1.5027127265930176,-3.2736663818359375,-3.4824657440185547
611,"Sarah, the Illstrumentalist - Lemuria.mp3",-134.30368041992188,61.519325256347656,6.8534111976623535,23.19061279296875,4.366000175476074,9.966814994812012,6.058505535125732,5.849658489227295,-2.7865309715270996,6.023747444152832,-2.590873956680298,6.6356282234191895,-1.8408682346343994,1.8209457397460938,-1.5786997079849243,2.990462303161621,-0.8399751782417297,3.0288984775543213,-2.8992421627044678,0.11167456954717636
612,Saïlss - orbit.mp3,-312.1413269042969,160.7600555419922,26.36205291748047,25.88263511657715,17.857921600341797,11.2080078125,6.173331260681152,-0.5750892758369446,-2.270916700363159,0.7046782374382019,5.54686975479126,5.545812606811523,7.003577709197998,5.663954257965088,0.15171124041080475,-2.774475574493408,-2.7467899322509766,-0.5705150365829468,3.7976136207580566,0.12940244376659393
613,scntfc - Epiphany Fields.mp3,-77.94625854492188,97.3862533569336,-6.994358062744141,33.30167770385742,-16.23263931274414,6.348723411560059,-3.3893964290618896,-3.2582404613494873,-8.034034729003906,7.20285177230835,-3.8241384029388428,-1.6907027959823608,-2.8084073066711426,0.24948951601982117,-7.873101711273193,-5.044248104095459,-5.136111736297607,0.1268574446439743,-5.709508419036865,0.04575834423303604
614,"scntfc - The Beach, 7am.mp3",-265.7940368652344,146.87039184570312,-12.581391334533691,-6.12803840637207,-5.5345458984375,-4.95180082321167,-10.566398620605469,-5.1721906661987305,-2.1975698471069336,-3.018326997756958,-2.773483991622925,-0.8765729665756226,-2.2274229526519775,-0.8536656498908997,-0.8632913827896118,0.15655136108398438,-1.2097084522247314,-2.002619981765747,-3.0444376468658447,-3.119407892227173
615,Sebastian Ingrosso - Dark River (Festival Version).mp3,-49.61940383911133,75.49748992919922,-11.388711929321289,10.5231294631958,4.418076515197754,13.264532089233398,3.468745231628418,9.027778625488281,0.5658261775970459,8.879541397094727,4.821372985839844,7.095536708831787,-3.4136452674865723,1.72586190700531,-2.986133098602295,-1.8157237768173218,-3.3228769302368164,3.5554869174957275,2.2644572257995605,7.336551189422607
616,Sebastian Yatra - Runaway .mp3,-44.496585845947266,56.1411247253418,1.5987426042556763,5.546839714050293,13.023469924926758,4.1658430099487305,-2.1942965984344482,2.256364107131958,-5.985156059265137,7.745837211608887,2.9968483448028564,-0.14234767854213715,0.38603726029396057,2.1262125968933105,-1.9996497631072998,1.682802677154541,-1.817589521408081,3.0339696407318115,-2.2522401809692383,0.411142498254776
617,SeeB - Grip.mp3,-20.361509323120117,107.42803955078125,-16.611494064331055,14.206345558166504,7.136269569396973,-1.446476936340332,-4.138700008392334,3.1469054222106934,-8.630036354064941,3.898937463760376,0.8018451929092407,0.7088197469711304,-0.43585148453712463,-0.7338410019874573,-4.229612827301025,1.874946117401123,-5.480248928070068,-0.987774133682251,1.5547031164169312,0.67288738489151
618,Selena Gomez - Lose You To Love Me.mp3,-136.2601318359375,100.88640594482422,26.05272674560547,23.484148025512695,9.318428039550781,5.076083183288574,9.602038383483887,-0.7871425151824951,0.6868065595626831,10.462871551513672,-5.081333160400391,4.604648590087891,-7.111802101135254,2.9865260124206543,-4.334658622741699,1.3738411664962769,3.0155444145202637,7.32301664352417,4.098064422607422,10.887221336364746
619,Serhat Durmus - Hislerim.mp3,-147.25961303710938,99.563232421875,4.399315357208252,6.655829429626465,-10.23387622833252,-3.0447866916656494,-5.330908298492432,-13.142730712890625,-6.153077602386475,-1.2728967666625977,-5.635024547576904,-0.8219418525695801,-8.028003692626953,1.2591562271118164,-4.489217281341553,-0.25994789600372314,1.726080298423767,0.40744033455848694,-1.5290045738220215,5.133508205413818
620,Seven Lions - Another Me (with Dylan Matthew).mp3,1.4935567378997803,58.358219146728516,-10.804766654968262,14.529730796813965,4.099970817565918,9.551280975341797,-5.006949424743652,4.25150728225708,1.210376262664795,3.9851295948028564,0.1349996030330658,5.457306861877441,1.501483678817749,6.036566257476807,3.998776912689209,5.32498025894165,-2.681706190109253,5.070988178253174,-1.958642840385437,-1.0359175205230713
621,SEVENTEEN - HIT my-free-mp3s.com .mp3,6.58701229095459,74.2447509765625,-2.8461203575134277,5.915308475494385,0.6082234978675842,9.997269630432129,1.009795069694519,7.905280113220215,0.5248257517814636,7.9597039222717285,1.2498879432678223,3.3788557052612305,3.2732839584350586,5.789175033569336,-0.522925615310669,4.914126396179199,-0.29853349924087524,4.322139739990234,-1.4629099369049072,1.9737714529037476
622,Sex Education SoundTrack S01E06 Not Speaking by Oli Julian.mp3,-220.2864532470703,119.49422454833984,-15.427966117858887,20.067733764648438,-8.24483585357666,7.252181053161621,-19.806270599365234,3.5342888832092285,-2.5701024532318115,3.852705478668213,-2.729285717010498,-3.39093279838562,-7.5252861976623535,0.45318716764450073,-7.122696399688721,-6.688422679901123,-5.893091678619385,-3.3135948181152344,-12.39781379699707,-7.620233058929443
623,Sex Education SoundTrack _ S01E02 Sex Pretzels by Oli Julian (320 kbps) (1).mp3,-107.96825408935547,95.7149658203125,6.217504024505615,20.732603073120117,-1.4443590641021729,10.865407943725586,-5.658732891082764,10.763629913330078,-4.136428356170654,6.14249324798584,-0.5242473483085632,1.8412435054779053,-0.548478901386261,-3.257244110107422,3.7479214668273926,-3.0181682109832764,0.40082985162734985,0.7388433814048767,-4.901260852813721,-1.3075315952301025
624,Shake It Off (With Lyrics) - Taylor Swift.mp3,-38.73085403442383,74.0760269165039,-11.453347206115723,15.058826446533203,4.525882720947266,7.198155879974365,5.412539482116699,4.042037487030029,3.06111741065979,5.523433685302734,-3.5625240802764893,6.475197792053223,-1.3376902341842651,6.475124835968018,1.1773923635482788,3.7228288650512695,1.6989972591400146,2.7908968925476074,-1.0064364671707153,2.425729274749756
625,SHAUN - Way Back Home my-free-mp3s.com .mp3,-69.25621032714844,94.65337371826172,-1.2217464447021484,19.24884605407715,9.81042766571045,6.767034530639648,-1.1419603824615479,-1.152132511138916,-4.620348930358887,-0.10351784527301788,-5.80014705657959,-0.5755151510238647,-8.877584457397461,0.3352779448032379,-5.596495151519775,0.3001689612865448,-6.670032501220703,-0.5029072165489197,-5.471823215484619,-3.7220234870910645
626,Shawn Mendes - If I Can't Have You my-free-mp3s.com .mp3,-26.919090270996094,91.20487213134766,2.4490408897399902,9.256721496582031,7.444727897644043,0.9559859037399292,-6.75544548034668,-1.2837375402450562,-3.8888707160949707,-1.1044505834579468,-8.025922775268555,-0.07123074680566788,-10.28309440612793,-1.7273448705673218,-7.504785537719727,-3.561180830001831,-4.850589275360107,2.7034337520599365,-4.404918193817139,1.795539379119873
627,Shawn Mendes - Summer Of Love.mp3,-92.0469970703125,59.768856048583984,19.744462966918945,10.744518280029297,-6.400703430175781,0.5717012882232666,0.7320979833602905,0.8982818126678467,0.8583775758743286,1.7979096174240112,-1.9642785787582397,1.4492712020874023,-3.759387969970703,1.9311070442199707,-1.1429473161697388,0.5766539573669434,-0.9282823204994202,3.0149178504943848,-6.590727806091309,-2.8960978984832764
628,Shawn Mendes and Camila Cabello Señorita (Lyrics).mp3,-71.14385986328125,82.1947021484375,6.7309088706970215,23.14198875427246,12.665630340576172,11.589061737060547,-1.263959527015686,2.741995096206665,3.297069787979126,5.937134265899658,-6.666652202606201,3.9109044075012207,-2.544978141784668,2.733518600463867,-2.134517192840576,1.725905179977417,-7.300921440124512,-0.8269727230072021,-5.994935512542725,-1.1070258617401123
629,Shawn_Mendes_Zedd_-_Lost_In_Japan_urban180.com_.mp3,-68.44261169433594,81.33674621582031,18.551284790039062,11.684789657592773,7.473437786102295,5.929593563079834,0.9393928647041321,4.401261806488037,1.1539820432662964,1.7787153720855713,-2.6228747367858887,-0.7032349705696106,-4.4710822105407715,0.4898253381252289,-1.4028232097625732,1.9593167304992676,-1.4489706754684448,2.116293430328369,-2.754075527191162,0.7440328001976013
630,SHINee - Stand By Me [Boys Over Flowers OST].mp3,-27.64155387878418,90.37857055664062,-0.38425886631011963,28.66353416442871,-1.4299015998840332,11.942085266113281,-3.5204546451568604,9.241072654724121,-6.049855709075928,8.983861923217773,-1.7777495384216309,2.167893171310425,-0.29395386576652527,-0.1858772188425064,-1.52873957157135,1.9428044557571411,-5.254395961761475,4.052206993103027,-1.5417932271957397,2.344839096069336
631,SHINee - View.mp3,-29.78284454345703,72.53545379638672,7.6749396324157715,11.216768264770508,0.27272576093673706,5.6419596672058105,-1.8378740549087524,4.678469657897949,-3.4216315746307373,7.431357383728027,-1.8320319652557373,0.38537126779556274,-2.494755983352661,2.6219892501831055,1.8130451440811157,2.11057448387146,-2.023268222808838,3.895031452178955,-1.3942010402679443,2.920905351638794
632,SHINee 샤이니 'Lucifer' MV.mp3,14.386704444885254,50.65216064453125,-17.006452560424805,14.146587371826172,-0.07286415994167328,8.36148738861084,0.5100703835487366,7.463967800140381,0.38990145921707153,8.642691612243652,3.220977544784546,5.430455684661865,-0.5770739316940308,2.2286322116851807,0.635893702507019,2.0775797367095947,-2.379477024078369,4.223112106323242,-0.6779362559318542,6.884554862976074
633,Ship Wrek & Zookeepers - Ark.mp3,-49.22286605834961,81.14624786376953,-4.041586875915527,15.046871185302734,-1.7101064920425415,5.844111442565918,2.2856392860412598,2.663212776184082,-3.1407148838043213,2.941060781478882,-2.164874315261841,2.3046178817749023,-0.8737708926200867,3.0629498958587646,-2.2168304920196533,0.8027285933494568,-1.1480138301849365,3.1644327640533447,-1.5959193706512451,0.7056894898414612
634,Shou - Tasty Carrots.mp3,-70.66767883300781,52.516849517822266,-6.305490493774414,13.976552963256836,3.3062362670898438,13.019587516784668,4.998812198638916,8.204379081726074,2.5886380672454834,6.675040245056152,2.545170307159424,7.146829605102539,2.3134284019470215,4.224824905395508,0.8311461806297302,2.8836846351623535,-1.7936867475509644,0.9475894570350647,-4.270384788513184,-0.7884688973426819
635,SHOW-GO - PULSE.mp3,-150.56373596191406,102.84081268310547,-2.6201670169830322,30.03071403503418,2.9315969944000244,-3.4139041900634766,-7.828609943389893,-4.97622537612915,-9.891559600830078,-3.831881284713745,-5.186859130859375,-9.596220970153809,-9.552546501159668,0.4191235899925232,-5.5067267417907715,-1.9329535961151123,-12.263590812683105,-0.6197535991668701,-6.4637041091918945,-4.26200008392334
636,SHOW-GO - SOMEHOW.mp3,-146.52357482910156,81.59605407714844,4.768240928649902,9.811430931091309,-6.2423996925354,0.09167706966400146,-12.215193748474121,-3.119380235671997,-6.755724906921387,-3.5687777996063232,-8.11504077911377,-3.037260055541992,-7.578020095825195,-1.3891637325286865,-8.59388256072998,-0.15869754552841187,-3.2088253498077393,4.241666793823242,0.9640644192695618,2.925807237625122
637,Shwirl - i need u (community mega collab).mp3,-86.89734649658203,101.71717834472656,10.25528335571289,21.087982177734375,-0.832327663898468,1.5366826057434082,-2.9589197635650635,1.8489928245544434,-4.995895862579346,1.123379111289978,-1.0987831354141235,2.286505699157715,-2.81135630607605,-0.06599732488393784,-2.2703776359558105,1.3278857469558716,-2.4788358211517334,1.88176691532135,-0.3454541563987732,1.6701580286026
638,Shwirl - kocham cię.mp3,-72.90306091308594,121.02459716796875,-20.105205535888672,10.151144981384277,0.8836721181869507,4.6388373374938965,-1.7704479694366455,6.220882415771484,-4.236388683319092,7.341715335845947,-3.1781728267669678,0.06951380521059036,-6.130274295806885,-4.223556995391846,-3.5452020168304443,2.518376111984253,-0.19173109531402588,1.6782971620559692,-2.8269150257110596,-1.658928394317627
639,Sia - Chandelier.mp3,-22.072139739990234,82.2391586303711,-1.018988847732544,23.2154598236084,3.0884921550750732,1.455560326576233,10.355055809020996,-6.32800817489624,3.0450432300567627,2.2124123573303223,-1.1554639339447021,5.7879791259765625,1.2274730205535889,5.856355667114258,1.7448725700378418,2.750844717025757,-0.48410966992378235,1.3650044202804565,-1.0601142644882202,9.094313621520996
640,Sia - Cheap Thrills.mp3,-75.7889175415039,80.52161407470703,-6.130743026733398,19.569900512695312,3.730095863342285,-2.3996078968048096,12.781792640686035,-12.494270324707031,2.0581467151641846,-3.081096649169922,-10.75737190246582,-0.721301257610321,-9.212550163269043,3.4384167194366455,-1.8731226921081543,5.9704179763793945,6.394218444824219,12.527402877807617,4.346249580383301,9.724090576171875
641,Sia - Opportunity (Sia Version).mp3,-135.03231811523438,125.33773040771484,-11.232709884643555,25.37181282043457,1.32456374168396,-3.238485097885132,7.902349472045898,-10.732213973999023,4.513116359710693,-2.525355577468872,-5.908701419830322,-0.6057709455490112,-8.579402923583984,0.11949336528778076,-6.146014213562012,-1.3291466236114502,0.22698146104812622,3.6784050464630127,-2.2640345096588135,5.587756633758545
642,Sia - Snowman.mp3,-100.37325286865234,98.48535919189453,15.950017929077148,27.559608459472656,11.374479293823242,4.1476335525512695,17.104951858520508,-7.870406627655029,6.921464443206787,-0.1335860937833786,-0.5067093372344971,6.601861000061035,-0.4642186760902405,6.299899101257324,1.1913493871688843,-0.03966393321752548,-3.192972421646118,0.3731372654438019,0.6782514452934265,7.18851900100708
643,Sia - The Greatest.mp3,-92.5265121459961,86.2405776977539,5.675838947296143,8.346355438232422,4.242247104644775,4.573214054107666,9.481439590454102,-3.2400853633880615,4.461950778961182,1.8295397758483887,0.35801172256469727,2.175950050354004,-4.882277965545654,5.2529096603393555,-5.482079982757568,3.0274956226348877,0.6084040999412537,3.722543478012085,2.608894109725952,5.455286026000977
644,Sick Individuals - Symphony.mp3,-36.001502990722656,88.97256469726562,2.865112781524658,12.941843032836914,4.29141092300415,0.08250579237937927,-1.6658155918121338,-1.0060399770736694,0.40880000591278076,-0.4943494498729706,0.3241068720817566,2.9839205741882324,1.1143858432769775,6.9548163414001465,-2.3790206909179688,0.5957263112068176,-1.8602294921875,1.4394351243972778,-2.4515230655670166,0.006393753457814455
645,Sickick - Talking to the Moon (Bruno Mars Remix) (1).mp3,-93.31610870361328,67.70696258544922,4.850120544433594,-4.75549840927124,-8.685246467590332,2.520869493484497,-10.370556831359863,5.051794528961182,-6.873500823974609,12.211114883422852,0.0031096269376575947,-0.5045028328895569,-1.3671077489852905,0.29948392510414124,-5.66656494140625,-4.453886032104492,-2.565030574798584,3.6883816719055176,-0.3683183789253235,7.90053129196167
646,Sigala - Lullaby.mp3,-44.34595489501953,86.76695251464844,-4.888308048248291,23.03939437866211,5.041957855224609,2.357560873031616,6.598395347595215,1.8348920345306396,-0.665585994720459,6.0979743003845215,-6.575490951538086,-0.3150830864906311,-7.117750644683838,1.4448423385620117,-2.892627000808716,-0.576401948928833,0.9938346147537231,2.506904125213623,-1.847928762435913,3.1776511669158936
647,"Sigala, Ella Eyre, Meghan Trainor - Just Got Paid ft. French Montana.mp3",-21.493772506713867,65.57433319091797,-9.77739429473877,5.7338972091674805,4.967554092407227,4.111576557159424,-1.3347700834274292,10.486799240112305,-6.167569637298584,3.8864941596984863,-5.223085403442383,4.168583393096924,-5.217129707336426,2.061570644378662,-4.246095180511475,3.15535306930542,-2.224400520324707,2.183992862701416,-1.499596357345581,2.3519668579101562
648,Silentó - Watch Me (Whip-Nae Nae) (Official Music Video) (192  kbps).mp3,-167.542724609375,48.10841369628906,-13.459132194519043,10.050830841064453,-5.003115177154541,-12.620965003967285,-7.854249477386475,-10.313921928405762,-5.754789352416992,2.534701108932495,-4.825550556182861,4.012531757354736,-1.0500270128250122,0.7091295123100281,2.8928062915802,5.296932220458984,-2.9415688514709473,6.951320171356201,0.8149098753929138,2.2080812454223633
649,Sirens (feat. Caroline Polachek).mp3,-64.6036605834961,81.40648651123047,-15.411947250366211,8.044218063354492,-1.659003734588623,5.843522071838379,3.9313032627105713,5.5499653816223145,-3.789118528366089,7.312707424163818,-0.0050850603729486465,10.055068969726562,4.8864006996154785,7.4998908042907715,0.8909534811973572,3.824805498123169,1.4550248384475708,7.416910648345947,1.369787335395813,5.051823616027832
650,Skrillex - Butterflies.mp3,-44.75550842285156,66.78235626220703,5.8026814460754395,13.074004173278809,-2.1002917289733887,2.623664617538452,-0.9746828675270081,-0.8222629427909851,-7.083838939666748,0.6963531970977783,-4.131160736083984,2.257291793823242,-6.6966023445129395,1.0454832315444946,-4.426658630371094,0.9932177662849426,-4.121196746826172,2.7418668270111084,-1.3360211849212646,1.9927709102630615
651,Skrillex - Chicken Soup.mp3,-38.37165451049805,51.80638885498047,-1.2934222221374512,21.144617080688477,6.702022552490234,11.326709747314453,0.29672467708587646,11.033683776855469,1.9616584777832031,4.064560890197754,0.7368053793907166,6.866042137145996,1.7680370807647705,5.174001216888428,2.7435569763183594,7.077235221862793,2.8555750846862793,4.0690226554870605,-1.2801291942596436,4.7041707038879395
652,Skrillex - Kliptown Empyrean myfreemp3.vip .mp3,-91.53800964355469,76.44811248779297,-22.478023529052734,-2.026411533355713,5.703516960144043,17.209959030151367,1.9415563344955444,10.073295593261719,13.993313789367676,6.644735813140869,4.76268196105957,12.176328659057617,5.7311906814575195,5.466442584991455,1.2441433668136597,9.367711067199707,1.99528968334198,8.236418724060059,1.1934068202972412,8.534022331237793
653,Skrillex - Midnight Hour.mp3,-40.743858337402344,75.41665649414062,14.16578483581543,26.001312255859375,9.667623519897461,12.826943397521973,3.1760010719299316,10.346940040588379,0.05494961515069008,7.578375816345215,1.169490933418274,5.278864860534668,0.2881059944629669,2.713838815689087,1.353162407875061,4.405613899230957,-2.699030637741089,1.8388359546661377,-0.7539898753166199,1.1545511484146118
654,Skrillex - Mumbai Power (feat. Beam).mp3,-68.55310821533203,64.70612335205078,0.9273664951324463,6.278565406799316,1.6849899291992188,5.824253559112549,-3.936441421508789,4.523670673370361,-1.3514076471328735,10.71535873413086,7.934356689453125,9.069486618041992,3.565429210662842,2.3809385299682617,-0.94085693359375,2.825040340423584,-1.2896678447723389,1.9673895835876465,-2.540811538696289,3.552755832672119
655,Skrillex - Pretty Bye Bye (feat. NJOMZA).mp3,-89.00028991699219,74.72542572021484,-11.179641723632812,-1.8229037523269653,-7.858413219451904,-5.261312484741211,-10.768738746643066,-4.831630229949951,0.6998252272605896,-3.7670915126800537,-4.798518657684326,-5.337029933929443,-8.621438026428223,-1.2276498079299927,-4.281928062438965,1.181373119354248,1.4504114389419556,4.865366458892822,1.2526865005493164,4.820628643035889
656,Skrillex - Scary Monsters and Nice Sprites my-free-mp3s.com .mp3,0.17719638347625732,70.93077087402344,-21.727399826049805,17.903417587280273,5.661523818969727,16.689420700073242,5.447388648986816,9.226380348205566,0.14711199700832367,0.9178990721702576,-4.055802345275879,-1.7999885082244873,-7.22288703918457,0.16588717699050903,-3.2064590454101562,0.6017179489135742,-2.504176378250122,2.421159267425537,-1.5980721712112427,2.5673227310180664
657,Skrillex - Too Bizarre.mp3,-57.815216064453125,110.68476104736328,-7.022763252258301,22.821767807006836,7.079100131988525,9.046944618225098,9.187243461608887,6.443097114562988,-0.32418370246887207,11.986873626708984,0.2775099277496338,8.274700164794922,-1.790909767150879,3.601606607437134,2.836777687072754,0.7853257060050964,-0.6757717132568359,5.016514301300049,-4.224100112915039,2.241718292236328
658,Skrillex feat. Ellie Goulding - Summit (feat. Ellie Goulding) my-free-mp3s.com .mp3,-49.847496032714844,65.01194763183594,-23.990997314453125,5.9619855880737305,-8.021299362182617,3.671359062194824,-7.067178726196289,-2.5291857719421387,-8.373567581176758,-3.2040624618530273,-7.4253644943237305,-2.525697708129883,-8.498248100280762,-1.7301323413848877,-3.4117367267608643,2.813308000564575,-0.4378623366355896,5.1883392333984375,1.9852410554885864,6.17596960067749
659,Skrillex feat. Sirah - Bangarang (feat. Sirah) my-free-mp3s.com .mp3,-7.647744178771973,45.58894729614258,0.3267514109611511,17.80793571472168,0.5678991675376892,-0.17907734215259552,-1.615319013595581,6.735551357269287,-1.9815115928649902,8.3096342086792,3.13358473777771,4.621584415435791,-0.4675591289997101,2.775907039642334,-0.6937492489814758,4.597492218017578,0.12635697424411774,5.622585773468018,2.637753963470459,3.722778081893921
660,Slow Magic - OPEN.mp3,-65.63446807861328,107.60871887207031,-11.005745887756348,21.720951080322266,-6.503909587860107,12.499375343322754,2.0632357597351074,3.145003080368042,2.139220952987671,2.7929983139038086,-2.310940980911255,-1.0223503112792969,-5.241065979003906,-0.08815217018127441,-2.1297664642333984,4.788276195526123,0.9727140665054321,3.7467217445373535,-3.7821664810180664,3.2941784858703613
661,Slushii - All for You.mp3,-122.94578552246094,66.68264770507812,-7.215644359588623,10.832761764526367,-3.124466896057129,1.6137192249298096,-3.9326186180114746,-0.12276977300643921,-7.318125247955322,-3.2921688556671143,-7.968067646026611,-0.24004007875919342,-1.0316135883331299,-0.21565090119838715,-6.585804462432861,-4.3862481117248535,-4.863936901092529,-2.748542547225952,-3.4388723373413086,1.7213753461837769
662,Slushii - All I Need.mp3,-49.04851150512695,103.50557708740234,8.960427284240723,6.101739883422852,-4.925191879272461,6.283917427062988,-5.579408168792725,5.425670146942139,-5.376809597015381,0.2245062291622162,-3.9122843742370605,-4.593790054321289,-4.3813066482543945,-5.236977577209473,-6.342873573303223,-1.2902568578720093,-0.6397521495819092,1.3484320640563965,-3.8546559810638428,-2.4767353534698486
663,Slushii - Dreaming of You.mp3,-0.6857061982154846,67.92352294921875,-5.950608730316162,16.30105972290039,-8.81993579864502,6.940881729125977,-4.374883651733398,4.859359264373779,2.0197765827178955,6.021356105804443,-0.8565700054168701,0.9778218865394592,-3.027341842651367,-1.1783854961395264,-5.830416202545166,-1.5681341886520386,-1.4817078113555908,3.11185359954834,0.8993144035339355,0.8023020625114441
664,Slushii - Far Away.mp3,-30.03932762145996,96.64100646972656,-3.840710163116455,12.366637229919434,-10.452720642089844,5.000903606414795,1.8968392610549927,7.107672691345215,-4.856917381286621,-0.482948899269104,-3.878767967224121,2.876985549926758,1.7379075288772583,6.6589813232421875,1.4702759981155396,2.1639301776885986,-1.978275179862976,1.4972436428070068,-3.9727587699890137,-1.7846784591674805
665,Slushii - I-'d Do Anything.mp3,-24.203426361083984,89.3559341430664,-2.014686346054077,8.746792793273926,-9.567691802978516,-7.670771598815918,-5.1259541511535645,-2.1049344539642334,0.027056153863668442,2.757711887359619,0.787167489528656,1.7724493741989136,-2.4605555534362793,-1.501572608947754,-9.484847068786621,-0.839745044708252,-7.1013898849487305,-0.2011602520942688,-1.8687564134597778,2.1820433139801025
666,Slushii - Run Up.mp3,9.72353458404541,63.41284942626953,-4.242153167724609,17.535099029541016,-7.934709548950195,15.15100383758545,6.353250026702881,4.827195167541504,0.33912017941474915,2.2978389263153076,4.273301601409912,7.587401390075684,2.3629796504974365,1.979909062385559,1.5611910820007324,11.433731079101562,-2.1031148433685303,2.534090042114258,0.24003516137599945,7.280996322631836
667,Slushii - So Long (feat. Madi).mp3,-89.4639663696289,73.52204895019531,-7.843229293823242,-1.2874497175216675,1.350382924079895,-0.36259403824806213,1.4396272897720337,-0.0158771313726902,-3.3233723640441895,4.0561323165893555,1.6468247175216675,2.7472734451293945,-5.743005275726318,1.7958649396896362,-0.7945449352264404,3.881544828414917,1.6856318712234497,4.253618240356445,0.6437012553215027,4.63012170791626
668,Slushii - Statik Shock.mp3,-10.64866828918457,48.21377944946289,9.0767240524292,19.179386138916016,0.2671518325805664,9.59375,4.906617641448975,9.915063858032227,3.287919282913208,9.277149200439453,2.34250807762146,6.226512908935547,0.6707334518432617,5.5677289962768555,1.7558671236038208,5.577810287475586,-0.4835811257362366,4.098543643951416,0.10543808341026306,3.615619659423828
669,Slushii - Take My Hand.mp3,-87.7079086303711,69.14879608154297,-0.38510116934776306,11.039586067199707,1.857824444770813,6.93427038192749,0.3598023056983948,2.8561723232269287,-0.8972803950309753,2.484159231185913,-2.523116111755371,1.7071592807769775,-2.0677011013031006,2.3941705226898193,-0.4896434545516968,1.4619296789169312,-1.579070806503296,2.9907970428466797,-1.8816287517547607,2.1100289821624756
670,"Slushii, Kaivon - Sober.mp3",-46.499656677246094,79.83902740478516,1.8950190544128418,0.6422449350357056,-1.0121217966079712,-0.5812626481056213,-5.140003204345703,-4.644088268280029,-7.911714553833008,-3.5709376335144043,-4.355475425720215,0.9017741680145264,-6.073489189147949,-2.073585271835327,-4.0062127113342285,-2.2964539527893066,-7.7845306396484375,-1.89592707157135,-4.8001275062561035,-1.6237702369689941
671,Snail-'s House - Hot Milk.mp3,-142.39979553222656,33.198516845703125,-2.21127986907959,20.792829513549805,6.8736348152160645,5.6331353187561035,-1.2481766939163208,9.761292457580566,2.9601168632507324,7.439549446105957,1.6197795867919922,6.989408016204834,2.009133815765381,8.734851837158203,5.073685169219971,8.503847122192383,3.2603652477264404,6.63969087600708,1.7733874320983887,3.7900173664093018
672,Snow Angels.mp3,-181.71969604492188,188.96267700195312,-14.214677810668945,29.800302505493164,3.9243414402008057,6.997689247131348,-5.9840216636657715,-0.7419472336769104,-2.8393394947052,0.3424173593521118,-1.77565336227417,0.9060562252998352,-2.07772159576416,-0.646508514881134,-2.0600671768188477,-0.1707601398229599,-3.5548741817474365,-0.9537908434867859,2.228668451309204,3.1962056159973145
673,so far away (Feat. Suran) (320 kbps).mp3,-17.034257888793945,82.43701171875,-13.094351768493652,17.621427536010742,14.03650951385498,0.4911213219165802,5.393725395202637,2.2363393306732178,0.575441300868988,5.434125900268555,-1.8150806427001953,2.398970365524292,0.2448112666606903,1.3511296510696411,-0.112248495221138,-1.35450279712677,-3.1481611728668213,1.4978498220443726,-3.652761220932007,0.6803085803985596
674,Sofasound - 24 Hours.mp3,-165.86746215820312,125.13648986816406,7.97891902923584,18.11747932434082,4.733649253845215,3.832334280014038,-8.338126182556152,-8.359386444091797,-7.621999263763428,0.6418394446372986,-5.035623073577881,-4.4985504150390625,-0.88430255651474,3.7237796783447266,1.5702639818191528,4.135097503662109,-2.2471072673797607,-3.162982940673828,-4.286992073059082,0.1343444287776947
675,Sofasound - Back to Life.mp3,-239.16514587402344,162.77703857421875,7.0797200202941895,29.602813720703125,7.368050575256348,-7.3107380867004395,0.12942205369472504,-9.591952323913574,-6.946596622467041,-1.1940408945083618,-4.316819667816162,-1.8636800050735474,-2.2170674800872803,-3.226649284362793,-3.342916965484619,-6.172677993774414,-4.716867923736572,2.795323610305786,6.070910930633545,4.296299457550049
676,Sofasound - Dream Lover.mp3,-184.5363006591797,87.30414581298828,33.44596481323242,17.24540901184082,-0.09705948084592819,12.29743480682373,0.1327832192182541,10.050246238708496,-2.942394733428955,1.109018087387085,-5.9125165939331055,-2.730613946914673,-7.765745639801025,-4.669860363006592,-3.8232603073120117,-2.2076492309570312,-3.655527114868164,-2.0003111362457275,-2.0315310955047607,1.7195169925689697
677,Sofasound - I Made It So Far.mp3,-228.73240661621094,124.08308410644531,19.493675231933594,19.604936599731445,9.677845001220703,4.001180171966553,8.544846534729004,6.6814727783203125,-2.055786609649658,7.091912746429443,-2.127380132675171,5.665624141693115,-2.519732713699341,1.2169578075408936,-2.489293098449707,-0.6757270693778992,-1.2503483295440674,-1.0789563655853271,-1.6329410076141357,1.40670645236969
678,Sofasound - You Been On My Mind.mp3,-167.91799926757812,109.87078094482422,16.713266372680664,18.145444869995117,5.274652481079102,5.007774829864502,-2.295088291168213,-3.507535934448242,-6.755523204803467,-0.5754703283309937,-1.1704519987106323,2.089053153991699,-1.140315055847168,3.3195810317993164,0.915682852268219,4.438176155090332,1.9298179149627686,3.7283873558044434,0.2313486486673355,3.0478217601776123
679,Sofie Winterson - Slow.mp3,-134.51205444335938,110.37895965576172,21.47260093688965,9.964227676391602,3.9124739170074463,0.19547277688980103,-3.699772596359253,-2.009814977645874,-16.529376983642578,-3.832014799118042,-4.1533284187316895,-1.6159050464630127,-7.186676979064941,-4.610610485076904,-9.016928672790527,-8.430776596069336,-9.268857955932617,-4.9102463722229,-5.185777187347412,3.2504262924194336
680,Sophia Somajo - Diamond Heart.mp3,-43.29753875732422,86.0790786743164,-2.1068358421325684,9.884122848510742,0.9683135747909546,0.5128675699234009,3.609867811203003,-4.648244380950928,1.5616536140441895,3.4265024662017822,-3.3016250133514404,4.518119812011719,-0.7082768678665161,5.123983860015869,-4.247940540313721,1.0953383445739746,-3.167604923248291,-2.1109578609466553,-1.3000150918960571,6.048511028289795
681,SOPHIE - HARD.mp3,-76.36089324951172,91.52787017822266,0.5170148015022278,10.200373649597168,-0.3985724151134491,10.061031341552734,3.5339713096618652,5.921051025390625,2.393606185913086,3.8849775791168213,2.9263076782226562,5.054754257202148,-2.117569923400879,5.045555591583252,-0.19372183084487915,4.966018199920654,1.5838741064071655,3.6362006664276123,2.547847032546997,4.987163066864014
682,SOPHIE - Immaterial.mp3,-72.83662414550781,83.53299713134766,5.599957466125488,8.568180084228516,5.528868675231934,2.6680123805999756,6.186892986297607,2.7689602375030518,1.6212408542633057,8.495944023132324,0.3347027897834778,7.508040904998779,0.4639768898487091,2.1341452598571777,-1.8075621128082275,2.1852290630340576,-2.3245928287506104,2.702399969100952,2.053940773010254,5.306487083435059
683,Sparkle - Radwimps (English Version).mp3,-168.6354217529297,110.56204223632812,-4.6459269523620605,13.749604225158691,-2.575225353240967,-5.3953094482421875,-7.157864093780518,-1.9307568073272705,-5.722832679748535,4.741292953491211,-5.625948905944824,1.5485153198242188,-4.583882808685303,-0.8825123310089111,1.839097261428833,-1.9378126859664917,-8.541790008544922,1.9522875547409058,-9.40070915222168,1.273045301437378
684,Stadiumx - Getting Late .mp3,-0.0424547977745533,59.365570068359375,1.6982886791229248,17.884437561035156,0.3782537877559662,5.996807098388672,-1.9428904056549072,5.926497936248779,0.011560257524251938,1.4093208312988281,-0.6740981936454773,0.5226829648017883,-5.567131042480469,-1.3132588863372803,-0.9256364703178406,0.0954292044043541,1.9532606601715088,4.469973564147949,-1.1390175819396973,1.4472993612289429
685,Stadiumx - Time Is On Your Side (Original Mix).mp3,-3.3927910327911377,63.76715087890625,-1.338399052619934,21.736440658569336,11.200596809387207,10.458717346191406,6.679298400878906,6.095136642456055,1.5000537633895874,6.351006984710693,-0.7835033535957336,5.85072660446167,3.2480387687683105,9.868846893310547,3.745290756225586,5.605553150177002,-2.834137439727783,-1.3305659294128418,-5.421793460845947,2.786780595779419
686,Starley - Call on Me (Ryan Riback Extended Remix).mp3,-26.8774471282959,61.514991760253906,10.288297653198242,16.94662857055664,8.710944175720215,-1.9084898233413696,-2.899078130722046,-6.094306468963623,-4.718891620635986,0.5227766633033752,-3.788767099380493,2.287116289138794,-3.7472147941589355,1.0322288274765015,-10.86841106414795,-7.633340358734131,-9.699806213378906,-6.446507453918457,-7.803823471069336,-2.523479461669922
687,"Steff da Campo, Dave Crusher - Why Boy my-free-mp3s.com .mp3",-9.741767883300781,80.09388732910156,-13.024701118469238,18.506406784057617,0.9045148491859436,3.534929037094116,-11.240297317504883,-5.585884094238281,-7.771169185638428,-5.884667873382568,-4.095340728759766,4.938811302185059,0.9238995909690857,7.5686140060424805,-1.4079325199127197,-0.9218340516090393,-4.450023174285889,0.33705902099609375,-3.614192247390747,-0.4960404634475708
688,Stephen - Play Me Like a Violin.mp3,-74.42265319824219,88.27570343017578,4.62534236907959,13.54269027709961,6.38981294631958,5.155717372894287,-2.013399124145508,1.2833302021026611,-6.060518264770508,1.2958306074142456,-3.6141085624694824,-2.6840598583221436,-4.164234638214111,-1.6475573778152466,-2.394695997238159,-1.5315256118774414,-8.282393455505371,-1.646807074546814,-5.305718898773193,-6.120129108428955
689,Stereo Love (Original Mix).mp3,-68.97943115234375,81.1863021850586,17.850624084472656,26.422182083129883,12.204882621765137,13.2570219039917,5.460094451904297,-0.17051847279071808,2.5100820064544678,7.822751045227051,-9.212909698486328,2.900425434112549,-5.572983264923096,2.1764771938323975,-4.477701663970947,1.164405345916748,2.503230094909668,4.7430195808410645,-2.199157476425171,1.6211235523223877
690,Steve Aoki _u0026 Alan Walker - Are You Lonely (feat. ISÁK).mp3,-65.2222671508789,85.11234283447266,3.9148223400115967,17.673221588134766,9.198266983032227,3.2886219024658203,5.15700626373291,4.272502422332764,-1.946700096130371,10.015814781188965,-3.915292501449585,6.031595230102539,-0.8169664740562439,4.413265705108643,3.202638864517212,4.201970100402832,2.7016663551330566,6.153960704803467,-0.38420790433883667,2.5614962577819824
691,"Steve Aoki, Backstreet Boys - Let It Be Me .mp3",-49.863094329833984,86.24085998535156,5.6932172775268555,22.424728393554688,11.10431957244873,7.678558826446533,-1.2271583080291748,5.9828667640686035,-1.2333682775497437,1.0939674377441406,-3.7819228172302246,2.8942794799804688,-5.128317832946777,1.7027537822723389,-0.45821669697761536,0.38450130820274353,-0.49039772152900696,2.333231210708618,-3.977843999862671,1.7320122718811035
692,"Steve Aoki, Showtek, MAKJ feat. Kris Kiss - Rave my-free-mp3s.com .mp3",21.689847946166992,68.58539581298828,-19.197542190551758,5.294066429138184,2.09226655960083,11.074435234069824,2.990662097930908,8.059739112854004,-2.3782958984375,4.07268762588501,-1.5957573652267456,1.6551196575164795,-0.8698965907096863,2.6776700019836426,-2.075814962387085,1.3504847288131714,-2.7442257404327393,-0.26088201999664307,-4.062590599060059,0.04163789004087448
693,"Steven Universe - We Are The Crystal Gems (feat. Zach Callison, Estelle, Deedee Magno Hall, Michaela Dietz & Tom Scharpling) (Full Theme Song).mp3",-157.61997985839844,92.08585357666016,5.822051525115967,23.032285690307617,4.750093936920166,3.8037195205688477,2.5643465518951416,-0.9784051179885864,-4.030206680297852,-1.5269782543182373,-9.154474258422852,-4.526581764221191,-6.202188491821289,-3.630880355834961,-6.445720195770264,0.3508130609989166,-3.5671019554138184,1.6886682510375977,-0.3368331789970398,4.131054401397705
694,Still Parade - Actors.mp3,-171.078857421875,131.20062255859375,2.5457613468170166,17.137760162353516,-0.005149539560079575,2.2731406688690186,-7.9471869468688965,-6.497330188751221,-13.069581031799316,-8.002805709838867,-11.3486328125,-6.5841522216796875,-5.109005451202393,-0.11745722591876984,-2.976508378982544,-2.9568729400634766,-5.787571430206299,-0.4423336088657379,-3.787792444229126,-2.414093494415283
695,Stray Kids - MIROH (Color Coded Lyrics EngRomHan가사).mp3,34.77494430541992,67.10710144042969,1.7276716232299805,17.323135375976562,4.499611854553223,9.056076049804688,1.5097941160202026,3.923358201980591,-4.321134567260742,8.648770332336426,2.551821708679199,3.075050115585327,2.048633337020874,2.9676833152770996,-0.1855320930480957,1.187833547592163,-4.210341930389404,4.042641639709473,-2.0514230728149414,2.9964113235473633
696,STUTS - One.mp3,-42.86491012573242,93.00443267822266,3.4114861488342285,34.297061920166016,7.4302873611450195,7.262158393859863,-4.609457492828369,5.421125888824463,-4.1347270011901855,6.687459945678711,-0.827006459236145,0.8092361092567444,-2.3511691093444824,2.9040122032165527,-0.9533881545066833,4.553334712982178,-4.007408142089844,1.2835073471069336,-2.2842538356781006,-2.0459489822387695
697,Sub Urban - Cirque.mp3,-170.2747344970703,69.925537109375,-32.814823150634766,4.487199306488037,-8.08637523651123,-9.860435485839844,-10.207086563110352,-3.9677228927612305,-8.841428756713867,-3.113565444946289,-5.443521499633789,-3.098112106323242,-4.8177056312561035,-0.816313624382019,-2.6103267669677734,0.1441875845193863,-1.6773167848587036,0.41294220089912415,-1.1875660419464111,1.2655328512191772
698,Sub Urban - Cradles my-free-mp3s.com .mp3,-72.83561706542969,69.28489685058594,-22.721736907958984,7.62541389465332,-4.591860771179199,-6.693382263183594,-11.078268051147461,-8.135481834411621,-12.93287467956543,-4.013900279998779,-7.681621551513672,-3.778712749481201,-7.834428310394287,-3.217475652694702,-2.7264559268951416,-1.6611970663070679,-3.3177003860473633,-1.3038170337677002,-2.3234033584594727,2.598252296447754
699,Sub Urban - Freak (feat. REI AMI).mp3,-160.93031311035156,57.45501708984375,-14.193453788757324,15.543442726135254,-4.921500205993652,-2.741847276687622,-8.520402908325195,-8.188035011291504,-2.976658344268799,-4.621957778930664,-10.318290710449219,-2.0649168491363525,-7.870405673980713,-1.7043297290802002,-5.267051696777344,-2.6192169189453125,-3.0458929538726807,1.4062308073043823,-1.819982647895813,-3.290660858154297
700,Sub Urban - Isolate.mp3,-62.61310577392578,61.44337463378906,-13.653383255004883,19.020427703857422,-3.614772319793701,6.421372413635254,-3.9810752868652344,-1.9104794263839722,-3.2645957469940186,1.917601466178894,-4.377467632293701,2.017974853515625,-5.057806015014648,0.7648996114730835,-0.1351512372493744,-0.2144230157136917,-1.244482159614563,0.1961105465888977,-2.6561684608459473,0.9007765650749207
701,Sub Urban - PATCHWERK (with Two Feet).mp3,-94.24698638916016,77.99609375,-25.84039306640625,1.8065584897994995,-3.9839138984680176,-5.0406904220581055,-5.238507270812988,-2.2318501472473145,-4.725151538848877,0.9952414035797119,-4.066654682159424,4.179924011230469,-6.8855366706848145,1.5943068265914917,-2.4335808753967285,1.9071727991104126,-4.6889190673828125,1.6008267402648926,-2.7871596813201904,1.832190752029419
702,SubLab - Rising from the Ashes.mp3,-117.60983276367188,116.58006286621094,-7.227924823760986,5.514769077301025,-6.163156509399414,1.3552032709121704,-4.479459762573242,1.3953689336776733,-1.34575355052948,4.406341075897217,-1.182447910308838,-0.08933617174625397,-4.95239782333374,1.5040019750595093,0.9737673401832581,6.733717918395996,4.4383673667907715,7.695197105407715,0.7344712615013123,-1.3866764307022095
703,"SUNAMI - Я влюбился в неё, мама.mp3",-146.47755432128906,107.42961120605469,25.304040908813477,8.417892456054688,7.311681270599365,2.3233656883239746,2.943286418914795,4.046164512634277,-14.087180137634277,5.0107903480529785,-3.6072793006896973,-6.2700419425964355,-4.141974925994873,-1.750173807144165,0.21171434223651886,0.9410218596458435,-8.633523941040039,-0.49591463804244995,-0.9017928242683411,-4.617681980133057
704,Supermassive - Out Loud.mp3,-86.0491943359375,98.02332305908203,1.912245273590088,18.927776336669922,8.5952730178833,4.684278964996338,0.7957667112350464,2.9425954818725586,-0.3100709617137909,-2.574488401412964,-5.086087226867676,-0.45322492718696594,-6.226849555969238,3.3827483654022217,-0.27080392837524414,1.6000887155532837,-2.4300012588500977,-0.5165641903877258,-2.988126754760742,1.6823663711547852
705,Surf Curse - Freaks.mp3,-85.41719055175781,74.06498718261719,-25.092777252197266,40.72190856933594,15.90646743774414,3.1620607376098633,-1.7003850936889648,15.6065673828125,0.931836724281311,-2.6504411697387695,-0.43239811062812805,3.065673828125,-9.257858276367188,-0.17738163471221924,-4.426493167877197,-0.19908203184604645,-6.389376640319824,-2.6952149868011475,-4.109075546264648,-6.570263385772705
706,Surf Mesa - ily (i love you baby).mp3,-109.17172241210938,93.58592224121094,7.363035678863525,30.795806884765625,-9.054159164428711,3.7206790447235107,-0.7983832955360413,-0.6996389627456665,-2.8159847259521484,-1.0536916255950928,-10.142879486083984,0.349599152803421,-7.174641132354736,2.6333770751953125,-10.768564224243164,4.347584247589111,-4.571860313415527,-0.30270734429359436,2.601935863494873,1.6895503997802734
707,SWACQ - No Strings Attached.mp3,-30.173358917236328,102.26260375976562,-11.614480018615723,22.255924224853516,-1.912977695465088,8.64226245880127,0.9120080471038818,6.571376323699951,1.320776104927063,5.438900470733643,0.3132193684577942,6.410054683685303,3.701451063156128,5.060939788818359,1.1415438652038574,2.6389846801757812,0.49205419421195984,3.5293922424316406,0.5156074166297913,4.997788429260254
708,Swanky Tunes - One Million Dollars.mp3,-45.91036605834961,59.99140167236328,-6.480654716491699,11.086576461791992,-2.3143398761749268,10.277756690979004,0.8244013786315918,7.0756049156188965,3.2795252799987793,10.981348991394043,5.743280410766602,9.621909141540527,2.293015956878662,4.045872688293457,0.26398414373397827,4.141783237457275,0.2327926605939865,2.8918867111206055,-1.3696609735488892,3.8353583812713623
709,Swedish House Mafia - Save The World.mp3,-37.87959671020508,72.62438201904297,-8.990647315979004,8.685243606567383,5.847685813903809,7.180688381195068,-1.3889182806015015,6.535248756408691,-2.3670475482940674,5.609931945800781,0.25175654888153076,5.23585844039917,1.5430396795272827,4.791219234466553,0.02981310524046421,2.055272340774536,-5.130982875823975,0.33871322870254517,-4.992839336395264,-0.28070154786109924
710,SwuM - Lost in Flight.mp3,-214.19110107421875,154.28871154785156,30.455636978149414,29.266809463500977,6.381500720977783,-2.6219608783721924,-5.279393672943115,-5.505863666534424,-11.732595443725586,-4.272421360015869,-7.881513595581055,-4.303485870361328,-2.8573708534240723,0.238650381565094,4.096624374389648,5.690980434417725,-0.09102675318717957,-4.458902359008789,-5.994449615478516,-2.347694158554077
711,Syko - BrooklynBloodPop!.mp3,-29.904348373413086,57.00318908691406,-2.3031091690063477,3.3056206703186035,2.5536649227142334,6.459023952484131,-1.2346878051757812,6.7096076011657715,6.070314407348633,9.172837257385254,-3.1369779109954834,-1.3198020458221436,0.41667506098747253,7.060718536376953,-0.40113794803619385,6.633286952972412,1.8056172132492065,6.8723673820495605,0.9360813498497009,6.36661958694458
712,T-Pistonz + KMC - Shoshin o Keep On! _ 初心をKEEP ON！ my-free-mp3s.com .mp3,6.310631275177002,74.28350067138672,2.2324395179748535,26.509050369262695,10.648137092590332,8.497244834899902,-0.6493709087371826,9.587629318237305,-0.9233723878860474,5.791637420654297,-0.19941791892051697,1.6462734937667847,0.7778220772743225,3.5300917625427246,-6.018717288970947,1.4926060438156128,-4.457608699798584,2.5087127685546875,-4.789361476898193,-3.5551366806030273
713,T-Pistonz+KMC - スパノバ! my-free-mp3s.com .mp3,16.164655685424805,76.88935852050781,2.009831428527832,20.485851287841797,6.621728897094727,2.9982733726501465,7.555614948272705,6.134817600250244,3.241466999053955,9.479561805725098,0.1283034384250641,2.4490392208099365,0.499467134475708,1.7492681741714478,-3.523604393005371,0.19648055732250214,-3.8675460815429688,-0.19851632416248322,-2.7265944480895996,0.02020321600139141
714,Tails - Apartment (Bump).mp3,-205.47030639648438,96.47245788574219,23.0336856842041,34.01225280761719,0.6873396039009094,11.404754638671875,-2.242339849472046,0.5114781856536865,-3.632220983505249,-1.7136427164077759,-8.188185691833496,-4.662577152252197,-6.303328037261963,-1.6379109621047974,-4.935041427612305,-2.505138635635376,-3.3505258560180664,-1.2973110675811768,-4.855550289154053,-4.051652908325195
715,Tails - golden youth.mp3,-77.18270874023438,96.42291259765625,-17.21487808227539,5.896404266357422,-7.34024715423584,1.1421040296554565,-7.169270038604736,-1.0117181539535522,-9.144512176513672,-2.648468494415283,-4.69040060043335,-1.8097398281097412,-6.193551540374756,-2.4390010833740234,-5.632834434509277,-2.4578866958618164,-5.040856838226318,0.021148517727851868,-4.050205230712891,-1.2561589479446411
716,Tails - Skeleton (feat. Nevve).mp3,-53.266719818115234,79.10391998291016,9.811427116394043,8.860928535461426,1.8603627681732178,4.659088611602783,2.968581199645996,0.6681991815567017,1.0068713426589966,1.8348276615142822,-3.525402307510376,-1.0137794017791748,-2.187950372695923,2.935969591140747,-3.3714282512664795,3.9796979427337646,0.42615559697151184,2.7197182178497314,-0.9634007811546326,2.8287060260772705
717,Take Initiative.mp3,-303.0805969238281,110.64653015136719,43.43836212158203,20.512447357177734,5.969389915466309,8.034895896911621,2.557108163833618,-1.8579636812210083,-5.512770175933838,-2.707970380783081,0.18667148053646088,1.511586308479309,-1.6164666414260864,-0.8287469744682312,-2.83831524848938,-2.6054375171661377,-1.767182469367981,-1.3143848180770874,-0.1058344617486,1.6810789108276367
719,Taska Black - Dreaming.mp3,-62.73150634765625,75.01813507080078,-8.980684280395508,15.510141372680664,-2.5183441638946533,4.962105751037598,-1.851729154586792,1.6887521743774414,3.8918380737304688,0.9553967714309692,-3.2463839054107666,-0.24713346362113953,-1.4315118789672852,2.3210256099700928,-2.892240047454834,-0.5283912420272827,-4.285159587860107,0.24066926538944244,-2.531337022781372,1.820080280303955
720,Taska Black - Forever.mp3,-79.38365936279297,84.50328826904297,-17.604698181152344,7.309220790863037,3.5603272914886475,4.086452960968018,-10.647788047790527,3.6447789669036865,2.753298282623291,5.448196887969971,5.17156457901001,-2.341637134552002,-11.75594711303711,-3.729950428009033,-7.919894695281982,-2.413299322128296,-3.974825143814087,2.4815587997436523,0.4496302306652069,2.626793384552002
721,Taska Black - Losing Our Minds.mp3,-46.72076416015625,107.24662017822266,3.921912908554077,21.427221298217773,6.16934061050415,12.574796676635742,1.7873884439468384,0.5451643466949463,4.2453484535217285,-1.7289035320281982,-5.400169849395752,-0.2853056788444519,-3.204087495803833,-1.1033645868301392,-6.741592884063721,2.0357272624969482,-6.185940742492676,1.3053359985351562,0.658684253692627,1.085706353187561
722,Taska Black - No Paradise.mp3,-71.75902557373047,100.16920471191406,2.047201156616211,16.6596736907959,4.186424732208252,12.15141773223877,-1.6577613353729248,4.285114765167236,-1.792251706123352,2.4885122776031494,-3.568655252456665,0.9028457999229431,-3.173415422439575,2.1746203899383545,-0.04771650582551956,1.735143780708313,-0.8713961243629456,0.5302340984344482,-1.5034565925598145,4.0932936668396
723,Taska Black - Running Away.mp3,-72.96121978759766,96.16484069824219,-8.214935302734375,18.0538387298584,-0.6969547271728516,6.2885332107543945,-2.5489134788513184,3.097090244293213,1.8441680669784546,4.394794464111328,0.3673269748687744,5.741935729980469,1.3404802083969116,2.049527645111084,-3.195378303527832,-0.8065181374549866,-1.0548064708709717,1.9097404479980469,-0.8018739819526672,2.9671714305877686
724,Taylor Swift - august.mp3,-104.10598754882812,117.1380615234375,10.374485969543457,17.956361770629883,9.580123901367188,3.663076639175415,7.480935573577881,3.590693473815918,4.404380798339844,2.63785982131958,-6.125982761383057,-0.45714330673217773,-5.147141456604004,1.8474477529525757,-2.3982346057891846,1.3141616582870483,0.19576874375343323,0.5267193913459778,-3.225391387939453,2.3809759616851807
725,Taylor Swift - cardigan.mp3,-94.05801391601562,128.89767456054688,8.18309211730957,14.50059700012207,5.339178562164307,-4.1504621505737305,6.4442524909973145,-3.3897323608398438,6.756353378295898,1.8434447050094604,-2.720503330230713,3.0338845252990723,-6.011672496795654,-0.44404101371765137,-5.052103042602539,-1.2816115617752075,-2.707838535308838,-0.7433414459228516,-2.5579376220703125,1.142404317855835
726,Taylor Swift - Delicate.mp3,-137.87265014648438,90.51324462890625,17.332181930541992,27.05970001220703,10.062551498413086,1.9815243482589722,5.144357681274414,-3.55108904838562,-0.7078725695610046,-1.6560990810394287,-5.8055033683776855,1.3989657163619995,-4.62303352355957,4.201043128967285,-6.3658246994018555,-0.660362184047699,-2.5221917629241943,-2.9128782749176025,-3.3397140502929688,3.0511393547058105
727,"Taylor Swift - End Game ft. Ed Sheeran, Future.mp3",-140.18165588378906,77.03573608398438,8.67242431640625,30.24021339416504,6.581084728240967,12.332232475280762,2.9548676013946533,6.1350178718566895,1.9674803018569946,5.446599960327148,-0.5052875876426697,7.676526069641113,-0.19025367498397827,6.71972131729126,1.898887038230896,1.880336046218872,-1.089415431022644,1.8546727895736694,-0.7754719853401184,5.621444225311279
728,Taylor Swift - I Bet You Think About Me (Taylor-'s Version) (From The Vault).mp3,-37.589420318603516,77.61432647705078,0.4630334675312042,17.55009651184082,6.8988118171691895,1.9635382890701294,2.8176863193511963,-1.25946044921875,-2.078707695007324,0.6892547011375427,-7.63590145111084,1.5767475366592407,-6.29283332824707,0.8734760880470276,-4.5861711502075195,-1.8796528577804565,-4.7371978759765625,-3.2089574337005615,-7.592545032501221,0.24833619594573975
729,Taylor Swift - Lover.mp3,-102.6991958618164,105.42707824707031,3.1537463665008545,23.12911033630371,5.819028377532959,9.788644790649414,9.54220199584961,3.2284231185913086,4.852786064147949,4.4271721839904785,-2.949866771697998,-3.731379270553589,-4.269546031951904,1.3321926593780518,-2.2746901512145996,3.831156015396118,-2.6343729496002197,0.5056055188179016,-1.4602724313735962,-1.1175320148468018
730,Taylor Swift - willow.mp3,-101.6025390625,124.57366943359375,25.836345672607422,13.084378242492676,12.552425384521484,-2.5251474380493164,6.310580253601074,-0.8555833101272583,3.2001049518585205,-0.28006961941719055,-8.004327774047852,-1.5836920738220215,-6.751127243041992,2.5497467517852783,-4.521657466888428,-0.4861973822116852,-0.9378263354301453,-1.5109837055206299,-1.7711784839630127,-1.91594660282135
731,Taylor_Swift_ft._Kendrick_Lamar_-_Bad_Blood_[mp3clan.com].mp3,-67.8976058959961,69.44807434082031,25.407358169555664,3.589559316635132,22.378175735473633,8.013319969177246,2.6846134662628174,18.962209701538086,-1.5815211534500122,6.072065353393555,1.2422435283660889,1.5554141998291016,1.4034913778305054,10.123967170715332,-1.5724002122879028,6.947918891906738,3.2809531688690186,1.2193289995193481,2.1568667888641357,3.3216254711151123
732,Tchami - Untrue.mp3,-63.311126708984375,80.25167846679688,-3.993878126144409,9.242630958557129,7.588344573974609,20.815792083740234,1.9441109895706177,7.108182907104492,-0.09085611999034882,5.307053089141846,0.5929940938949585,6.72327184677124,0.18693484365940094,1.0295735597610474,0.7482320070266724,5.4998979568481445,-0.7767282724380493,-0.4362391531467438,-4.294886589050293,4.796626091003418
733,Tek Genesis - Petrichor.mp3,-68.8690185546875,70.3755874633789,-1.3046271800994873,14.292045593261719,-1.4486589431762695,8.792499542236328,-4.955377101898193,10.739294052124023,2.4966468811035156,8.325580596923828,2.100162982940674,-1.8675029277801514,-3.008179187774658,3.516101598739624,2.0838100910186768,8.21924114227295,-0.0492638535797596,5.4456000328063965,-1.2817356586456299,1.983182430267334
734,Terekke - unother.mp3,-378.7481994628906,192.32257080078125,79.93158721923828,11.785945892333984,-3.3066933155059814,-7.312466621398926,-14.375877380371094,-17.444623947143555,-17.55577278137207,-18.685468673706055,-19.440673828125,-17.97757339477539,-15.341203689575195,-13.146280288696289,-11.485536575317383,-10.013490676879883,-8.983556747436523,-7.91554069519043,-6.043201446533203,-4.643709182739258
735,The Chainsmokers & Daya - Dont Let Me Down my-free-mp3s.com .mp3,-69.10857391357422,101.81157684326172,-10.844270706176758,25.542522430419922,3.8714182376861572,0.04243798926472664,7.745935916900635,1.0679965019226074,0.9313834309577942,0.4899976849555969,-5.06443977355957,3.673046588897705,-8.036896705627441,7.621375560760498,0.6232338547706604,3.6120378971099854,1.6743954420089722,1.4190127849578857,-5.178563594818115,-0.02175336703658104
736,The Chainsmokers - Push My Luck.mp3,-60.059532165527344,82.26422119140625,11.1298828125,21.985214233398438,6.632730007171631,-1.5341449975967407,-4.4161057472229,2.8360860347747803,-6.927293300628662,-0.1147165447473526,-6.792036056518555,-2.240098476409912,-5.273735046386719,-5.676978588104248,-12.90985107421875,-4.447799205780029,-8.258464813232422,0.7671756148338318,-2.3693346977233887,-2.778489828109741
737,The Chainsmokers - Sick Boy.mp3,-124.69837188720703,80.997802734375,6.775620460510254,14.855875968933105,5.768359661102295,2.939481258392334,-4.251704216003418,0.7940490245819092,-5.676952838897705,0.7021955847740173,-5.987666130065918,-1.4572051763534546,-1.4206398725509644,-1.043900966644287,-2.727783441543579,-1.8967703580856323,-6.63343620300293,0.6599181890487671,-3.417703151702881,0.27077722549438477
738,The Chainsmokers - Who Do You Love (feat. 5 Seconds Of Summer).mp3,-24.562925338745117,89.432373046875,-9.368513107299805,18.417200088500977,3.334900140762329,10.026290893554688,0.612206220626831,7.420842170715332,0.6389380097389221,2.8346424102783203,2.1143503189086914,4.9974164962768555,2.022411584854126,3.03407883644104,-0.8150638341903687,-0.17840568721294403,-6.172143936157227,3.0717687606811523,-4.159704685211182,0.2730386257171631
739,The Chainsmokers - Young my-free-mp3s.com .mp3,-61.859737396240234,78.7358627319336,15.284247398376465,29.583404541015625,7.696413040161133,8.173786163330078,-1.0326992273330688,5.382241249084473,-5.8919806480407715,6.660789966583252,1.9331717491149902,6.442534923553467,2.610882520675659,3.434027910232544,0.6599593162536621,3.334801197052002,-0.9113875031471252,1.8111999034881592,-1.68794846534729,-2.1886396408081055
740,The Chainsmokers Ft Daya - Dont Let Me Down (Mp3FB.com) (2).mp3,-63.560970306396484,98.40186309814453,-7.891697883605957,23.68946647644043,4.96971321105957,-0.3156467378139496,7.733020305633545,1.3199713230133057,0.804966151714325,0.45712751150131226,-4.75625467300415,3.21386456489563,-7.514615058898926,7.175907611846924,0.9834443926811218,3.476928234100342,1.687135934829712,1.5367262363433838,-5.294055938720703,0.05610640347003937
741,"The Chainsmokers, Coldplay - Something Just Like This my-free-mp3s.com .mp3",-69.52162170410156,90.09805297851562,12.077104568481445,20.729455947875977,1.2409213781356812,10.936298370361328,-5.120280742645264,5.280219078063965,-0.46872302889823914,-0.25003349781036377,3.759761095046997,3.799539804458618,2.688619613647461,3.963404893875122,0.9699881076812744,4.4293036460876465,-1.9009793996810913,5.434716701507568,-0.6136325001716614,-1.5457288026809692
742,"The Chainsmokers, Illenium feat. Lennon Stella - Takeaway my-free-mp3s.com .mp3",-62.044246673583984,65.71685791015625,9.81148910522461,8.50674057006836,11.308761596679688,-7.65362548828125,2.468456506729126,-2.9885051250457764,-4.377738952636719,1.235929012298584,-3.1555564403533936,0.1671711951494217,-4.091702938079834,0.17606790363788605,-6.644313335418701,-0.3975659906864166,-7.8169474601745605,-2.8442366123199463,-2.9760353565216064,-2.3267972469329834
743,The Chords - Sh-Boom.mp3,-96.19937896728516,101.28428649902344,3.711029291152954,46.4216423034668,-1.721634864807129,18.03174591064453,-17.07209014892578,13.74329948425293,-18.024940490722656,-1.057579517364502,-6.361118793487549,-1.0871576070785522,-8.653946876525879,-3.581073045730591,-5.893091678619385,-3.114112377166748,-5.658115386962891,-3.2605040073394775,-6.508937835693359,-0.9265733957290649
744,The Code - Electronica myfreemp3.vip .mp3,-167.68675231933594,122.6916732788086,9.257599830627441,28.904457092285156,7.660270690917969,8.991943359375,0.3648533523082733,4.856563568115234,0.1414407193660736,4.588841915130615,-0.4164360761642456,1.641311526298523,-1.9952528476715088,0.942367672920227,0.05268120765686035,1.1837393045425415,2.381772994995117,2.587229013442993,-1.3389270305633545,1.7221593856811523
745,The Crystal Method - Smile.mp3,-70.42362213134766,87.9813461303711,13.22246265411377,13.856619834899902,-8.227694511413574,4.550121307373047,-8.464035034179688,-1.962465524673462,-6.419192314147949,-1.5104331970214844,-5.748585224151611,-1.8218942880630493,-5.013182640075684,2.340921640396118,-1.8285526037216187,2.082778215408325,-1.9101967811584473,4.032290458679199,0.46557506918907166,2.863917589187622
746,The Fray - How to Save a Life.mp3,-50.674835205078125,110.64883422851562,-1.6162075996398926,26.254772186279297,7.55523681640625,4.920123100280762,-7.334179878234863,1.166856050491333,-5.044402599334717,2.71610426902771,-3.318779230117798,1.6202630996704102,-3.0318799018859863,2.864393949508667,-1.431015133857727,0.9310391545295715,-5.608749866485596,0.8715621829032898,-0.9296242594718933,-0.9537264704704285
747,The Goo Goo Dolls - Iris.mp3,-96.30686950683594,82.6015853881836,10.280171394348145,20.281984329223633,14.212361335754395,9.687652587890625,4.29294490814209,7.67997932434082,1.6371710300445557,6.920897483825684,-1.0415352582931519,7.626716613769531,-0.6915390491485596,2.718303918838501,-0.23836061358451843,1.5224782228469849,-2.085719108581543,2.410207986831665,-2.162015438079834,2.6160683631896973
748,The Him - In My Arms (feat. Norma Jean Martine).mp3,-7.203860282897949,69.07344818115234,3.8279056549072266,8.532011985778809,5.951711177825928,9.618446350097656,2.3803634643554688,0.9469007253646851,-5.223472595214844,6.215816974639893,-5.52379035949707,3.6935875415802,-3.275310754776001,1.3210961818695068,-4.049142837524414,1.268268346786499,1.2991365194320679,3.025675058364868,0.9024385809898376,5.3365349769592285
749,The Irrepressibles - In This Shirt.mp3,-166.19778442382812,115.9899673461914,-13.245232582092285,6.602450370788574,-1.2822730541229248,-4.031707763671875,-4.353076934814453,-1.5317468643188477,-7.969954490661621,-1.9427565336227417,-9.653424263000488,-5.128584384918213,-9.885988235473633,-11.074934005737305,-11.529747009277344,-4.404776573181152,-10.616613388061523,-4.62539005279541,-2.2347779273986816,-4.035018444061279
750,The Kid Laroi - Stay.mp3,-68.73248291015625,83.5884780883789,5.299792766571045,8.364603996276855,4.3636322021484375,2.523658037185669,-1.6711657047271729,2.391981601715088,-6.719597816467285,5.023085117340088,-1.452549934387207,-1.5376759767532349,-2.723578453063965,1.5015708208084106,-0.6093989014625549,-0.24704748392105103,-0.5840135812759399,4.511999607086182,-6.19341516494751,0.6789875626564026
751,The La-'s - There She Goes (1).mp3,-56.90692901611328,99.52149963378906,-35.98382568359375,44.27604675292969,5.632908344268799,3.307662010192871,0.07693849503993988,6.8477373123168945,-1.3082540035247803,2.6192243099212646,1.6953998804092407,4.434625148773193,-4.703400135040283,-0.8493185639381409,-5.999500274658203,-1.5636554956436157,-3.920030117034912,1.0885869264602661,-0.5172114968299866,-1.5522620677947998
752,The Lathums - Fight On.mp3,-28.919038772583008,105.10344696044922,8.530484199523926,26.2954158782959,7.951370716094971,11.785211563110352,1.1245510578155518,10.045353889465332,3.111356735229492,9.342973709106445,0.0036063971929252148,6.326282024383545,0.13740399479866028,2.465945243835449,-1.0273336172103882,5.37244987487793,-4.377529144287109,3.616189956665039,-0.13774971663951874,-0.6372793316841125
753,The Living Tombstone - It-'s Been So Long.mp3,-67.77236938476562,102.31139373779297,-10.950448989868164,11.089254379272461,2.0987672805786133,-3.2799534797668457,-0.8831183910369873,2.7421255111694336,-4.575084686279297,-0.33685725927352905,-1.9729434251785278,3.784895658493042,-1.3686275482177734,3.7300214767456055,-0.452437162399292,1.4932959079742432,-1.2518987655639648,0.061085715889930725,-0.6290519833564758,3.7903964519500732
754,The Neighbourhood - Softcore_084343.mp3,-40.3430061340332,113.85425567626953,-0.5255502462387085,15.14167308807373,6.348381519317627,14.383861541748047,0.15268313884735107,5.839662551879883,0.23243990540504456,7.261954307556152,0.8554397821426392,6.957293510437012,6.248425006866455,3.590789318084717,2.2149648666381836,3.8691279888153076,-0.4909483790397644,5.343513488769531,-0.6716040372848511,5.172782897949219
755,The Nicholas - Blink.mp3,-164.3398895263672,115.3766860961914,-15.152264595031738,14.367502212524414,-0.4081017076969147,-10.306103706359863,-9.985940933227539,-5.193647861480713,-18.089263916015625,1.8134691715240479,-12.87230110168457,-6.710058212280273,-14.024666786193848,-9.71728801727295,-10.229419708251953,-4.62034273147583,-6.87150239944458,1.4295744895935059,-5.047966480255127,-3.414438486099243
756,The Nicholas - Cardboard Box.mp3,-131.0827178955078,118.778564453125,-10.277092933654785,4.666575908660889,3.5622289180755615,-3.8606181144714355,-9.592609405517578,-2.2334041595458984,-9.911837577819824,-3.1539502143859863,-0.3769775629043579,-4.141864776611328,-7.987854957580566,-1.1831167936325073,-6.939697265625,-5.095893859863281,-6.214317798614502,-7.222160816192627,-5.30069637298584,0.7004799842834473
757,The Nicholas - Casi.mp3,-226.18487548828125,131.0829315185547,-12.126530647277832,-7.177194595336914,-11.07470417022705,-10.918187141418457,-7.363379955291748,-4.828239917755127,-8.169357299804688,-6.367178440093994,0.42684486508369446,7.6990532875061035,6.913430213928223,2.1749002933502197,1.5456888675689697,2.9767470359802246,-2.325934410095215,-1.3801923990249634,6.838783264160156,5.251420021057129
758,The Nicholas - Grocery Store.mp3,-130.0984649658203,118.4075927734375,-7.767910003662109,12.453460693359375,4.204436302185059,-4.291497230529785,-8.154287338256836,-3.287680149078369,-18.122785568237305,-7.132101058959961,-7.285511016845703,-9.340994834899902,-7.6720499992370605,-8.55377197265625,-5.4390034675598145,-3.345865249633789,0.6398805379867554,-3.4940686225891113,-1.060171365737915,-3.774050712585449
759,The Nicholas - Pop Up.mp3,-125.36827850341797,112.22802734375,-31.609224319458008,13.915043830871582,-1.0008347034454346,2.982093334197998,-5.8760457038879395,-6.133108139038086,-6.633000373840332,0.7734436392784119,-0.08959441632032394,-2.439854860305786,-3.9361987113952637,0.5729304552078247,-5.136446952819824,-1.6977046728134155,-4.025243759155273,-1.4999117851257324,-3.57919979095459,-1.7340232133865356
760,The Path Forward.mp3,-108.44376373291016,103.18865966796875,-3.783416748046875,16.438461303710938,-8.06843090057373,4.845716953277588,-6.896756649017334,-0.7247128486633301,-5.4609479904174805,-2.244723081588745,-5.769588947296143,0.42660951614379883,-5.189733982086182,-0.6635649800300598,-2.536432981491089,1.6795724630355835,-1.5309919118881226,-0.28470680117607117,-4.420996189117432,-2.1307878494262695
761,The Score - Unstoppable (Lyric Video).mp3,-6.749865531921387,91.51498413085938,-24.268051147460938,28.83305549621582,6.805032253265381,9.10628890991211,2.317295789718628,10.957118034362793,0.27345311641693115,7.3207783699035645,1.298422932624817,3.741424798965454,-0.838511049747467,-0.35968995094299316,-0.21790510416030884,4.344515800476074,-2.4626216888427734,6.077069282531738,-0.3085906207561493,-0.16797733306884766
762,The Spiders From Mars - Fly to me to the moon & back.mp3,-96.96172332763672,100.24910736083984,-9.39445972442627,22.91301155090332,2.2861928939819336,6.670367240905762,0.18756406009197235,8.209661483764648,-0.6929601430892944,4.639159679412842,-2.9713284969329834,3.489595651626587,-2.3032147884368896,-0.36176443099975586,-0.06007983908057213,4.477297306060791,-2.3507893085479736,4.48624849319458,-0.81922847032547,1.460010051727295
763,The Stone Roses - Fools Gold (Remastered).mp3,-46.74375915527344,83.0262680053711,3.989816188812256,42.77033233642578,4.43748664855957,21.401254653930664,-5.187645435333252,16.40269660949707,0.709285318851471,3.444432497024536,1.3436436653137207,-0.16070371866226196,3.7019214630126953,0.5393539071083069,-1.3980603218078613,4.438859939575195,-4.10719633102417,5.176112651824951,-7.091249942779541,1.273665428161621
778,The Streets - The Escapist.mp3,-92.2101058959961,102.5433578491211,-20.767175674438477,17.995075225830078,4.065324783325195,-3.7124977111816406,3.478537082672119,4.743646621704102,2.3672304153442383,-0.03234810009598732,-3.407025098800659,-5.659000396728516,-2.677804946899414,-4.557682514190674,-4.386992454528809,-1.2448203563690186,-5.328842639923096,1.7834361791610718,-4.642324447631836,-6.001927852630615
781,The Strokes - Reptilia.mp3,-36.93798065185547,99.46150207519531,-19.44986343383789,26.864665985107422,11.985099792480469,8.135176658630371,-1.1688538789749146,6.48865270614624,-2.0300402641296387,2.491015672683716,-3.3555352687835693,1.2674182653427124,-1.3044391870498657,-3.15159010887146,-3.915677309036255,-3.3920464515686035,-7.79777193069458,-1.0019046068191528,-4.533609390258789,-6.0390305519104
782,The Tango Project - Por Una Cabeza myfreemp3.vip .mp3,-171.2779998779297,102.45474243164062,-18.313926696777344,22.458168029785156,-12.089118957519531,0.27529940009117126,-7.998248100280762,1.8614494800567627,-6.773941516876221,-5.926564693450928,-6.528135776519775,3.4050638675689697,-2.4895777702331543,7.2078728675842285,2.766437292098999,2.704235553741455,-2.186492681503296,4.208336353302002,-2.2859246730804443,-0.8340457081794739
783,The xx - A Violent Noise.mp3,-131.69581604003906,136.64004516601562,-7.097954273223877,21.2767391204834,9.37091064453125,4.702108383178711,4.411855220794678,2.8951468467712402,-5.0527801513671875,1.4985169172286987,-2.7071361541748047,4.812085151672363,-1.412571907043457,-4.331554412841797,-0.11637361347675323,-0.04812700301408768,-5.315810203552246,0.8664665222167969,0.1500784158706665,0.27924078702926636
784,The xx - Dangerous.mp3,-73.71615600585938,99.82933044433594,5.181441783905029,23.662151336669922,7.674022674560547,12.522119522094727,6.433608531951904,11.500069618225098,1.688295602798462,9.412202835083008,-0.15202829241752625,9.083409309387207,0.4133153259754181,5.14978551864624,2.65674090385437,-1.77690851688385,-1.5866280794143677,6.299044609069824,1.8278332948684692,2.1266744136810303
785,TheFatRat - Solitude.mp3,-40.22556686401367,72.60762023925781,-14.714247703552246,16.295433044433594,-10.43403434753418,0.7729138731956482,-2.518315315246582,-0.014549575746059418,-2.638746738433838,1.7909729480743408,-5.346658229827881,1.2507067918777466,-5.353110313415527,-1.2179841995239258,-4.961490631103516,-0.9169161319732666,-0.6769812703132629,4.533603668212891,-1.737126350402832,1.1853665113449097
786,Thirty Seconds To Mars - Walk On Water (Lyric Video).mp3,-79.67720031738281,67.30724334716797,3.011647939682007,16.087865829467773,8.003910064697266,13.369606971740723,7.845251560211182,11.969060897827148,1.519915223121643,12.456488609313965,3.1733808517456055,4.716579914093018,0.8527470231056213,5.168851852416992,2.8100786209106445,7.380856513977051,0.17135921120643616,6.762162685394287,-1.0392789840698242,2.167797088623047
787,Thomas Newson _u0026 Sam Void - Like That.mp3,-31.193706512451172,95.84603881835938,-1.0009897947311401,26.06253433227539,-5.936792373657227,11.509908676147461,-2.768275737762451,1.9803192615509033,2.946260452270508,3.497080087661743,-2.4161553382873535,2.171006202697754,-3.2446084022521973,-0.5286170244216919,-4.913959503173828,1.7279671430587769,0.9624339938163757,5.909088134765625,0.2468075156211853,3.573834180831909
788,Thrift Shop Lyrics by Macklemore & Ryan Lewis ft. Wanz.mp3,-85.5196533203125,64.9861831665039,-6.6089887619018555,11.962063789367676,0.7909350991249084,7.305617809295654,-3.4737114906311035,3.9282658100128174,-1.4362330436706543,4.051041126251221,1.4289928674697876,7.459470272064209,1.3565001487731934,3.9689857959747314,3.0386452674865723,7.032948970794678,0.8135999441146851,4.929981231689453,0.28597813844680786,1.535182237625122
789,Throttle _u0026 Niko The Kid - Piñata (Official Music Video)-1.mp3,-68.0098648071289,44.98542022705078,-0.8983868956565857,16.282367706298828,2.198115825653076,12.795098304748535,6.308224678039551,13.408296585083008,4.260802745819092,9.283454895019531,2.2333145141601562,4.549705505371094,-0.17330020666122437,4.642517566680908,1.3626363277435303,6.637693881988525,2.5350067615509033,5.957308292388916,1.9910787343978882,4.602995872497559
790,Timmy Trumpet - Oracle my-free-mp3s.com .mp3,-40.50444412231445,63.86420822143555,5.102801322937012,20.554039001464844,2.2694268226623535,6.1704840660095215,2.0145609378814697,3.199392318725586,-6.411585330963135,1.3951386213302612,-5.125752925872803,3.6307332515716553,-3.3878567218780518,2.2899816036224365,-2.2653303146362305,0.402917742729187,0.12257181107997894,5.2701239585876465,0.14016452431678772,3.814424514770508
791,Tiësto & Dzeko ft. Preme & Post Malone - Jackie Chan (Official Lyric Video).mp3,-21.99928092956543,83.51732635498047,-5.700328826904297,16.316911697387695,6.771758079528809,5.220829486846924,-4.518560409545898,-3.79160737991333,-7.7714972496032715,-0.10761748254299164,-4.915205955505371,-1.6696534156799316,-1.0527900457382202,-4.771632194519043,-4.365443229675293,4.0055999755859375,-9.913296699523926,4.7256245613098145,-3.7979071140289307,3.50762939453125
792,Tiësto & KSHMR - Harder .mp3,-28.464208602905273,102.30062103271484,-11.912583351135254,6.602734565734863,0.8298697471618652,-1.0883437395095825,-9.523844718933105,8.723586082458496,-2.8558735847473145,-0.4000023901462555,-3.689426898956299,-0.7414318323135376,-4.650600433349609,1.0404717922210693,-0.314642995595932,1.8769266605377197,-1.899088978767395,3.994398593902588,0.8230500221252441,2.4159066677093506
793,Tiësto - Coming Home.mp3,9.254940032958984,62.806392669677734,-7.297876834869385,15.75178050994873,3.002391815185547,10.429306983947754,2.4896087646484375,6.451974391937256,-3.0681967735290527,3.996528387069702,-0.24581263959407806,3.1183228492736816,1.7827378511428833,3.7492244243621826,-0.3034920394420624,4.139505863189697,-0.4733639061450958,2.0769269466400146,-2.1780283451080322,4.245652198791504
794,Tiësto - Dawnbreaker .mp3,11.452537536621094,72.8088607788086,-9.706279754638672,14.995030403137207,3.3331644535064697,11.422162055969238,0.7274115681648254,4.705811500549316,-0.6516938805580139,5.685161113739014,-1.0504705905914307,4.287178039550781,-0.37930944561958313,4.307220935821533,0.9193176031112671,3.549347162246704,-1.4239493608474731,1.604995608329773,-2.0190186500549316,3.371119976043701
795,Tiësto - Red Lights my-free-mp3s.com .mp3,-30.513465881347656,67.22539520263672,-1.4980207681655884,25.736650466918945,13.028285026550293,3.106673240661621,-4.058132648468018,4.874082565307617,1.1253292560577393,3.35176682472229,-2.6783783435821533,2.2001068592071533,-3.313769817352295,2.5867559909820557,-3.082221508026123,0.339922696352005,-3.5767600536346436,0.9832428693771362,-5.396790981292725,2.4827284812927246
796,Tiësto - Split (Only U) .mp3,-2.751624584197998,53.49057388305664,-3.5337741374969482,21.658885955810547,1.327011227607727,10.370854377746582,-2.586254835128784,3.001943826675415,-2.895650863647461,-1.2666714191436768,-5.6968488693237305,1.3977407217025757,-2.6041958332061768,1.2099844217300415,-1.2830880880355835,2.859347105026245,-3.6890792846679688,1.9089454412460327,-3.185925245285034,0.03826333209872246
797,"Tiësto, Jonas Blue, Rita Ora - Ritual my-free-mp3s.com .mp3",-40.21664810180664,63.99814224243164,-0.23294349014759064,13.77691650390625,-0.012818707153201103,-0.4240047335624695,6.2278666496276855,-0.492524653673172,-0.8303759694099426,6.597540378570557,-5.429223537445068,0.25686293840408325,-3.4578511714935303,-0.32848942279815674,-2.600268602371216,5.636058807373047,0.1650993674993515,5.095993518829346,1.4435449838638306,5.774771690368652
798,TK from Ling tosite sigure - Unravel (Acoustic Version).mp3,-155.93959045410156,93.623046875,5.880859375,3.7306435108184814,-1.2512550354003906,-5.221737384796143,-9.193953514099121,5.188920497894287,-5.71147346496582,-0.6569014191627502,-8.771886825561523,-8.713339805603027,-7.64072322845459,-0.32048460841178894,1.1379622220993042,4.467205047607422,-1.9411365985870361,1.4782004356384277,-6.3884806632995605,-5.496683597564697
799,TK from Ling tosite sigure - Unravel.mp3,-4.856964111328125,79.75552368164062,-9.818016052246094,28.059030532836914,-2.350918769836426,7.271218299865723,-3.6550357341766357,7.642226219177246,-2.2973902225494385,4.06148624420166,-6.219546794891357,-0.6358609795570374,-1.513108730316162,1.351534366607666,1.2582217454910278,5.981838703155518,-0.8454778790473938,2.8968918323516846,-4.144444942474365,-2.337292194366455
800,tlaxt - torasuto.mp3,-146.07861328125,151.1272735595703,-43.44979476928711,11.534932136535645,18.350200653076172,-2.370842695236206,-10.566045761108398,-3.655029535293579,-10.561683654785156,-6.974048137664795,-7.810242652893066,-8.228713989257812,-10.463987350463867,-9.97567367553711,-12.991406440734863,-10.500479698181152,-8.423545837402344,-3.2714784145355225,2.599790334701538,5.601661205291748
801,Tobu - Candyland.mp3,-58.952598571777344,78.99613952636719,-16.174360275268555,7.965875625610352,2.2596704959869385,6.877197742462158,-0.4463318884372711,0.8758930563926697,-7.310608386993408,0.43811747431755066,-1.1846747398376465,3.7719242572784424,-2.806640386581421,-1.0767804384231567,-3.1523587703704834,2.167109727859497,0.7542645335197449,2.464346408843994,-3.4117774963378906,1.9320141077041626
802,Tobu - Colors.mp3,-36.88504409790039,54.19496154785156,-0.8066323399543762,11.70362377166748,-2.1616017818450928,8.356928825378418,1.0833373069763184,10.300514221191406,6.838316440582275,9.309062957763672,-2.7743821144104004,-3.6917531490325928,-6.4195380210876465,2.474916458129883,-0.2898904085159302,3.138674259185791,2.2656776905059814,5.809167385101318,-5.083968162536621,-5.580384254455566
803,Tobu - Hope (Original Mix).mp3,-66.53892517089844,71.68473815917969,-5.5410027503967285,17.519983291625977,7.226357936859131,17.405479431152344,8.92448616027832,13.204251289367676,4.0848164558410645,7.7322282791137695,1.3868590593338013,4.383931636810303,-0.6176630854606628,3.235884666442871,-0.17680621147155762,2.865553855895996,-1.1523772478103638,-0.42223048210144043,-3.6753859519958496,3.083617925643921
804,toby schay - moonkiss.mp3,-232.92556762695312,150.55113220214844,42.44893264770508,20.433481216430664,20.497512817382812,17.715402603149414,6.288853168487549,5.267066478729248,-0.7308902144432068,-0.7070977091789246,-4.301003456115723,-1.2886840105056763,-0.315677672624588,-1.1636335849761963,-6.7157440185546875,-4.7432966232299805,-2.2361092567443848,-2.201704263687134,-10.737481117248535,-8.35573959350586
805,Tokyo Machine - JOURNEY.mp3,-48.33182907104492,62.10429382324219,-4.367564678192139,18.454078674316406,-0.7580972909927368,6.228042125701904,-2.828295946121216,2.8378336429595947,-1.7315504550933838,3.3119304180145264,-1.4362373352050781,3.503751039505005,-1.2232270240783691,1.9879709482192993,-2.0327417850494385,1.9073669910430908,-1.3246418237686157,2.6768882274627686,-0.44460219144821167,2.7176387310028076
806,Tokyo Machine - PLAY (Eliminate Remix).mp3,-13.721612930297852,46.383697509765625,11.948869705200195,21.321304321289062,0.6545097231864929,4.7704691886901855,6.621729373931885,9.756296157836914,2.2074947357177734,8.638235092163086,2.167515754699707,7.758714199066162,3.2806613445281982,6.518474578857422,1.9996507167816162,3.8963000774383545,0.695199191570282,4.00645112991333,-1.8977108001708984,3.29192852973938
807,Tom Odell - Another Love.mp3,-148.1435089111328,123.08843994140625,6.427974224090576,14.9117431640625,-1.1265645027160645,-1.1431423425674438,0.7972040176391602,0.628465473651886,-6.470320701599121,-1.981642723083496,1.3463284969329834,2.954026699066162,-4.231350898742676,3.0629584789276123,-4.917940616607666,-1.8399391174316406,-4.220384120941162,-1.614062786102295,-2.7887027263641357,0.20950722694396973
808,Tom Rosenthal - Fenn.mp3,-110.56807708740234,153.69589233398438,11.39133358001709,13.638772010803223,15.17685604095459,4.917633056640625,3.951500177383423,8.243456840515137,-6.536741256713867,12.627553939819336,-1.0760208368301392,-2.1669235229492188,5.817358493804932,-3.883702278137207,0.4859439432621002,7.958429336547852,-8.783550262451172,4.733251094818115,1.2469810247421265,-0.2862991392612457
809,Tom Rosenthal - Lights Are On.mp3,-266.17315673828125,187.40162658691406,42.82807540893555,20.326353073120117,10.457794189453125,2.803574562072754,8.476130485534668,2.1399550437927246,-10.381627082824707,2.063551425933838,-7.514076232910156,3.6242423057556152,-6.054803371429443,-15.722149848937988,-3.012129783630371,-3.4455668926239014,-6.736574172973633,-1.9962825775146484,-3.3965609073638916,-7.0220046043396
810,Tom Rosenthal - Oh No Pedro.mp3,-208.2200927734375,171.243408203125,27.714675903320312,6.654567241668701,14.04531478881836,0.9916473627090454,0.8917176723480225,-4.481255531311035,-13.551709175109863,-0.5369994044303894,-6.36336612701416,-1.0436079502105713,-1.2025244235992432,-7.270952224731445,-2.614368438720703,3.3139870166778564,-9.99524974822998,1.3152045011520386,-1.073862075805664,-0.48380178213119507
811,Tom Rosenthal - Throw the Fear.mp3,-86.11672973632812,120.22137451171875,20.90237808227539,13.960360527038574,15.570547103881836,8.878900527954102,6.7817792892456055,4.0873284339904785,-5.562643527984619,1.2081841230392456,-4.848702430725098,-0.7438943982124329,-1.474937915802002,-4.242577075958252,-3.6792044639587402,7.172633171081543,-4.431534290313721,1.804290771484375,-2.731978178024292,-2.6473941802978516
812,Tom Speight - Heartshaker.mp3,-65.9657211303711,96.20574951171875,10.209870338439941,23.603668212890625,12.809459686279297,11.180445671081543,2.252178907394409,8.680047988891602,-0.9353378415107727,5.633639335632324,-2.3542027473449707,1.232923984527588,-2.1994173526763916,5.171614646911621,0.666302502155304,4.358368396759033,-1.0314912796020508,3.60422682762146,-2.3515727519989014,-0.21072877943515778
813,TomSka & The Gregory Brothers - The Muffin Song (asdfmovie).mp3,-68.84455108642578,87.25074768066406,2.529963731765747,25.087995529174805,5.125295639038086,8.006528854370117,4.331952095031738,3.099304676055908,-1.2888838052749634,5.212185382843018,-1.7141717672348022,4.058487415313721,0.019348712638020515,4.101955413818359,-2.3882954120635986,2.271327495574951,-0.8743323087692261,2.3049349784851074,-2.5129880905151367,0.9872719645500183
814,Ton Sound - Gustavo Babel.mp3,-138.73529052734375,109.8508529663086,3.640049934387207,3.3435614109039307,-6.254126071929932,-7.16522741317749,-10.14338493347168,-7.977795124053955,-17.564899444580078,-7.068456172943115,-9.250566482543945,0.07577916234731674,6.2331461906433105,7.584641933441162,3.2966506481170654,3.96374773979187,2.04713773727417,4.289838790893555,-3.7729620933532715,1.5804827213287354
815,Tony Romera - Loverus.mp3,-80.4158935546875,115.12828063964844,-0.578040599822998,20.59223175048828,3.3968756198883057,7.672492027282715,6.359369277954102,-4.56096076965332,-1.3150134086608887,6.7400922775268555,-9.49117374420166,-3.2691643238067627,-5.595509052276611,-0.7274026870727539,-0.8604519963264465,-2.3459973335266113,-8.483116149902344,-2.4810431003570557,-3.6194539070129395,2.387284755706787
816,Torin Borrowdale - A Moment of Tranquility myfreemp3.vip .mp3,-301.6159362792969,142.68215942382812,19.028520584106445,37.979217529296875,1.11165452003479,-0.3592876195907593,0.7537516355514526,2.307908773422241,-2.6703574657440186,-3.0518927574157715,-6.69286584854126,-8.261651039123535,-5.451905727386475,-5.463461875915527,-5.3645758628845215,-6.088183879852295,-7.53190803527832,-4.638524532318115,-3.497277021408081,-4.684867858886719
817,TOYDRUM - I-'ve Got a Future.mp3,-187.19613647460938,148.31333923339844,-4.928614139556885,31.852222442626953,-3.7534048557281494,12.868057250976562,-2.690563917160034,5.311162948608398,-9.86478328704834,1.152114987373352,3.0333473682403564,-5.456996440887451,-2.7422804832458496,8.732565879821777,6.9101433753967285,-1.170376181602478,7.635560512542725,5.593883037567139,-10.460634231567383,-7.1938276290893555
818,TR-ST - Slow Burn.mp3,-120.18009948730469,129.8260955810547,8.701644897460938,24.278053283691406,7.058802604675293,6.205018520355225,-6.416356086730957,1.1825942993164062,-7.205286026000977,0.12518371641635895,-8.820657730102539,0.6215524077415466,-0.45548614859580994,1.7201623916625977,1.596693992614746,5.826179027557373,-0.22204823791980743,7.639447212219238,-2.0367510318756104,-0.1734554022550583
819,travelbag.mp3,-226.4795379638672,134.9223175048828,40.98103713989258,46.93548583984375,8.758326530456543,15.68979549407959,4.779912948608398,4.569360733032227,-3.23291015625,2.8921220302581787,0.3297577202320099,0.5406814813613892,-5.461503028869629,-1.3339608907699585,-4.636375904083252,-4.661551475524902,-5.545129299163818,-1.5770061016082764,-1.605599045753479,3.1002979278564453
820,Trevor Daniel - Falling.mp3,-152.13140869140625,100.88031005859375,4.696274280548096,24.137493133544922,19.507579803466797,3.9643943309783936,5.035362720489502,7.269495487213135,-2.4227797985076904,-0.9500149488449097,-2.5668506622314453,4.835877418518066,3.0858209133148193,1.0592787265777588,-4.334944725036621,4.047757625579834,-11.141160011291504,-4.150213241577148,-1.367561936378479,-3.301311492919922
821,Triplo Max - Shadow my-free-mp3s.com .mp3,-94.43900299072266,104.17351531982422,-6.795424938201904,17.509740829467773,-6.844264984130859,8.542304039001465,2.415243625640869,3.6186139583587646,0.39322325587272644,0.79973965883255,-0.6201981902122498,7.76674222946167,-0.4647599160671234,0.9825931191444397,0.11896231770515442,2.7120349407196045,-0.2135259062051773,2.915773868560791,-1.533539056777954,3.806185483932495
822,Tristam & Braken - Flight.mp3,-64.5313949584961,52.6746711730957,-0.840354323387146,11.975057601928711,-0.13104809820652008,6.422779560089111,-1.3802934885025024,2.6033437252044678,-2.688861846923828,1.150309443473816,-4.001131057739258,0.873242974281311,-1.211401343345642,3.2331812381744385,0.21850423514842987,3.5690555572509766,-0.23038169741630554,3.5934531688690186,1.56814444065094,2.3298540115356445
823,Trobi - Looking For Somebody.mp3,-110.74824523925781,68.94762420654297,-6.675880432128906,19.81073570251465,2.4072678089141846,0.8728892803192139,-3.025765895843506,3.547436237335205,0.5324603915214539,9.271634101867676,-2.716050386428833,-0.49139633774757385,-7.100464344024658,-2.49751877784729,-2.9625308513641357,1.2072384357452393,2.6435184478759766,0.6114165782928467,-1.2943944931030273,-0.7822403907775879
824,Troye Sivan - My My My!.mp3,-110.64997100830078,92.14579772949219,9.429856300354004,17.40713882446289,5.538786888122559,11.181845664978027,-3.6150078773498535,4.435483455657959,-0.7391371726989746,3.2852439880371094,1.6064406633377075,1.40479576587677,-1.747621774673462,1.7536522150039673,-1.4578763246536255,-1.8082085847854614,-5.638613700866699,0.19757574796676636,-5.938330173492432,-0.8286786079406738
825,Troye Sivan feat. Ariana Grande - Dance To This my-free-mp3s.com .mp3,-85.9509048461914,81.27005004882812,28.981531143188477,18.58798599243164,14.897787094116211,4.530569076538086,3.737804651260376,3.111666679382324,-1.2064214944839478,5.238607883453369,-4.605525016784668,7.0486369132995605,-2.3593385219573975,7.965646743774414,-1.615814208984375,3.639958381652832,-3.491666793823242,2.776432514190674,-2.474245548248291,2.4079055786132812
826,TRPP - Yeah (Round and Round).mp3,27.06403350830078,100.46614837646484,-21.04852294921875,18.83095932006836,2.017273187637329,10.158971786499023,-5.7317986488342285,0.6288642883300781,-4.273074626922607,9.069010734558105,1.318118691444397,2.328587532043457,-8.490023612976074,-2.1725218296051025,-5.620110511779785,-0.42815321683883667,-3.395420789718628,4.880102157592773,-0.5318179130554199,4.711760520935059
827,TRU Concept feat. Bernard - Sense To You (feat. Bernard) my-free-mp3s.com .mp3,-49.77538299560547,63.56764602661133,2.291048526763916,11.63492488861084,-0.058335740119218826,-1.8033031225204468,-8.32786750793457,-0.50730299949646,-9.226892471313477,-4.449678421020508,-6.7342529296875,-4.948446750640869,-7.994010925292969,-3.394619941711426,-8.594839096069336,-1.9718254804611206,-6.822709083557129,0.25225338339805603,-4.16333532333374,0.9451914429664612
828,TSU NAMI - Angel.mp3,-52.675270080566406,76.95748901367188,10.877789497375488,12.666115760803223,3.2513744831085205,7.427568435668945,-2.641723871231079,2.8124563694000244,0.17581428587436676,5.645646572113037,-3.778960704803467,3.3855745792388916,-0.8443142771720886,0.07500409334897995,-3.5683577060699463,-1.195952296257019,1.5573337078094482,1.284217357635498,-0.1920323520898819,4.789709568023682
829,TSU NAMI - Easy To Love.mp3,-64.55460357666016,69.04932403564453,8.344314575195312,21.54697608947754,-0.8735324740409851,7.575315952301025,-2.8588016033172607,0.19960777461528778,1.6315219402313232,-0.4936245381832123,-1.5473889112472534,-4.937124252319336,-2.559417486190796,0.26691630482673645,-2.8835599422454834,4.968569278717041,0.7639662027359009,0.47403788566589355,-1.1671769618988037,-0.9531643986701965
830,TSU NAMI - Ethereal.mp3,-107.11956787109375,95.4765396118164,9.727559089660645,23.27406883239746,1.4670273065567017,1.014254093170166,-0.07379326224327087,2.1253409385681152,-0.026978492736816406,0.42502161860466003,-3.036834955215454,0.6857171654701233,1.0795214176177979,0.5565350651741028,-1.4986203908920288,-0.42083820700645447,-0.8501701951026917,0.2470809370279312,-1.2954601049423218,-2.988588809967041
831,Tujamo - Body Language (feat. Miranda Glory & Haris) .mp3,-42.67349624633789,56.881195068359375,1.3589651584625244,18.86062240600586,9.163288116455078,3.9187164306640625,-2.648949384689331,7.264499664306641,-0.7669674158096313,4.441097736358643,-1.676895260810852,5.337335109710693,-1.7091395854949951,2.6664083003997803,-0.5459039211273193,3.3300178050994873,2.5445406436920166,6.073338031768799,-0.28789326548576355,4.230718612670898
832,Tujamo - Drop That Low (When I Dip) my-free-mp3s.com .mp3,-30.853084564208984,70.75959777832031,-9.780978202819824,13.750308990478516,4.694029808044434,11.437252044677734,3.4805240631103516,8.868273735046387,-1.7518341541290283,5.328083515167236,-0.8120452165603638,5.487431049346924,0.08554128557443619,2.239469051361084,0.8270967602729797,6.647366046905518,-0.18703916668891907,0.021839533001184464,-2.684894561767578,4.780205249786377
833,tumblr_mhi3r10lIo1s4jg52o1.mp3,-31.031097412109375,87.38622283935547,-15.401403427124023,12.912857055664062,-1.1408931016921997,-4.219521522521973,-5.132819175720215,5.6821088790893555,-7.333315849304199,2.1321470737457275,-2.9192349910736084,1.1185747385025024,1.4313093423843384,2.7445709705352783,-2.1980152130126953,0.5822554230690002,-4.152052879333496,3.5314528942108154,-4.073468208312988,-1.8010492324829102
834,Tungevaag & Raaban - All For Love.mp3,-27.380685806274414,74.28927612304688,-2.287238359451294,19.876707077026367,-0.06564764678478241,3.2732770442962646,1.3593589067459106,1.4497333765029907,-6.452286243438721,3.379045009613037,-8.828764915466309,6.299060344696045,-5.869673252105713,-0.12136934697628021,0.555437445640564,1.4142322540283203,-5.688044548034668,6.04918098449707,-3.1263041496276855,1.8481221199035645
835,Tungevaag & Raaban - Bad Boy (Official Video).mp3,-43.98295211791992,67.73148345947266,1.6671658754348755,10.892189979553223,-0.27142688632011414,8.656061172485352,1.3458714485168457,0.4264492988586426,-1.2437419891357422,-0.9825536608695984,-4.491163730621338,-0.034498464316129684,-3.117964029312134,2.9078338146209717,-2.163959264755249,0.8854939341545105,-3.841728687286377,0.4505855143070221,2.291855573654175,5.709813594818115
836,Twenty One Pilots - Car Radio.mp3,-92.35617065429688,83.87726593017578,11.631437301635742,15.90889835357666,9.079599380493164,5.001030445098877,4.267863750457764,1.8640177249908447,-2.989159107208252,2.160378932952881,-6.8827290534973145,0.1429080218076706,-4.198042392730713,1.5149121284484863,-0.2566111385822296,1.9015357494354248,-2.3987419605255127,-0.15809902548789978,-4.522284984588623,0.9336528778076172
837,Twenty One Pilots - Ride.mp3,-55.0980224609375,86.81504821777344,-2.353959798812866,7.855985641479492,3.6631665229797363,4.047774791717529,3.2518277168273926,4.361908435821533,0.6491182446479797,12.00615406036377,-2.614114284515381,4.40738582611084,1.941979169845581,1.9124174118041992,0.5455785989761353,2.0788471698760986,-2.6005609035491943,3.4040331840515137,-2.3313026428222656,3.6829118728637695
838,Twenty One Pilots - Stressed Out my-free-mp3s.com .mp3,-66.0637435913086,76.95907592773438,23.792329788208008,23.8949031829834,6.93728494644165,8.342367172241211,5.1280198097229,5.841279029846191,-0.14803214371204376,9.419214248657227,-4.53298282623291,4.933314323425293,-2.801269769668579,1.9135771989822388,-0.9201162457466125,1.6792359352111816,-1.4205124378204346,4.473854064941406,-5.6648969650268555,-0.1420949101448059
839,TWICE - Alcohol-Free.mp3,-24.59482192993164,69.07215881347656,2.3520617485046387,17.588815689086914,9.93804931640625,4.9935784339904785,0.7154783606529236,2.821385383605957,0.6709309816360474,6.80891752243042,-8.938636779785156,0.2764832675457001,-3.5416812896728516,3.075853109359741,-0.22394169867038727,6.870815753936768,0.2984064519405365,3.514371156692505,1.3536838293075562,0.4820668399333954
840,TWICE - BEHIND THE MASK.mp3,-48.822052001953125,88.48701477050781,10.771976470947266,11.709147453308105,9.501395225524902,6.321100234985352,6.077542781829834,3.1818339824676514,4.768992900848389,3.5113444328308105,-3.107999086380005,0.7333869934082031,-3.781979560852051,1.9803836345672607,-3.2546780109405518,2.648045063018799,-1.754660725593567,2.271811008453369,2.6223766803741455,5.66123104095459
841,TWICE - Dance The Night Away.mp3,-32.4644889831543,51.79472732543945,-23.7194766998291,2.345404863357544,-11.699729919433594,-4.252017498016357,-4.989908218383789,-4.355636119842529,-1.3898000717163086,-1.3552716970443726,-10.597522735595703,-0.20626361668109894,-6.242286682128906,1.2512493133544922,-5.60529088973999,3.7371392250061035,-2.3295586109161377,4.350189685821533,3.296717405319214,6.426111698150635
842,TWICE - DEPEND ON YOU.mp3,-68.88858795166016,73.97162628173828,13.590130805969238,10.455766677856445,8.743016242980957,4.948549747467041,3.4971706867218018,2.4670863151550293,3.158886432647705,2.883133888244629,-9.414583206176758,-3.436586380004883,-6.5491509437561035,-1.150865077972412,-2.890716791152954,4.136776924133301,3.5647635459899902,6.2579026222229,6.918466091156006,2.8713128566741943
843,TWICE - DO WHAT WE LIKE.mp3,-21.706647872924805,75.11103820800781,13.314972877502441,15.441434860229492,8.244410514831543,10.100688934326172,4.385936260223389,4.828935146331787,5.9211249351501465,8.19597053527832,-4.592141628265381,1.6649010181427002,-3.6562163829803467,0.058609090745449066,-6.325401782989502,-2.396477699279785,-4.376385688781738,1.8134740591049194,0.7402986884117126,3.39361834526062
844,TWICE - LAST WALTZ.mp3,-43.23101806640625,61.18416213989258,9.967626571655273,3.3314261436462402,0.8566168546676636,0.424664169549942,4.082184791564941,-3.357335090637207,0.9650542140007019,2.6939356327056885,-7.504449844360352,4.441949367523193,-1.2271429300308228,5.931641101837158,-0.5069659352302551,4.216202259063721,-0.25037142634391785,3.5567352771759033,3.2759175300598145,3.041897773742676
845,TWICE - LIKEY.mp3,3.689101457595825,61.90085220336914,-5.051413536071777,15.858136177062988,-5.202436447143555,7.408515453338623,4.14689302444458,2.9140100479125977,4.95182991027832,3.4861392974853516,-6.7293500900268555,0.7700810432434082,-3.57521390914917,3.384899616241455,2.7729170322418213,7.79207706451416,2.9213595390319824,4.635435104370117,-0.07209406048059464,1.3290656805038452
846,TWICE - MORE & MORE.mp3,-29.971948623657227,76.72379302978516,0.6300005912780762,4.703814506530762,3.8841285705566406,3.990476369857788,5.096795082092285,3.239638090133667,1.4269275665283203,4.060652732849121,-5.789225101470947,3.2346935272216797,-1.2436184883117676,3.9844322204589844,-0.1665760725736618,5.930333614349365,2.0560483932495117,6.782991886138916,6.378324508666992,7.786661148071289
847,TWICE - Scandal.mp3,-39.56871795654297,78.96656036376953,16.45648765563965,15.03313159942627,11.199749946594238,3.6886298656463623,5.687454700469971,-0.0553152896463871,3.612420082092285,1.9492295980453491,-6.283152103424072,0.6382427215576172,-5.684360027313232,-1.7541333436965942,-6.8781328201293945,-4.959667205810547,-6.412509441375732,-1.2016419172286987,-3.911471128463745,-0.7418311834335327
848,TWICE - Signal.mp3,-22.060691833496094,79.4903564453125,3.275218963623047,25.90834617614746,3.5176239013671875,4.655708312988281,7.498644828796387,6.060270309448242,4.118741035461426,5.867435455322266,-5.906580448150635,4.6694135665893555,-3.395641326904297,1.8520722389221191,-3.2469370365142822,1.117038607597351,0.35375356674194336,4.653017997741699,5.3857903480529785,7.903785705566406
849,Two Feet - Go Fuck Yourself.mp3,-191.05047607421875,93.42682647705078,-20.78105926513672,7.430617332458496,-5.002178192138672,0.056772537529468536,-0.3938634693622589,0.8656997084617615,-3.4256532192230225,-0.19861547648906708,-2.7221508026123047,1.0935678482055664,-3.2858619689941406,-2.241896152496338,0.3099600076675415,3.783033847808838,2.572328567504883,3.9466910362243652,1.4237552881240845,0.9376197457313538
850,Two Feet - Love Is a Bitch.mp3,-184.49420166015625,130.2233428955078,1.60880446434021,18.32420539855957,10.077966690063477,8.811454772949219,1.6034470796585083,0.3111110031604767,-0.4374866187572479,1.5144332647323608,-1.1920502185821533,4.106812953948975,0.12371338903903961,0.6374809145927429,-0.14551942050457,3.628986120223999,1.2215429544448853,2.4000332355499268,-1.5385792255401611,-0.08332104980945587
851,TWO LANES - Away.mp3,-93.53489685058594,81.84346771240234,-0.568733811378479,10.145294189453125,1.0407381057739258,6.800694465637207,-0.9154295325279236,5.91114616394043,-0.24989934265613556,6.837606430053711,3.4864776134490967,10.590376853942871,2.2187271118164062,4.701338291168213,-1.2953884601593018,4.242913246154785,0.9582709074020386,3.042219638824463,-0.36025774478912354,4.891392707824707
852,TWO LANES - Lost.mp3,-208.1990203857422,97.33031463623047,-3.3049235343933105,21.113771438598633,6.003066539764404,6.802807807922363,-5.674681186676025,0.6628696322441101,-0.8790869116783142,-2.296786308288574,-3.993969202041626,-2.7739624977111816,-6.620995044708252,-0.5812654495239258,0.4479847252368927,1.5671513080596924,-2.7761073112487793,-3.134958267211914,-5.689420700073242,-2.516554832458496
853,TWO LANES - Never Enough (Piano Version).mp3,-392.67803955078125,147.69683837890625,62.43148422241211,23.333253860473633,9.123473167419434,4.252996921539307,1.881873607635498,2.488208770751953,0.22897857427597046,-1.4460585117340088,-5.653337478637695,-6.321443557739258,-3.928611993789673,1.483169674873352,2.544872283935547,2.2061309814453125,2.6875834465026855,-0.34368643164634705,-3.1518619060516357,-4.434078216552734
854,TWO LANES - Never Enough.mp3,-190.35507202148438,152.22183227539062,36.634803771972656,25.658369064331055,19.095787048339844,14.813200950622559,7.840919494628906,5.5615973472595215,5.669151306152344,8.033075332641602,2.401850461959839,4.987191677093506,1.3669050931930542,8.236297607421875,5.568526268005371,8.171575546264648,2.299835681915283,4.264101982116699,-2.019033193588257,-2.887439012527466
855,TWO LANES - Phases.mp3,-213.73593139648438,155.7747802734375,17.384395599365234,6.915955066680908,19.962081909179688,8.95584774017334,7.763289928436279,5.895707130432129,0.4169269800186157,-0.5838446021080017,-2.1962485313415527,1.6180744171142578,-2.1149370670318604,-0.17767781019210815,2.029341697692871,3.7082931995391846,0.4780072569847107,3.53198504447937,3.1892528533935547,2.5279297828674316
856,TWO LANES - Rolling Back.mp3,-234.16668701171875,122.35089874267578,40.80542755126953,16.000261306762695,20.947267532348633,16.644006729125977,6.770795822143555,9.323484420776367,5.933023929595947,8.413503646850586,1.8312702178955078,11.142415046691895,0.5894057154655457,5.290464878082275,0.42767393589019775,5.522634983062744,-3.8412981033325195,0.611480712890625,0.4312218427658081,5.178990840911865
857,twocolors - Bloodstream (Lost Frequencies Remix).mp3,-61.42060470581055,91.92112731933594,21.303743362426758,18.690418243408203,7.042834758758545,10.552660942077637,-4.128195762634277,5.045151710510254,-4.422698020935059,4.396657943725586,-0.9026522636413574,2.4964635372161865,-2.2056078910827637,3.0846354961395264,-5.111423015594482,-0.5035544037818909,-3.015101432800293,-0.8679448962211609,-3.0783448219299316,0.564022958278656
858,"Ty Dolla $ign - Ego Death (feat. Kanye West, FKA twigs & Skrillex).mp3",-80.27488708496094,99.25109100341797,19.028261184692383,14.798284530639648,17.098529815673828,7.888054847717285,2.586986541748047,7.374521255493164,-0.14925312995910645,9.094474792480469,-0.46345460414886475,8.055813789367676,1.9885611534118652,2.2943015098571777,2.367185354232788,4.085271835327148,-1.5657000541687012,5.644960880279541,-1.4006357192993164,1.8055765628814697
859,Tyler Bates - Chop Shop.mp3,-242.18313598632812,143.51654052734375,18.330974578857422,23.457765579223633,15.56645393371582,12.895858764648438,9.498335838317871,10.4149169921875,4.95423698425293,5.729472637176514,3.1845574378967285,2.4471595287323,1.218605399131775,1.338199257850647,0.4336828291416168,1.5204010009765625,0.7375814914703369,0.8039184212684631,-1.450110673904419,-0.6324261426925659
860,Tyron Hapi - Ain-'t My Tears.mp3,-96.01388549804688,95.66593170166016,10.485492706298828,11.800065040588379,9.905245780944824,-4.855951309204102,0.01604243740439415,-0.1913943737745285,-4.9288105964660645,4.390860557556152,-13.221842765808105,-1.6179183721542358,-5.877724647521973,1.6022731065750122,1.1523377895355225,-0.10942189395427704,-1.5322364568710327,-0.5643729567527771,-3.203765630722046,1.9768327474594116
861,Ummet Ozcan - Seesaw.mp3,-50.83219909667969,99.19905853271484,3.2402095794677734,14.109623908996582,3.8067500591278076,10.328960418701172,2.835709810256958,6.663450717926025,1.4691323041915894,1.5607410669326782,-0.5381983518600464,0.8887546062469482,1.450067162513733,1.3676016330718994,0.7695761322975159,-0.5440500378608704,-3.34076189994812,1.3332667350769043,-0.6583210229873657,4.365700721740723
862,Under Control feat Hurts .mp3,-21.66790008544922,73.48218536376953,-2.437479019165039,14.993635177612305,0.15671202540397644,3.849207639694214,-0.3848428428173065,4.669199466705322,-7.459961891174316,6.112545967102051,-2.4782321453094482,-3.2687268257141113,-4.463635444641113,-1.4517381191253662,-0.27873045206069946,0.5124268531799316,-2.959998607635498,3.8010010719299316,1.6349561214447021,1.1884044408798218
863,Underscores - clean!.mp3,-197.24635314941406,102.66484069824219,7.943504333496094,15.21489143371582,0.43972155451774597,1.7644811868667603,-5.78641939163208,3.2802505493164062,-4.945946216583252,1.9427803754806519,-1.6191993951797485,-1.9332249164581299,-1.2837218046188354,-3.9191324710845947,-1.1400744915008545,-1.0466724634170532,-1.7917369604110718,2.5351455211639404,-0.0888407826423645,2.0999748706817627
864,Underscores - Melodrama.mp3,-168.03335571289062,122.97691345214844,-0.2359953671693802,27.27797508239746,10.870984077453613,4.1922607421875,0.518239438533783,-0.12644334137439728,-1.3365827798843384,0.3742043375968933,-0.2541816830635071,1.0920027494430542,0.5725972056388855,-0.36131399869918823,-0.017674608156085014,0.11399491131305695,-1.4231535196304321,0.9166294932365417,-4.033454895019531,-1.8175040483474731
865,Underscores - moniker.mp3,-215.17100524902344,102.25225067138672,14.298572540283203,23.68160629272461,3.9610888957977295,-2.930684804916382,0.18025267124176025,-2.659651756286621,-5.750243186950684,0.3072492778301239,-3.91157865524292,2.591485023498535,-2.198719024658203,-0.5991213321685791,-0.054135970771312714,-3.211817979812622,-1.1853662729263306,-0.6015706658363342,-4.689881324768066,1.110237717628479
866,Underscores - set u off (365).mp3,-145.10153198242188,105.80686950683594,0.7131873965263367,8.828866004943848,2.3231732845306396,0.7117008566856384,-1.2360774278640747,-0.5971598029136658,-4.512238502502441,0.6639389395713806,-3.207573890686035,1.4610130786895752,-1.7321891784667969,-1.06088125705719,-1.463456153869629,-1.649436593055725,-2.412761926651001,-0.9487997889518738,-4.2357401847839355,0.2020418494939804
867,Underscores - TELEPHONE LINE 415.mp3,-126.19383239746094,113.76167297363281,18.823749542236328,21.779993057250977,-0.8212229013442993,3.704188108444214,-4.95913553237915,0.4061294198036194,-3.5549674034118652,-2.603402614593506,-4.9312896728515625,-0.2620694935321808,-3.8971972465515137,0.0727333202958107,-3.3983757495880127,-3.122143507003784,-5.585066795349121,-2.572012424468994,-3.726933240890503,0.8607137799263
868,Underscores - voice of reason.mp3,-169.50982666015625,105.28104400634766,3.5033814907073975,10.219819068908691,3.678284168243408,3.60782790184021,3.920682191848755,5.238168716430664,-2.955284357070923,0.6532768607139587,-2.2948875427246094,3.4824609756469727,-0.21757157146930695,0.6877111792564392,-0.9072893261909485,1.3455071449279785,-0.42002105712890625,1.7099064588546753,-0.7090421915054321,1.248652696609497
869,Unknown Brain - Control.mp3,-32.9332275390625,81.51782989501953,-7.16727352142334,22.709854125976562,8.32496166229248,11.291481018066406,2.971903085708618,6.456740379333496,-0.5600755214691162,8.164765357971191,-4.128096580505371,4.719860553741455,-3.468276023864746,2.54649019241333,-1.8681484460830688,0.4316749572753906,3.4393160343170166,2.62309193611145,2.908926248550415,5.55894136428833
870,Unknown Brain - Superhero.mp3,-40.9926643371582,69.74541473388672,-7.306972503662109,14.221494674682617,-0.9147853851318359,4.930253505706787,-1.509570837020874,6.274495601654053,-6.2428460121154785,4.0432610511779785,-5.324166774749756,1.7922202348709106,-5.610719203948975,0.1735459417104721,-2.054229497909546,-0.8134680986404419,-6.387179851531982,-2.8612871170043945,-6.900623798370361,-3.3347363471984863
871,Vampire Weekend - Campus.mp3,-82.2894058227539,108.28252410888672,18.14908790588379,31.42130470275879,11.591609954833984,12.394975662231445,3.227992296218872,8.228691101074219,-5.348890781402588,4.274942874908447,-0.3512202501296997,3.33170485496521,-2.5930964946746826,-0.26216697692871094,-1.1057031154632568,-1.3862504959106445,-6.429393291473389,-0.13401328027248383,-5.533022880554199,-1.9710224866867065
872,Various Artists - LUV U NEED U.mp3,-35.295616149902344,46.16583251953125,7.126577854156494,11.419195175170898,-6.4258952140808105,2.6866402626037598,-6.792019367218018,1.6126154661178589,-2.59516978263855,2.3282358646392822,-2.027139186859131,-0.2573053240776062,-4.977790355682373,-0.7607818245887756,-5.7093892097473145,2.121277093887329,-1.568094253540039,1.5025447607040405,0.1058046743273735,1.3535010814666748
873,Vicetone & Tony Igy - Astronomia (192  kbps).mp3,-24.555696487426758,67.18701171875,-10.785713195800781,11.530889511108398,-3.1177875995635986,3.3140037059783936,-0.9068067073822021,6.329524993896484,1.3164666891098022,6.48756217956543,-2.8159267902374268,-0.5775123834609985,-3.2992875576019287,5.125522136688232,4.426175594329834,6.7023844718933105,1.7930480241775513,6.489616870880127,-0.3267919421195984,-0.7845962643623352
874,Vicetone - Nevada (feat. Cozi Zuehlsdorff).mp3,-48.34358215332031,95.81426239013672,-14.858896255493164,5.556436538696289,-10.929628372192383,-10.026508331298828,-12.723907470703125,-4.853082656860352,-5.648157119750977,-2.772846221923828,-5.582525730133057,-0.6423239707946777,-4.72427225112915,-2.8829784393310547,-7.205251693725586,-1.0795798301696777,-4.2836503982543945,1.0583394765853882,-1.2550337314605713,1.1166894435882568
875,Vicetone - Waiting.mp3,-45.49734115600586,86.4365005493164,14.95429801940918,15.860831260681152,3.4996631145477295,5.8900957107543945,-2.353411912918091,0.34929943084716797,-5.0741047859191895,-2.183267593383789,-3.486191987991333,2.3097732067108154,-2.5845396518707275,-2.484010934829712,-3.8428268432617188,1.8910341262817383,1.037326455116272,3.4180896282196045,-2.074050188064575,3.0225024223327637
876,Vicetone feat. Kat Nestel - Angels [Premiere] (192  kbps).mp3,-9.163918495178223,75.8879165649414,-17.86606216430664,16.426767349243164,3.6615238189697266,6.198525905609131,-2.3052334785461426,1.1572589874267578,-2.718763589859009,2.4934022426605225,-1.8654844760894775,4.375495910644531,-0.43387284874916077,2.253300189971924,-5.182026386260986,1.5103987455368042,-3.3028440475463867,-0.04750613495707512,-0.567450225353241,3.356792688369751
877,VICTON - nostalgic night.mp3,-4.622546672821045,85.4725570678711,-8.667510032653809,8.853212356567383,-0.24535027146339417,4.910706043243408,-8.23344612121582,8.967418670654297,-2.238553047180176,6.508554458618164,-2.192309617996216,0.26807597279548645,-4.377896785736084,1.2099862098693848,0.03327477350831032,2.8172740936279297,2.125948905944824,9.5414457321167,0.9706955552101135,3.370556116104126
878,Vinzere - Above O.mp3,-47.9160270690918,57.79066848754883,13.139684677124023,29.53948402404785,0.6142298579216003,0.5307075381278992,-2.991380453109741,9.129809379577637,-3.809272527694702,3.9241690635681152,0.05314851552248001,4.457313060760498,-1.8126041889190674,5.377642631530762,-1.6603798866271973,6.444051265716553,-2.6452748775482178,1.3361014127731323,-5.143893718719482,-3.767366647720337
879,Vitas - 7th Element (Chilx and Mat1ne remix).mp3,-51.083282470703125,82.87713623046875,-5.979159355163574,17.725025177001953,-2.2207207679748535,7.5899176597595215,-1.790797233581543,2.34497332572937,-5.618467807769775,2.7484893798828125,-1.1036148071289062,-0.45175793766975403,-4.24868631362915,-0.4360058009624481,-3.8648717403411865,-0.894384503364563,-3.7198588848114014,-0.46126458048820496,-3.9920856952667236,1.0506973266601562
880,Vize - Space Melody (Edward Artemyev) (feat. Leony).mp3,-105.71707153320312,97.39433288574219,13.937623023986816,12.768035888671875,2.225203275680542,1.6415435075759888,7.415400505065918,7.369917869567871,7.9094367027282715,4.426455497741699,-5.948981761932373,-9.027093887329102,-9.2411527633667,-3.543797731399536,0.4774025082588196,3.6457977294921875,3.2231037616729736,1.7628865242004395,-1.850284218788147,-0.9068795442581177
881,Vories - Beautiful Saga.mp3,-70.0872573852539,78.01734924316406,12.625645637512207,22.350418090820312,10.628185272216797,4.331023693084717,-0.8077122569084167,5.883321762084961,-4.721608638763428,5.60579252243042,-4.623509883880615,4.6263628005981445,-0.22998137772083282,1.935860514640808,0.3408014178276062,2.955810070037842,-0.9764463901519775,1.9180095195770264,-1.126635193824768,-0.7528930306434631
882,W&W - Rave After Rave (Original Mix) (Original Mix) my-free-mp3s.com .mp3,-11.485433578491211,79.93415069580078,0.3489321768283844,8.895721435546875,3.972254514694214,6.730612277984619,0.08964547514915466,4.4781174659729,2.323761463165283,5.431670665740967,0.6222981810569763,3.4121365547180176,-3.0638070106506348,-0.21716566383838654,-3.1212925910949707,2.857023000717163,0.9934669733047485,4.2796807289123535,0.4994462728500366,1.7760286331176758
883,Warriyo - Mortals (feat. Laura Brehm) [NCS Release].mp3,-61.79244613647461,89.21267700195312,9.035128593444824,16.235353469848633,1.455330729484558,5.663459777832031,3.9987967014312744,9.556523323059082,-0.23419509828090668,5.876141548156738,-0.188517764210701,3.212620496749878,-0.39818599820137024,4.004814147949219,0.6261960864067078,6.570410251617432,4.083401203155518,5.087399482727051,2.0249505043029785,3.076812505722046
884,waveyy - Meme Song.mp3,-159.588623046875,97.84778594970703,59.4498291015625,37.95835494995117,15.354316711425781,17.66712760925293,-1.3441951274871826,-7.753684997558594,-1.4440155029296875,-3.005155563354492,5.538844108581543,4.220681190490723,9.282214164733887,11.853938102722168,1.1221901178359985,1.8043018579483032,-0.6066226959228516,2.6611111164093018,2.501053810119629,4.394096851348877
885,Why Don-'t We - Something Different.mp3,-101.85527801513672,86.6668701171875,10.41434097290039,38.991310119628906,9.174056053161621,12.472698211669922,4.052423477172852,4.762190341949463,0.3821503520011902,3.1882479190826416,-2.22356915473938,1.379602313041687,-1.386046051979065,3.143249988555908,1.0938212871551514,3.07928466796875,1.9470806121826172,3.8874926567077637,1.083128809928894,3.464223861694336
886,Will Paquin - Chandelier.mp3,-79.52572631835938,80.73435974121094,-5.200931549072266,18.42488670349121,0.6505803465843201,-6.541443347930908,-14.535667419433594,-3.9667797088623047,-11.438044548034668,1.6126375198364258,-6.8900146484375,-2.4311723709106445,-5.508840084075928,1.7683124542236328,-4.035266399383545,1.7056257724761963,-3.4011454582214355,0.8261314034461975,-0.9016819596290588,1.909437656402588
887,Will Smith feat. DJ Khaled - Friend Like Me (End Title) my-free-mp3s.com .mp3,-67.87857055664062,85.18004608154297,0.2752021849155426,18.627979278564453,8.162585258483887,6.925992488861084,-5.906375885009766,4.6398420333862305,-7.327713966369629,4.4958577156066895,-0.9397796988487244,2.898693323135376,-4.156186103820801,1.2436609268188477,-5.55085563659668,2.4899094104766846,-4.259420871734619,-1.3346174955368042,-2.4687082767486572,-1.5576536655426025
888,Will Sparks feat. Aimee Dalton - Untouchable (feat. Aimee Dalton) my-free-mp3s.com .mp3,-40.774593353271484,69.32316589355469,0.10932733863592148,21.585590362548828,1.4281517267227173,-0.6668201088905334,3.029289960861206,-3.0487735271453857,-2.187777519226074,1.3449243307113647,-3.8549625873565674,2.899803876876831,-2.431699752807617,1.5696145296096802,-4.112726211547852,-0.31751468777656555,-3.802535057067871,0.4488403797149658,-3.415487766265869,3.080460548400879
889,William Basinski - dlp 1.2.mp3,-305.83599853515625,214.86544799804688,31.283748626708984,-2.0543370246887207,-3.6372170448303223,4.782060623168945,1.5083264112472534,-3.7770280838012695,-7.676990985870361,-8.240422248840332,-5.51240873336792,-2.5556163787841797,-2.2827296257019043,-4.081760883331299,-5.479647636413574,-6.7581095695495605,-8.235252380371094,-10.720264434814453,-9.489484786987305,-7.143437385559082
890,Woolley - Isolation.mp3,-74.43419647216797,92.12388610839844,-11.653926849365234,7.064589023590088,-11.082616806030273,-0.44580766558647156,-9.398660659790039,-0.7309837341308594,-4.3844146728515625,2.727806568145752,-0.7270850539207458,3.7826879024505615,1.3429168462753296,5.426442623138428,1.2696954011917114,3.1178817749023438,-1.6502271890640259,1.9896342754364014,-1.159471035003662,3.588590621948242
891,WRLD - Everything (feat. Ashdown).mp3,-78.03845977783203,92.16669464111328,11.950469017028809,3.660212516784668,-4.866244316101074,0.002460781717672944,-9.753308296203613,-2.3524861335754395,-10.791504859924316,-2.283479690551758,-7.746215343475342,-2.9440255165100098,-6.803016185760498,-3.2225141525268555,-5.4572434425354,-0.7882722616195679,-1.9801816940307617,1.8031961917877197,-2.9533069133758545,-0.10351064056158066
892,Xilent - The Darkness.mp3,1.7706823348999023,57.767822265625,0.11628332734107971,21.932640075683594,-0.5710305571556091,10.732464790344238,0.5646485686302185,6.84330940246582,0.8025076389312744,4.850665092468262,-1.4011683464050293,2.7321438789367676,-0.9787665009498596,2.9672701358795166,-2.547750234603882,4.15073299407959,1.3914763927459717,6.502553462982178,1.743519902229309,4.859078407287598
893,XXXTentacion - changes.mp3,-159.4285125732422,127.6385269165039,6.71518611907959,20.9885196685791,15.955103874206543,0.13253599405288696,-10.876373291015625,8.294205665588379,-21.945484161376953,10.057753562927246,-1.268073320388794,-9.137596130371094,1.7802355289459229,6.743650436401367,4.180590629577637,7.7279052734375,-0.724341869354248,-4.102558612823486,-2.487743377685547,-5.060970306396484
894,xxxtentacion - Ecstasy.mp3,-137.3805389404297,129.31039428710938,5.131413459777832,5.537603855133057,3.6443309783935547,3.2225327491760254,10.538354873657227,2.2734975814819336,6.4319024085998535,1.2922804355621338,-1.6420137882232666,0.4792865216732025,-1.2248719930648804,7.760009288787842,-2.0756168365478516,5.415497303009033,-2.310626983642578,-1.4748563766479492,-5.435801982879639,-4.540694236755371
895,Xxxtentacion - SAD! .mp3,-156.04002380371094,102.69120788574219,17.431827545166016,24.26749038696289,8.910187721252441,10.559977531433105,3.5904860496520996,7.8419413566589355,-3.2504665851593018,6.8011980056762695,-7.806715965270996,-1.0042920112609863,-2.8642611503601074,0.9169755578041077,-5.172388553619385,-2.201974391937256,-4.319859027862549,1.40683114528656,-1.499729871749878,-1.2192012071609497
896,y2mate.com - Mia REGINA  月海の揺り籠_320kbps.mp3,-186.6630859375,114.22891998291016,13.714695930480957,17.126190185546875,8.285529136657715,-4.1082868576049805,4.799520492553711,-3.8978071212768555,-4.3149943351745605,3.0080363750457764,-11.909126281738281,4.132540225982666,-3.408945083618164,5.179648399353027,0.025634868070483208,5.130040168762207,-0.5304650068283081,1.194050908088684,1.3564555644989014,0.4234907925128937
897,y2mate.com - 【Phoebe feat. Ahkomine】Recover Decoration リカバーデコレーション - Nisekoi ED 2 【歌ってみた】_kEzVLdl11iY.mp3,-95.00660705566406,76.48664855957031,17.87743377685547,20.27618980407715,4.960085868835449,8.108026504516602,2.281203269958496,6.741870880126953,5.156313896179199,-1.4969158172607422,-3.851520299911499,1.721030831336975,-0.48302099108695984,3.040579080581665,0.10976587235927582,2.0828912258148193,-0.5312779545783997,1.729462742805481,-0.5543830990791321,1.4290804862976074
898,yandere - garden of dreams.mp3,-151.99562072753906,123.66297149658203,-28.966365814208984,0.27814385294914246,-17.187253952026367,-0.13720722496509552,1.258703589439392,-4.823756694793701,-7.1364336013793945,1.5362061262130737,-4.134681701660156,1.6838182210922241,-1.9319390058517456,-1.231317400932312,-1.4958466291427612,3.2383198738098145,-4.3879594802856445,-5.449300765991211,-7.628979206085205,1.4793678522109985
899,Yas - empty crown.mp3,-150.07420349121094,127.62924194335938,8.349533081054688,32.473472595214844,-3.5940051078796387,1.8328546285629272,-2.658839225769043,-5.31244421005249,-0.21787987649440765,-1.948372721672058,-8.105183601379395,0.08992410451173782,-4.272276401519775,-1.4876073598861694,-1.5975117683410645,0.24609269201755524,-4.338126182556152,-5.064154148101807,-5.427122116088867,-3.8900046348571777
900,Yeah Yeah Yeahs - Heads Will Roll (Jaydon Lewis Remix) my-free-mp3s.com .mp3,-24.467451095581055,71.52079772949219,-15.084627151489258,15.151508331298828,0.48423394560813904,8.241072654724121,1.7701876163482666,9.320486068725586,-0.6729055643081665,1.7394806146621704,-1.8162840604782104,8.172271728515625,1.1798267364501953,3.9421279430389404,0.2609657645225525,5.506594181060791,1.1796387434005737,2.298546314239502,-2.250404119491577,2.4516310691833496
901,Yeakyung Chung - The Heist.mp3,-102.4206314086914,104.94271850585938,-25.5773868560791,37.689754486083984,-1.7646640539169312,10.13607406616211,0.8010574579238892,6.425492763519287,4.378341197967529,5.891199111938477,-0.3580472469329834,4.1746368408203125,-5.4170823097229,-4.242586612701416,3.0514347553253174,3.0785062313079834,-4.19353723526001,8.658899307250977,3.704516887664795,0.7197443842887878
902,Yeo Eun (Melody Day) - Holiday (OST My ID Is Gangnam Beauty) (1).mp3,-47.60946273803711,77.13917541503906,8.095020294189453,12.540328979492188,11.017326354980469,1.1144696474075317,3.277588129043579,2.0629801750183105,-0.6929382681846619,2.8390235900878906,-12.264466285705566,-2.1438517570495605,-9.76958179473877,-4.665494918823242,-1.5094774961471558,-1.1803802251815796,-1.7762362957000732,5.119173049926758,0.7948999404907227,6.000235080718994
903,you can do it! __ nagatoro lofi.mp3,-279.8250427246094,105.63838958740234,21.652578353881836,18.325084686279297,-20.89032745361328,-9.644216537475586,-10.522537231445312,-5.208163261413574,0.4292123019695282,0.5092450976371765,-2.8581650257110596,3.8927996158599854,-1.689024567604065,4.191065311431885,-0.31799572706222534,1.6121056079864502,-3.2278010845184326,1.0206248760223389,-2.451200008392334,-1.3373193740844727
904,YU HUI HYEON - Baksumudang Vincezo.mp3,-125.87864685058594,120.03652954101562,-13.46003532409668,17.605287551879883,-9.115307807922363,0.5214478373527527,-3.9381959438323975,-4.665838241577148,-4.742997169494629,7.295129776000977,-5.395884990692139,1.1925995349884033,-1.709416389465332,7.342831134796143,1.1355524063110352,6.01097297668457,-4.038241863250732,6.575711250305176,1.5295015573501587,6.390259265899658
905,Yusei - Aesthetic Girl.mp3,-196.55831909179688,161.87054443359375,-50.81049346923828,-9.26445198059082,-1.065885305404663,-16.416471481323242,-9.821690559387207,-18.069244384765625,-19.943235397338867,-13.290746688842773,-10.06309986114502,-11.212038040161133,-6.109613418579102,-2.0459818840026855,-0.48780059814453125,1.0797264575958252,-0.5628970861434937,0.33627811074256897,0.3279604911804199,-1.1851825714111328
906,Yves V - Durga.mp3,-43.930145263671875,71.79336547851562,-7.551868915557861,12.535416603088379,-3.1877646446228027,11.361088752746582,3.500182867050171,4.073739051818848,1.7222442626953125,11.413440704345703,2.141462802886963,13.23848819732666,1.9047353267669678,6.117817401885986,0.8769143223762512,2.448065996170044,1.1588143110275269,4.974693298339844,-0.7509504556655884,7.939834117889404
907,Yves V - Echo.mp3,-60.504859924316406,89.02890014648438,20.588314056396484,12.967120170593262,12.667623519897461,10.865681648254395,-0.3840266466140747,15.233478546142578,1.0587475299835205,5.68707799911499,-0.6398306488990784,4.7844624519348145,0.054533958435058594,2.909834861755371,2.536013603210449,5.830302715301514,-4.936283111572266,3.3875927925109863,1.3878024816513062,7.506324291229248
908,Yves V - High Like This.mp3,-42.49831771850586,109.95629119873047,2.623072862625122,15.455645561218262,6.740405082702637,16.81741714477539,-0.6495029330253601,7.2842326164245605,0.3114999830722809,2.5181286334991455,1.3643430471420288,8.581624984741211,-2.0205376148223877,1.1528772115707397,-1.3652987480163574,3.0945160388946533,-4.728565216064453,1.9603557586669922,-1.5329400300979614,0.35151419043540955
909,Yves V - Home Now (feat. Alida).mp3,-26.050111770629883,67.48905944824219,13.536980628967285,14.758584022521973,2.9828100204467773,10.410332679748535,3.420943260192871,1.1025160551071167,5.872524738311768,3.6782116889953613,-4.252856254577637,3.075333833694458,-3.4960553646087646,5.621791839599609,-3.60426664352417,1.526417851448059,-2.0542545318603516,0.019112879410386086,1.6148614883422852,3.6002695560455322
910,Yves V - My Friend my-free-mp3s.com .mp3,-33.75475311279297,78.51288604736328,12.748435020446777,25.28998565673828,5.43267822265625,7.069918155670166,1.3834929466247559,5.744149208068848,0.5018563270568848,2.763272523880005,-6.69394588470459,1.6484633684158325,-4.470221996307373,3.422078847885132,-2.4222025871276855,2.2673842906951904,-2.0926334857940674,1.5829317569732666,-1.0319675207138062,-0.004461084958165884
911,Yves V _u0026 Futuristic Polar Bears - Running Wild (feat. PollyAnna) [Official Lyric Video]-1.mp3,-35.1977424621582,74.01373291015625,-0.5421575307846069,20.43896484375,2.257248640060425,12.679051399230957,5.512267112731934,5.9358978271484375,6.56776762008667,4.710058689117432,-0.5865848064422607,2.8472001552581787,-0.3951646387577057,4.174166679382324,-0.5781797170639038,5.161355495452881,-0.32310163974761963,3.265554904937744,0.05121901258826256,2.246763229370117
912,Zaeden feat. Rupee - Tempted To Touch my-free-mp3s.com .mp3,-82.28438568115234,82.61371612548828,2.3359360694885254,16.120250701904297,5.785778999328613,7.777297496795654,-2.1692557334899902,3.8599464893341064,-11.138834953308105,10.214134216308594,-4.478161334991455,2.614388942718506,-3.1140635013580322,1.5490695238113403,-0.7272322773933411,-1.202297568321228,-1.3178634643554688,4.582896709442139,1.2935764789581299,3.3407111167907715
913,Zara Larsson - WOW.mp3,-93.87411499023438,106.45806884765625,-3.6022884845733643,18.514446258544922,-6.772256374359131,-2.0997767448425293,4.4181342124938965,-4.766200065612793,7.129435062408447,-1.2750858068466187,-2.541134834289551,-0.25717175006866455,-0.3508313298225403,4.9475321769714355,-2.2693660259246826,1.5415171384811401,-0.3453490436077118,-1.6769819259643555,-3.595280647277832,0.9702269434928894
914,"ZAYN, Zhavia Ward - A Whole New World (Lyrics) (End Title) (From Aladdin).mp3",-127.37181854248047,93.0542984008789,9.046440124511719,27.736175537109375,11.877490997314453,11.257034301757812,1.7751775979995728,4.942418575286865,0.4734852612018585,8.284343719482422,0.8542029857635498,1.5813804864883423,-0.7443415522575378,2.18890380859375,-2.591940402984619,-0.7557870149612427,-3.334059953689575,2.8310647010803223,-1.1945606470108032,3.0411605834960938
915,ZEDD - Adrenaline.mp3,-7.5875420570373535,62.15046310424805,2.140340805053711,7.002989292144775,-1.8824044466018677,3.5932722091674805,-3.7521395683288574,4.068338394165039,-0.31599223613739014,6.5828094482421875,0.2853798568248749,1.6920820474624634,-3.038017749786377,2.6162867546081543,-0.21071048080921173,3.1845834255218506,0.4147377014160156,5.369085311889648,1.1541444063186646,5.372313976287842
916,ZEDD - Beautiful Now.mp3,-12.676196098327637,82.50800323486328,-0.8234732151031494,9.119414329528809,7.896378517150879,3.677161931991577,-1.3652695417404175,1.7868964672088623,-2.08314847946167,4.215697288513184,-1.2764334678649902,2.6446757316589355,-6.2978386878967285,-2.009455919265747,-2.0109951496124268,-1.855376124382019,-6.325046062469482,0.7675638198852539,-7.4482808113098145,-1.287772297859192
917,Zeds dead - Feel So (feat. Fiora).mp3,-79.56698608398438,82.70940399169922,15.41714096069336,22.189468383789062,1.89946448802948,12.294596672058105,2.040832757949829,9.569998741149902,1.6615277528762817,7.427736759185791,1.5026016235351562,4.238794326782227,-1.1752792596817017,6.370372772216797,2.7548394203186035,5.821168899536133,2.095097780227661,5.1373724937438965,-0.5374773740768433,4.546244144439697
918,Zeeland - Show Me.mp3,-200.72677612304688,141.09226989746094,-11.33585262298584,7.936134338378906,11.403653144836426,1.1531651020050049,-11.943448066711426,-7.707878589630127,-9.248872756958008,-10.290435791015625,-11.124221801757812,-7.83972692489624,-3.7174623012542725,-0.4016178846359253,0.7109132409095764,1.9765479564666748,-0.07207006961107254,-2.987185001373291,-0.5548519492149353,7.181662559509277
919,Zen-it - Wave.mp3,-15.759567260742188,75.64610290527344,8.062849044799805,26.75794219970703,7.434014320373535,14.771442413330078,2.0136191844940186,9.098631858825684,0.08350647240877151,4.08621072769165,-2.4200527667999268,2.2104718685150146,-0.7023026943206787,3.858228921890259,1.9020785093307495,5.744140148162842,-1.1646658182144165,0.8098478317260742,-0.7145044207572937,2.0015108585357666
920,Zes - 4D.mp3,-132.39297485351562,110.04277801513672,3.5816376209259033,24.005863189697266,6.544086456298828,10.460040092468262,-0.35142552852630615,4.141613006591797,-1.7043498754501343,-0.9263725280761719,-5.885962009429932,-0.09665186703205109,-2.963230609893799,2.4383163452148438,1.172231912612915,2.1217215061187744,-0.21678948402404785,2.7144601345062256,-2.4528121948242188,-3.9565961360931396
921,Zes - Alright.mp3,-158.25730895996094,117.04297637939453,18.698394775390625,26.13585662841797,8.56295108795166,15.469829559326172,0.7546696066856384,3.668501853942871,-7.968271255493164,-1.6076363325119019,-3.0524542331695557,0.5055030584335327,-6.595125675201416,0.08947350084781647,-0.5399075150489807,2.193002939224243,1.0248123407363892,3.734079122543335,-2.65836501121521,-0.8367053270339966
922,Zes - Dive.mp3,-157.2758026123047,114.64750671386719,-9.412653923034668,24.839311599731445,-0.4702640473842621,-8.069125175476074,-3.024693012237549,1.024518370628357,-6.967511177062988,7.432653903961182,0.6481819152832031,-6.886199951171875,-13.413930892944336,-1.754186987876892,-2.1335535049438477,2.2026255130767822,2.200502872467041,3.0680131912231445,-0.4031258523464203,6.5700883865356445
923,Zes - Juniper.mp3,-162.45751953125,140.27525329589844,-8.135613441467285,15.242257118225098,2.727365493774414,1.190624713897705,-5.84766960144043,-2.0924129486083984,-12.783111572265625,-2.9948363304138184,-2.9560627937316895,-4.836115837097168,-8.369102478027344,-6.459232330322266,-3.2434115409851074,-3.052212715148926,-3.4693188667297363,0.4014202952384949,-4.176513671875,-5.138290882110596
924,Zomboy - Born To Survive.mp3,1.6696889400482178,73.33431243896484,-8.922379493713379,17.93374252319336,-3.017120361328125,9.036620140075684,1.1392019987106323,8.27765941619873,2.0992307662963867,8.502973556518555,4.2094621658325195,5.089131832122803,1.038432002067566,5.6785197257995605,2.474973440170288,4.429996490478516,0.27341723442077637,3.662670850753784,-0.6677652597427368,3.3011748790740967
925,Zomboy - Lone Wolf.mp3,-17.74639129638672,79.80095672607422,-19.92801856994629,11.098852157592773,-1.5497022867202759,11.214600563049316,1.7042124271392822,8.176126480102539,0.9930881261825562,-0.9344590306282043,-2.976802110671997,1.6206783056259155,-0.5860986709594727,3.775498867034912,-0.19383735954761505,4.123961925506592,-1.2460453510284424,2.531374216079712,0.11994508653879166,5.7119855880737305
926,Zonderling - Lifetime (feat.  Josh Cumbee) my-free-mp3s.com .mp3,-114.25142669677734,107.41565704345703,6.876988410949707,15.895679473876953,6.948770999908447,9.759888648986816,3.1196346282958984,5.1623148918151855,1.439446210861206,1.8639589548110962,-6.582300662994385,-1.7818176746368408,-5.512793064117432,2.358994483947754,1.1398886442184448,4.617786407470703,-1.859809398651123,4.35884428024292,0.6314990520477295,0.23670706152915955
927,Zonderling - No Good.mp3,-44.5776481628418,94.32296752929688,-4.591119766235352,19.05068016052246,-2.2232961654663086,6.412436008453369,-1.2973291873931885,5.225329875946045,-6.76225471496582,2.6385185718536377,-1.6659891605377197,2.5863280296325684,-1.6060901880264282,3.5517961978912354,-0.8091655969619751,3.370039463043213,0.3822246789932251,4.034247398376465,0.18398883938789368,4.181095123291016
928,𝐬𝐲𝐤𝐨 - 𝐛𝐫𝐨𝐨𝐤𝐥𝐲𝐧𝐛𝐥𝐨𝐨𝐝𝐩𝐨𝐩 [𝐒𝐥𝐨𝐰𝐞𝐝  𝐑𝐞𝐯𝐞𝐫𝐛].mp3,-153.4161834716797,133.0838623046875,2.785309076309204,6.116282939910889,2.1312923431396484,12.050841331481934,-0.07471563667058945,2.725414752960205,-1.6565459966659546,12.29330062866211,8.622984886169434,4.541975498199463,-3.666517972946167,0.5343444347381592,-1.6278966665267944,1.8889716863632202,-1.5918245315551758,2.2333383560180664,0.8911587595939636,3.323347568511963
